file_path,filename,original_filename,segment_index,rms,zcr,spectral_flatness,kurtosis,skewness
/Users/yunhwang/Desktop/Stethoscope_Project/Audio shared/ML test sound list/RAW sound_ML test sound list/KP001_WWS.wav,KP001_WWS_seg1,KP001_WWS.wav,0,0.08804357,0.015322359225239616,4.2739016e-06,9.320391314166722,-0.1520382545252629
/Users/yunhwang/Desktop/Stethoscope_Project/Audio shared/ML test sound list/RAW sound_ML test sound list/KP001_WWS.wav,KP001_WWS_seg2,KP001_WWS.wav,1,0.08943097,0.014197596345846645,5.0800068e-06,11.710414527768416,-0.07015876908141591
/Users/yunhwang/Desktop/Stethoscope_Project/Audio shared/ML test sound list/RAW sound_ML test sound list/KP001_WWS.wav,KP001_WWS_seg3,KP001_WWS.wav,2,0.024373522,0.007923260283546327,1.3010469e-05,30.557371928934998,0.6454668635219799
/Users/yunhwang/Desktop/Stethoscope_Project/Audio shared/ML test sound list/RAW sound_ML test sound list/KP011_WWS.wav,KP011_WWS_seg1,KP011_WWS.wav,0,0.09175709,0.010289786341853036,7.92322e-06,2.3079401297966973,0.046896516141545545
/Users/yunhwang/Desktop/Stethoscope_Project/Audio shared/ML test sound list/RAW sound_ML test sound list/KP011_WWS.wav,KP011_WWS_seg2,KP011_WWS.wav,1,0.097653024,0.011108788438498402,7.2303646e-06,1.9213620717313136,-0.050739111282077885
/Users/yunhwang/Desktop/Stethoscope_Project/Audio shared/ML test sound list/RAW sound_ML test sound list/KP011_WWS.wav,KP011_WWS_seg3,KP011_WWS.wav,2,0.08847002,0.010640787240415336,8.905536e-06,1.1627460689885805,0.04573570748325447
/Users/yunhwang/Desktop/Stethoscope_Project/Audio shared/ML test sound list/RAW sound_ML test sound list/WEBSS-005 TP6_seg-1.wav,WEBSS-005 TP6_seg-1_seg1,WEBSS-005 TP6_seg-1.wav,0,0.15005669,0.01954997004792332,1.1872429e-05,1.4074735708596826,-0.08005550423216398
/Users/yunhwang/Desktop/Stethoscope_Project/Audio shared/ML test sound list/RAW sound_ML test sound list/WEBSS-005 TP6_seg-1.wav,WEBSS-005 TP6_seg-1_seg2,WEBSS-005 TP6_seg-1.wav,1,0.11928187,0.017598405051916934,3.0372446e-05,1.3307927793163463,-0.008189988739184018
/Users/yunhwang/Desktop/Stethoscope_Project/Audio shared/ML test sound list/RAW sound_ML test sound list/WEBSS-005 TP6_seg-1.wav,WEBSS-005 TP6_seg-1_seg3,WEBSS-005 TP6_seg-1.wav,2,0.13809912,0.01911316892971246,4.8011298e-05,2.318509758127692,-0.10076258113776974
/Users/yunhwang/Desktop/Stethoscope_Project/Audio shared/ML test sound list/RAW sound_ML test sound list/KP008_WWS.wav,KP008_WWS_seg1,KP008_WWS.wav,0,0.14403404,0.011765550119808307,7.296497e-06,2.1971265800996935,-0.07247283597193205
/Users/yunhwang/Desktop/Stethoscope_Project/Audio shared/ML test sound list/RAW sound_ML test sound list/KP008_WWS.wav,KP008_WWS_seg2,KP008_WWS.wav,1,0.13897112,0.01052534694488818,2.9437406e-06,3.1125179286618403,-0.0030888548041795826
/Users/yunhwang/Desktop/Stethoscope_Project/Audio shared/ML test sound list/RAW sound_ML test sound list/KP008_WWS.wav,KP008_WWS_seg3,KP008_WWS.wav,2,0.13867901,0.010785867611821086,6.130797e-07,2.8769838031484696,-0.08495722276792574
/Users/yunhwang/Desktop/Stethoscope_Project/Audio shared/ML test sound list/RAW sound_ML test sound list/KP009_WWS.wav,KP009_WWS_seg1,KP009_WWS.wav,0,0.098017745,0.0054412939297124605,2.600497e-06,2.7612622153644715,-0.10429638267326252
/Users/yunhwang/Desktop/Stethoscope_Project/Audio shared/ML test sound list/RAW sound_ML test sound list/KP009_WWS.wav,KP009_WWS_seg2,KP009_WWS.wav,1,0.087601535,0.0053118135982428115,7.7730165e-06,3.6000188024283046,0.09731031937968425
/Users/yunhwang/Desktop/Stethoscope_Project/Audio shared/ML test sound list/RAW sound_ML test sound list/KP009_WWS.wav,KP009_WWS_seg3,KP009_WWS.wav,2,0.09081623,0.005305573582268371,3.5970053e-05,2.590041161922363,0.004020552701667582
/Users/yunhwang/Desktop/Stethoscope_Project/Audio shared/ML test sound list/RAW sound_ML test sound list/KP010_WWS.wav,KP010_WWS_seg1,KP010_WWS.wav,0,0.13294202,0.010258586261980831,1.6052321e-05,3.1078464717625858,0.24826540964031418
/Users/yunhwang/Desktop/Stethoscope_Project/Audio shared/ML test sound list/RAW sound_ML test sound list/KP010_WWS.wav,KP010_WWS_seg2,KP010_WWS.wav,1,0.11472198,0.008838982627795528,1.6125472e-05,1.557961731533684,0.19734194472992025
/Users/yunhwang/Desktop/Stethoscope_Project/Audio shared/ML test sound list/RAW sound_ML test sound list/KP010_WWS.wav,KP010_WWS_seg3,KP010_WWS.wav,2,0.107809685,0.008842102635782747,2.2532074e-06,0.49308051217333615,-0.014801116086807089
/Users/yunhwang/Desktop/Stethoscope_Project/Audio shared/ML test sound list/RAW sound_ML test sound list/H004.wav,H004_seg1,H004.wav,0,0.010168758,0.009863905251597443,1.7365073e-05,2.1608042266216954,0.07634184133820716
/Users/yunhwang/Desktop/Stethoscope_Project/Audio shared/ML test sound list/RAW sound_ML test sound list/H004.wav,H004_seg2,H004.wav,1,0.014350452,0.010455146765175718,1.1777759e-05,0.7203053240593333,0.047967450488334555
/Users/yunhwang/Desktop/Stethoscope_Project/Audio shared/ML test sound list/RAW sound_ML test sound list/H004.wav,H004_seg3,H004.wav,2,0.016217057,0.01045358676118211,3.6802235e-06,0.5620137975801698,0.029873171456162806
/Users/yunhwang/Desktop/Stethoscope_Project/Audio shared/ML test sound list/RAW sound_ML test sound list/WEBSS-007 TP4_seg-1.wav,WEBSS-007 TP4_seg-1_seg1,WEBSS-007 TP4_seg-1.wav,0,0.034343485,0.017177203973642172,1.2832336e-05,137.60535484876743,-3.4712431917573605
/Users/yunhwang/Desktop/Stethoscope_Project/Audio shared/ML test sound list/RAW sound_ML test sound list/WEBSS-007 TP4_seg-1.wav,WEBSS-007 TP4_seg-1_seg2,WEBSS-007 TP4_seg-1.wav,1,0.020937145,0.017061763678115016,1.7421567e-05,44.896654803092176,0.2122538772666981
/Users/yunhwang/Desktop/Stethoscope_Project/Audio shared/ML test sound list/RAW sound_ML test sound list/WEBSS-007 TP4_seg-1.wav,WEBSS-007 TP4_seg-1_seg3,WEBSS-007 TP4_seg-1.wav,2,0.027506035,0.020278491912939296,1.6009415e-05,75.75994195466392,-0.20959132455350252
/Users/yunhwang/Desktop/Stethoscope_Project/Audio shared/ML test sound list/RAW sound_ML test sound list/KP003_WWS_2.wav,KP003_WWS_2_seg1,KP003_WWS_2.wav,0,0.045394357,0.009300743809904153,3.27191e-05,58.49457152855684,-1.0983210851997751
/Users/yunhwang/Desktop/Stethoscope_Project/Audio shared/ML test sound list/RAW sound_ML test sound list/KP003_WWS_2.wav,KP003_WWS_2_seg2,KP003_WWS_2.wav,1,0.034117028,0.007859300119808307,4.7055393e-05,1.3854009791348538,0.13721281052056353
/Users/yunhwang/Desktop/Stethoscope_Project/Audio shared/ML test sound list/RAW sound_ML test sound list/KP003_WWS_2.wav,KP003_WWS_2_seg3,KP003_WWS_2.wav,2,0.072102755,0.00927422374201278,2.8465543e-06,31.99269988116597,0.5577148541292427
/Users/yunhwang/Desktop/Stethoscope_Project/Audio shared/ML test sound list/RAW sound_ML test sound list/KP002_WWS.wav,KP002_WWS_seg1,KP002_WWS.wav,0,0.056113195,0.004416371305910543,1.711483e-05,8.566009419394867,-0.4848136677116046
/Users/yunhwang/Desktop/Stethoscope_Project/Audio shared/ML test sound list/RAW sound_ML test sound list/KP002_WWS.wav,KP002_WWS_seg2,KP002_WWS.wav,1,0.026515273,0.004940532647763578,9.7038865e-06,-0.2726711463633906,-0.1163044567487104
/Users/yunhwang/Desktop/Stethoscope_Project/Audio shared/ML test sound list/RAW sound_ML test sound list/KP002_WWS.wav,KP002_WWS_seg3,KP002_WWS.wav,2,0.026079874,0.005289973542332268,8.7225235e-06,-0.1021257126185402,0.0011404535462185572
/Users/yunhwang/Desktop/Stethoscope_Project/Audio shared/ML test sound list/RAW sound_ML test sound list/KP003_WWS_1.wav,KP003_WWS_1_seg1,KP003_WWS_1.wav,0,0.0034763538,0.01213215105830671,5.3725166e-06,22.358748477812405,-0.34692945527223695
/Users/yunhwang/Desktop/Stethoscope_Project/Audio shared/ML test sound list/RAW sound_ML test sound list/KP003_WWS_1.wav,KP003_WWS_1_seg2,KP003_WWS_1.wav,1,0.0029638903,0.01535355930511182,1.0942739e-06,3.508728786883016,0.22705085881864692
/Users/yunhwang/Desktop/Stethoscope_Project/Audio shared/ML test sound list/RAW sound_ML test sound list/KP003_WWS_1.wav,KP003_WWS_1_seg3,KP003_WWS_1.wav,2,0.023818249,0.011932470547124601,1.9359986e-06,654.0678314861481,-2.8277365143174107
/Users/yunhwang/Desktop/Stethoscope_Project/Audio shared/ML test sound list/RAW sound_ML test sound list/H002.wav,H002_seg1,H002.wav,0,0.014184785,0.006747017272364217,4.088274e-06,19.033210524296837,0.5380622436514625
/Users/yunhwang/Desktop/Stethoscope_Project/Audio shared/ML test sound list/RAW sound_ML test sound list/H002.wav,H002_seg2,H002.wav,1,0.015061134,0.007859300119808307,2.7208036e-05,1022.6239882464083,11.996370330939163
/Users/yunhwang/Desktop/Stethoscope_Project/Audio shared/ML test sound list/RAW sound_ML test sound list/H002.wav,H002_seg3,H002.wav,2,0.010467421,0.007367898861821086,5.147054e-05,0.12384891260091635,0.07458839606295443
/Users/yunhwang/Desktop/Stethoscope_Project/Audio shared/ML test sound list/RAW sound_ML test sound list/H003.wav,H003_seg1,H003.wav,0,0.11372944,0.00606841553514377,1.3535232e-05,9.997595482599683,-0.09872306755321134
/Users/yunhwang/Desktop/Stethoscope_Project/Audio shared/ML test sound list/RAW sound_ML test sound list/H003.wav,H003_seg2,H003.wav,1,0.11114762,0.006255616014376996,8.649886e-06,10.515094488901772,-0.4904496896195956
/Users/yunhwang/Desktop/Stethoscope_Project/Audio shared/ML test sound list/RAW sound_ML test sound list/H003.wav,H003_seg3,H003.wav,2,0.114705175,0.006201015874600639,1.2823328e-06,9.873012830631522,-0.008947989501826641
/Users/yunhwang/Desktop/Stethoscope_Project/Audio shared/ML test sound list/RAW sound_ML test sound list/H001.wav,H001_seg1,H001.wav,0,0.109088026,0.00913538338658147,4.0511422e-06,3.6116948126631003,-0.30308461913759005
/Users/yunhwang/Desktop/Stethoscope_Project/Audio shared/ML test sound list/RAW sound_ML test sound list/H001.wav,H001_seg2,H001.wav,1,0.11797567,0.009224303614217253,2.2095684e-05,2.6243490024395557,-0.10087041939157883
/Users/yunhwang/Desktop/Stethoscope_Project/Audio shared/ML test sound list/RAW sound_ML test sound list/H001.wav,H001_seg3,H001.wav,2,0.1181921,0.008987183007188499,1.119971e-05,3.368622824810781,0.1393224737076201
/Users/yunhwang/Desktop/Stethoscope_Project/Audio shared/ML test sound list/RAW sound_ML test sound list/WEBSS-005 TP1_seg-1.wav,WEBSS-005 TP1_seg-1_seg1,WEBSS-005 TP1_seg-1.wav,0,0.12891434,0.0276947508985623,1.714914e-05,2.0834953392486417,0.10588956557435365
/Users/yunhwang/Desktop/Stethoscope_Project/Audio shared/ML test sound list/RAW sound_ML test sound list/WEBSS-005 TP1_seg-1.wav,WEBSS-005 TP1_seg-1_seg2,WEBSS-005 TP1_seg-1.wav,1,0.17002316,0.025351624900159745,9.015368e-06,1.847304089291005,0.0033380842958059603
/Users/yunhwang/Desktop/Stethoscope_Project/Audio shared/ML test sound list/RAW sound_ML test sound list/WEBSS-005 TP1_seg-1.wav,WEBSS-005 TP1_seg-1_seg3,WEBSS-005 TP1_seg-1.wav,2,0.14873552,0.026864828773961662,4.7101375e-06,2.0608557211993155,-0.06530460107739211
/Users/yunhwang/Desktop/Stethoscope_Project/Audio shared/ML test sound list/RAW sound_ML test sound list/WEBSS-007 TP7_seg-1.wav,WEBSS-007 TP7_seg-1_seg1,WEBSS-007 TP7_seg-1.wav,0,0.120501034,0.020548372603833867,4.4297963e-06,8.824477195977007,0.6064864033127918
/Users/yunhwang/Desktop/Stethoscope_Project/Audio shared/ML test sound list/RAW sound_ML test sound list/WEBSS-007 TP7_seg-1.wav,WEBSS-007 TP7_seg-1_seg2,WEBSS-007 TP7_seg-1.wav,1,0.11597363,0.02428302216453674,5.9500862e-06,7.017405490747782,0.18850597503775668
/Users/yunhwang/Desktop/Stethoscope_Project/Audio shared/ML test sound list/RAW sound_ML test sound list/WEBSS-007 TP7_seg-1.wav,WEBSS-007 TP7_seg-1_seg3,WEBSS-007 TP7_seg-1.wav,2,0.16360031,0.02240633736022364,2.057069e-06,8.018363326630828,0.22561785326329442
/Users/yunhwang/Desktop/Stethoscope_Project/Audio shared/ML test sound list/RAW sound_ML test sound list/KP006_WWS.wav,KP006_WWS_seg1,KP006_WWS.wav,0,0.030102078,0.005088733027156549,3.7088572e-05,3.3509790410949387,0.2669161951066427
/Users/yunhwang/Desktop/Stethoscope_Project/Audio shared/ML test sound list/RAW sound_ML test sound list/KP006_WWS.wav,KP006_WWS_seg2,KP006_WWS.wav,1,0.033623416,0.00474241214057508,3.3198035e-06,19.2460750970909,-0.018295197079263047
/Users/yunhwang/Desktop/Stethoscope_Project/Audio shared/ML test sound list/RAW sound_ML test sound list/KP006_WWS.wav,KP006_WWS_seg3,KP006_WWS.wav,2,0.026950592,0.0049530126797124605,1.2427407e-05,6.488589276482671,0.4280218357149631
/Users/yunhwang/Desktop/Stethoscope_Project/Audio shared/ML test sound list/RAW sound_ML test sound list/WEBSS-007 TP1_seg-1.wav,WEBSS-007 TP1_seg-1_seg1,WEBSS-007 TP1_seg-1.wav,0,0.087682195,0.02184161591453674,5.0363055e-06,7.884135644686671,0.21022884697548014
/Users/yunhwang/Desktop/Stethoscope_Project/Audio shared/ML test sound list/RAW sound_ML test sound list/WEBSS-007 TP1_seg-1.wav,WEBSS-007 TP1_seg-1_seg2,WEBSS-007 TP1_seg-1.wav,1,0.09988093,0.02267777805511182,1.6563075e-05,20.950760094082383,-0.09917170813971525
/Users/yunhwang/Desktop/Stethoscope_Project/Audio shared/ML test sound list/RAW sound_ML test sound list/WEBSS-007 TP1_seg-1.wav,WEBSS-007 TP1_seg-1_seg3,WEBSS-007 TP1_seg-1.wav,2,0.07344356,0.022495257587859425,1.4269266e-05,10.273809703376614,-0.23878040435290915
/Users/yunhwang/Desktop/Stethoscope_Project/Audio shared/ML test sound list/RAW sound_ML test sound list/WEBSS-003 TP1_seg-1.wav,WEBSS-003 TP1_seg-1_seg1,WEBSS-003 TP1_seg-1.wav,0,0.076901734,0.012166471146166135,9.115827e-06,15.340827487337716,0.48136989131586233
/Users/yunhwang/Desktop/Stethoscope_Project/Audio shared/ML test sound list/RAW sound_ML test sound list/WEBSS-003 TP1_seg-1.wav,WEBSS-003 TP1_seg-1_seg2,WEBSS-003 TP1_seg-1.wav,1,0.07224837,0.010665747304313099,2.7588203e-05,11.563467588025851,0.41743817073619505
/Users/yunhwang/Desktop/Stethoscope_Project/Audio shared/ML test sound list/RAW sound_ML test sound list/WEBSS-003 TP1_seg-1.wav,WEBSS-003 TP1_seg-1_seg3,WEBSS-003 TP1_seg-1.wav,2,0.08031243,0.019213009185303515,1.37554935e-05,10.630487183023988,0.1779073583745423
/Users/yunhwang/Desktop/Stethoscope_Project/Audio shared/ML test sound list/RAW sound_ML test sound list/KP012_WWS_2.wav,KP012_WWS_2_seg1,KP012_WWS_2.wav,0,0.09294061,0.004957692691693291,2.1346207e-06,4.436339176460436,-0.0441565923746902
/Users/yunhwang/Desktop/Stethoscope_Project/Audio shared/ML test sound list/RAW sound_ML test sound list/KP012_WWS_2.wav,KP012_WWS_2_seg2,KP012_WWS_2.wav,1,0.079220936,0.005349253694089457,1.8781438e-05,1.1719657045014387,-0.007994199149167013
/Users/yunhwang/Desktop/Stethoscope_Project/Audio shared/ML test sound list/RAW sound_ML test sound list/KP012_WWS_2.wav,KP012_WWS_2_seg3,KP012_WWS_2.wav,2,0.08129495,0.0053944938099041535,1.7831738e-06,3.753763590268755,0.17057341413107974
/Users/yunhwang/Desktop/Stethoscope_Project/Audio shared/ML test sound list/RAW sound_ML test sound list/KP007_WWS.wav,KP007_WWS_seg1,KP007_WWS.wav,0,0.09940362,0.004864092452076678,5.0907103e-05,2.4771235452607794,0.14558348550937436
/Users/yunhwang/Desktop/Stethoscope_Project/Audio shared/ML test sound list/RAW sound_ML test sound list/KP007_WWS.wav,KP007_WWS_seg2,KP007_WWS.wav,1,0.11423417,0.004987332767571885,1.24063135e-05,3.4281945648163674,0.07790519159509614
/Users/yunhwang/Desktop/Stethoscope_Project/Audio shared/ML test sound list/RAW sound_ML test sound list/KP007_WWS.wav,KP007_WWS_seg3,KP007_WWS.wav,2,0.09378334,0.005221333366613418,2.2732038e-05,3.6826901390359223,0.08673588255144622
/Users/yunhwang/Desktop/Stethoscope_Project/Audio shared/ML test sound list/RAW sound_ML test sound list/WEBSS-002 TP 3_seg-1.wav,WEBSS-002 TP 3_seg-1_seg1,WEBSS-002 TP 3_seg-1.wav,0,0.14195023,0.01025702625798722,4.3467397e-05,2.320151724352293,-0.14485234176498454
/Users/yunhwang/Desktop/Stethoscope_Project/Audio shared/ML test sound list/RAW sound_ML test sound list/WEBSS-002 TP 3_seg-1.wav,WEBSS-002 TP 3_seg-1_seg2,WEBSS-002 TP 3_seg-1.wav,1,0.13756225,0.009779665035942492,6.2634754e-06,3.0826759933588814,0.02718672998263886
/Users/yunhwang/Desktop/Stethoscope_Project/Audio shared/ML test sound list/RAW sound_ML test sound list/WEBSS-002 TP 3_seg-1.wav,WEBSS-002 TP 3_seg-1_seg3,WEBSS-002 TP 3_seg-1.wav,2,0.1362946,0.009778105031948882,7.00712e-06,2.209794360413964,0.09306590379625045
/Users/yunhwang/Desktop/Stethoscope_Project/Audio shared/ML test sound list/RAW sound_ML test sound list/WEBSS-003 TP3 _seg-1.wav,WEBSS-003 TP3 _seg-1_seg1,WEBSS-003 TP3 _seg-1.wav,0,0.06195396,0.013177353734025558,9.198802e-06,11.153753399669595,-0.1029644549063841
/Users/yunhwang/Desktop/Stethoscope_Project/Audio shared/ML test sound list/RAW sound_ML test sound list/WEBSS-003 TP3 _seg-1.wav,WEBSS-003 TP3 _seg-1_seg2,WEBSS-003 TP3 _seg-1.wav,1,0.084759906,0.013419154353035144,4.3591035e-06,30.712297406656297,-0.022676436782419904
/Users/yunhwang/Desktop/Stethoscope_Project/Audio shared/ML test sound list/RAW sound_ML test sound list/WEBSS-003 TP3 _seg-1.wav,WEBSS-003 TP3 _seg-1_seg3,WEBSS-003 TP3 _seg-1.wav,2,0.05846754,0.013512754592651758,1.6442958e-05,0.8018293998407118,-0.061048189608578364
/Users/yunhwang/Desktop/Stethoscope_Project/Audio shared/ML test sound list/RAW sound_ML test sound list/KP012_WWS_1.wav,KP012_WWS_1_seg1,KP012_WWS_1.wav,0,0.061210744,0.006899897663738019,1.4286862e-05,4.867936167761368,-0.32284314324879176
/Users/yunhwang/Desktop/Stethoscope_Project/Audio shared/ML test sound list/RAW sound_ML test sound list/KP012_WWS_1.wav,KP012_WWS_1_seg2,KP012_WWS_1.wav,1,0.068568304,0.005814134884185303,2.2371833e-06,8.144791173554742,0.14137931741360585
/Users/yunhwang/Desktop/Stethoscope_Project/Audio shared/ML test sound list/RAW sound_ML test sound list/KP012_WWS_1.wav,KP012_WWS_1_seg3,KP012_WWS_1.wav,2,0.07114553,0.005856254992012779,5.6873746e-06,3.4545268999758925,-0.21767098611427166
/Users/yunhwang/Desktop/Stethoscope_Project/Audio shared/ML test sound list/RAW sound_ML test sound list/WEBSS-002 TP 4_seg-1.wav,WEBSS-002 TP 4_seg-1_seg1,WEBSS-002 TP 4_seg-1.wav,0,0.18356569,0.009191543530351438,2.9771392e-05,2.770768456358396,-0.27248395262417585
/Users/yunhwang/Desktop/Stethoscope_Project/Audio shared/ML test sound list/RAW sound_ML test sound list/WEBSS-002 TP 4_seg-1.wav,WEBSS-002 TP 4_seg-1_seg2,WEBSS-002 TP 4_seg-1.wav,1,0.18540607,0.007232178514376996,1.6922555e-05,2.568148959075897,-0.13788554280819615
/Users/yunhwang/Desktop/Stethoscope_Project/Audio shared/ML test sound list/RAW sound_ML test sound list/WEBSS-002 TP 4_seg-1.wav,WEBSS-002 TP 4_seg-1_seg3,WEBSS-002 TP 4_seg-1.wav,2,0.16275756,0.006912377695686901,8.1506296e-05,2.387651092155056,-0.1124888000601933
/Users/yunhwang/Desktop/Stethoscope_Project/Audio shared/ML test sound list/RAW sound_ML test sound list/WEBSS-006 TP3_seg-1.wav,WEBSS-006 TP3_seg-1_seg1,WEBSS-006 TP3_seg-1.wav,0,0.13592993,0.007915460263578275,2.010659e-05,4.774444904356359,0.07084267395871821
/Users/yunhwang/Desktop/Stethoscope_Project/Audio shared/ML test sound list/RAW sound_ML test sound list/WEBSS-006 TP3_seg-1.wav,WEBSS-006 TP3_seg-1_seg2,WEBSS-006 TP3_seg-1.wav,1,0.13336197,0.008102660742811501,6.101959e-06,1.6805993381976565,0.12172857231130878
/Users/yunhwang/Desktop/Stethoscope_Project/Audio shared/ML test sound list/RAW sound_ML test sound list/WEBSS-006 TP3_seg-1.wav,WEBSS-006 TP3_seg-1_seg3,WEBSS-006 TP3_seg-1.wav,2,0.13455088,0.006782897364217252,1.7296626e-06,2.370799804394199,0.06349617734103565
/Users/yunhwang/Desktop/Stethoscope_Project/Audio shared/ML test sound list/RAW sound_ML test sound list/KP005_WWS.wav,KP005_WWS_seg1,KP005_WWS.wav,0,0.15349306,0.0052400534145367415,1.7880817e-05,1.2144112397400137,0.05382586533306032
/Users/yunhwang/Desktop/Stethoscope_Project/Audio shared/ML test sound list/RAW sound_ML test sound list/KP005_WWS.wav,KP005_WWS_seg2,KP005_WWS.wav,1,0.1270642,0.005020092851437699,2.0986465e-05,0.5791998279468493,-0.11964816411017673
/Users/yunhwang/Desktop/Stethoscope_Project/Audio shared/ML test sound list/RAW sound_ML test sound list/KP005_WWS.wav,KP005_WWS_seg3,KP005_WWS.wav,2,0.14939219,0.005421013877795527,9.018268e-07,0.9699320660736457,-0.04713691151781458
/Users/yunhwang/Desktop/Stethoscope_Project/Audio shared/ML test sound list/RAW sound_ML test sound list/KP004_WWS.wav,KP004_WWS_seg1,KP004_WWS.wav,0,0.16627856,0.005071572983226837,8.865156e-06,2.145882425485003,0.08388390592734718
/Users/yunhwang/Desktop/Stethoscope_Project/Audio shared/ML test sound list/RAW sound_ML test sound list/KP004_WWS.wav,KP004_WWS_seg2,KP004_WWS.wav,1,0.17269854,0.0051105730830670925,1.183931e-05,1.5300645927366237,0.27066836349991863
/Users/yunhwang/Desktop/Stethoscope_Project/Audio shared/ML test sound list/RAW sound_ML test sound list/KP004_WWS.wav,KP004_WWS_seg3,KP004_WWS.wav,2,0.16524926,0.005048172923322684,5.695825e-06,1.7073552308433753,0.15037522407557574
/Users/yunhwang/Desktop/Stethoscope_Project/Audio shared/ML test sound list/RAW sound_ML test sound list/WEBSS-006 TP8_seg-1.wav,WEBSS-006 TP8_seg-1_seg1,WEBSS-006 TP8_seg-1.wav,0,0.15687573,0.008194700978434504,6.1492133e-06,1.989019864552973,-0.13412068197818863
/Users/yunhwang/Desktop/Stethoscope_Project/Audio shared/ML test sound list/RAW sound_ML test sound list/WEBSS-006 TP8_seg-1.wav,WEBSS-006 TP8_seg-1_seg2,WEBSS-006 TP8_seg-1.wav,1,0.14912686,0.006926417731629393,5.2105577e-05,1.5718646265312755,0.0016119295360578476
/Users/yunhwang/Desktop/Stethoscope_Project/Audio shared/ML test sound list/RAW sound_ML test sound list/WEBSS-006 TP8_seg-1.wav,WEBSS-006 TP8_seg-1_seg3,WEBSS-006 TP8_seg-1.wav,2,0.14306334,0.005726774660543131,1.1706464e-05,1.7576948867555586,0.044600377255342674
