logmel_0,logmel_1,logmel_2,logmel_3,logmel_4,logmel_5,logmel_6,logmel_7,logmel_8,logmel_9,logmel_10,logmel_11,logmel_12,logmel_13,logmel_14,logmel_15,logmel_16,logmel_17,logmel_18,logmel_19,logmel_20,logmel_21,logmel_22,logmel_23,logmel_24,logmel_25,logmel_26,logmel_27,logmel_28,logmel_29,logmel_30,logmel_31,logmel_32,logmel_33,logmel_34,logmel_35,logmel_36,logmel_37,logmel_38,logmel_39,logmel_40,logmel_41,logmel_42,logmel_43,logmel_44,logmel_45,logmel_46,logmel_47,logmel_48,logmel_49,logmel_50,logmel_51,logmel_52,logmel_53,logmel_54,logmel_55,logmel_56,logmel_57,logmel_58,logmel_59,logmel_60,logmel_61,logmel_62,logmel_63,file_path,filename
-25.491533823744213,-28.03147949291439,-32.86065387735752,-37.75637409689798,-41.97381768884585,-46.51602852225762,-50.489814426557835,-53.2529674320139,-54.97669236999952,-55.51211451131341,-56.75712138672268,-59.42797660060631,-61.30268499526911,-62.1841918940203,-62.70372499170145,-61.70993388032334,-59.35148569386147,-57.5009178778447,-59.011839836581174,-61.33814277326509,-62.75101263551528,-64.29186735708339,-65.83904471596738,-66.20705262888723,-67.93828182541009,-68.47198063038884,-68.7857957748268,-69.39046527743649,-69.43719103220134,-69.7373947929428,-71.01503730501663,-70.86031971386015,-70.56141640039274,-70.22020010902848,-73.18600724055624,-79.94060732088016,-79.98923261740119,-79.99033466281118,-79.9911907818112,-79.99193860697666,-79.99259989125862,-79.99321189869224,-79.99378229626058,-79.99431972611328,-79.9948320338052,-79.99532234786115,-79.99579094219993,-79.99624023574606,-79.99667433895478,-79.99693730372643,-79.99713609918548,-79.99732946332202,-79.9975131517662,-79.99768777159905,-79.99785455488868,-79.99801087102675,-79.99815697629329,-79.99829208326616,-79.99841485163002,-79.99852363374133,-79.99861829612668,-79.9986951600743,-79.99875409849923,-79.99879101080472,/Users/yunhwang/Desktop/Stethoscope_Project/Audio shared/Hospital sound_raw 60sec/WEBSS007_7/WEBSS-007 TP5_60sec.wav,WEBSS-007 TP5_60sec.wav
-13.426147563553952,-14.849554561254603,-18.784499123770438,-22.515541297702793,-26.33020499010454,-30.261383739989203,-34.32689459629443,-37.34860652163068,-39.88025496177424,-41.86958155057192,-43.06822169451045,-44.30722189349983,-45.535708135710195,-46.95435941387972,-47.95347962169384,-48.06849194325016,-47.67402152667676,-47.05849694733935,-48.2034275113254,-49.61071472842361,-50.451883064548134,-52.60422331069811,-53.609908706748335,-54.25884260998091,-55.9813322469845,-56.71199642346874,-57.25937438350761,-57.62544226489007,-57.726034283422244,-57.6007416525901,-57.79500102911489,-56.97229180509316,-57.21847374087828,-57.291058526484704,-60.49180198242624,-76.56366956992291,-79.96195253450803,-79.96416314080457,-79.96589076568351,-79.96740403671635,-79.96874430305343,-79.96998527992604,-79.97114193595056,-79.9722314716548,-79.97326954367276,-79.97426246342148,-79.97521080464315,-79.97611952829374,-79.97699691030773,-79.9778419200007,-79.97864430597163,-79.97942424785371,-79.98016486145934,-79.98086860670686,-79.98154043799745,-79.98216989759567,-79.98275802445228,-79.98330170364594,-79.98379556713437,-79.98423309894255,-79.98461372409524,-79.98492276130536,-79.98515969873115,-79.98530808550231,/Users/yunhwang/Desktop/Stethoscope_Project/Audio shared/Hospital sound_raw 60sec/WEBSS007_7/WEBSS-007 TP3_60sec.wav,WEBSS-007 TP3_60sec.wav
-25.63450216260732,-27.203589388986458,-29.756340123100042,-33.70913799153245,-36.94031718805871,-40.39312566420098,-43.42879944463875,-45.43644318469089,-46.90532085295522,-47.75702854277141,-49.30380109110136,-51.749630181998924,-53.136402975062694,-54.59474096564898,-55.4551362847897,-55.67830821370444,-55.604872802760795,-55.810086553083664,-56.27279223859152,-58.45591683109573,-59.53596872007998,-60.3466311853567,-61.19913145582403,-62.56853736229936,-63.50494292771107,-64.56479562892206,-65.09636761137413,-66.1576435028895,-66.67654819961923,-66.69766767144002,-66.28644572229662,-67.22736533465093,-67.73308953703403,-68.21249307681401,-71.77621197547167,-79.47259136741107,-79.99472312087445,-79.99583532928688,-79.99669635535558,-79.99711339770724,-79.99744554079443,-79.99775274945607,-79.99803891004807,-79.99830843296661,-79.99856524969942,-79.99881095398976,-79.99904570948017,-79.9992707538728,-79.99948813364223,-79.99969761307118,-79.99989656160118,-80.0,-80.0,-80.0,-80.0,-80.0,-80.0,-80.0,-80.0,-80.0,-80.0,-80.0,-80.0,-80.0,/Users/yunhwang/Desktop/Stethoscope_Project/Audio shared/Hospital sound_raw 60sec/WEBSS007_7/WEBSS-007 TP4_60sec.wav,WEBSS-007 TP4_60sec.wav
-28.872202188788574,-30.10204808389649,-33.9726964883294,-37.20585397873905,-39.93453996900635,-43.05078734679697,-46.02067011772942,-49.22755499284089,-51.161768846196836,-53.169470139947904,-54.070969690905066,-54.965298025335755,-56.31052773928116,-57.29502930603637,-57.60602296501913,-56.44899686469617,-54.64774267866977,-53.911582841430246,-53.78608817707714,-55.48367556350374,-57.46255233236207,-57.63586007477659,-57.84413814448117,-58.01584051923698,-57.34519691288061,-56.354333570152484,-55.764299309005395,-55.59913377501786,-57.03337884476079,-58.79820800409733,-60.06585804478526,-61.193798692004606,-61.568675951587736,-63.58094679124518,-68.49352739894881,-79.50786414094912,-79.97930662348853,-79.9817027833295,-79.98340053863822,-79.9844083003906,-79.98523881594608,-79.98596257554915,-79.98660672730813,-79.98719233666937,-79.98773528163368,-79.9882441517511,-79.98872292718723,-79.98917660764916,-79.98961113912364,-79.99002721444707,-79.99042069239164,-79.99080220054107,-79.99116377414856,-79.99150696108225,-79.99183447694384,-79.99214125686387,-79.99242792333605,-79.99269298787698,-79.99293385418103,-79.9931473148873,-79.9933331341714,-79.99348400183692,-79.99359975654212,-79.99367216904409,/Users/yunhwang/Desktop/Stethoscope_Project/Audio shared/Hospital sound_raw 60sec/WEBSS007_7/WEBSS-007 TP2_60sec.wav,WEBSS-007 TP2_60sec.wav
-31.683332853993463,-32.992534410780074,-34.61185725591369,-37.75211894993651,-41.42704054684254,-42.83359633334176,-45.339930988607435,-50.03835727987613,-53.32116610121061,-54.20952167361238,-55.314138823486765,-56.32097216633103,-56.34988041323198,-56.33947050090295,-58.42729381349472,-58.61163416769417,-57.286788705415645,-58.13494757289435,-59.07212292037149,-61.26243009417998,-62.442114646046,-64.43107390176748,-65.26393066476105,-65.66539876535572,-66.50672775685402,-67.15640259238413,-66.37231204476377,-67.49326163220424,-69.27801360191935,-69.95387928296363,-70.34079724366528,-70.12235971511893,-70.40248235704632,-71.48336560294149,-74.63377725907245,-79.91756328363577,-79.99790753503198,-79.99842658879305,-79.99883332345014,-79.99919096853145,-79.999508520478,-79.99980368929876,-80.0,-80.0,-80.0,-80.0,-80.0,-80.0,-80.0,-80.0,-80.0,-80.0,-80.0,-80.0,-80.0,-80.0,-80.0,-80.0,-80.0,-80.0,-80.0,-80.0,-80.0,-80.0,/Users/yunhwang/Desktop/Stethoscope_Project/Audio shared/Hospital sound_raw 60sec/WEBSS007_7/WEBSS-007 TP7_60sec.wav,WEBSS-007 TP7_60sec.wav
-28.50615957992457,-29.81245740855014,-29.915271150662818,-30.739565992589554,-33.0182127203479,-36.782564270047864,-40.91525663987918,-44.269866829272964,-46.87559072349111,-48.91648317332123,-50.6358260567631,-52.37747980607621,-54.343245069437074,-56.27035533616665,-57.14411484956472,-57.55218024130568,-56.55819647236314,-55.98460473415634,-56.7207308400667,-58.69261874329921,-60.1176498260523,-60.46518587592815,-60.18162206928867,-60.05792130757322,-60.87312517117918,-60.20559024611391,-59.77653071722459,-59.03331404970554,-59.59905983304674,-61.46465897449922,-63.205125171253165,-64.7284518333733,-65.21979657158874,-64.57447553085728,-67.01959380908181,-79.8346196996811,-79.98167337275476,-79.98330610554284,-79.98463615666516,-79.98585176141982,-79.98695833801378,-79.98800973574555,-79.98900938064315,-79.9899429486465,-79.99059676796227,-79.99123416272477,-79.99185250515357,-79.99245308408734,-79.9930402611624,-79.9936118082064,-79.99415890264895,-79.9946955804392,-79.99520847155038,-79.99569869172355,-79.99608753662424,-79.99638920355196,-79.99667182718973,-79.99693371891004,-79.99717209412724,-79.9973836245869,-79.99756797801612,-79.99765080849907,-79.9977057928309,-79.99774024591066,/Users/yunhwang/Desktop/Stethoscope_Project/Audio shared/Hospital sound_raw 60sec/WEBSS007_7/WEBSS-007 TP1_60sec.wav,WEBSS-007 TP1_60sec.wav
-26.285041943677427,-28.023274263917912,-33.2663689527887,-38.629176267075046,-42.13682882676924,-45.91909643125977,-49.11282117105317,-51.240729730521956,-52.75590444922902,-53.42228005992803,-54.55613872832325,-56.38937705163642,-57.60454890224965,-58.82623644776448,-59.44082792363871,-58.98303542169862,-57.731142320951584,-58.01989047080404,-58.11528297272884,-60.597334840056156,-62.53601788779759,-63.417572509543945,-64.27852719044307,-65.34612734535266,-66.0169301860451,-66.19961128642615,-67.85253066822249,-69.3107572591975,-70.11155813780421,-70.89234879253632,-71.21551602087406,-71.15436718240002,-71.21413393516394,-70.89036407494267,-73.770953318029,-79.9086220421012,-79.99202550500569,-79.99311423419611,-79.99403027688636,-79.9948847508242,-79.99567165428304,-79.99637038743981,-79.9967989092022,-79.99700867239217,-79.99721489022997,-79.99741732949734,-79.99761479175426,-79.997807456919,-79.99799661254185,-79.99818137776741,-79.99835867106565,-79.99853310450611,-79.99870014227164,-79.99886008839108,-79.99901396347887,-79.99915895850543,-79.99929516714721,-79.99942168369192,-79.99953706782993,-79.99963960486456,-79.99972911998621,-79.99980190512325,-79.9998578564599,-79.99989290707755,/Users/yunhwang/Desktop/Stethoscope_Project/Audio shared/Hospital sound_raw 60sec/WEBSS007_7/WEBSS-007 TP6_60sec.wav,WEBSS-007 TP6_60sec.wav
-47.4789392169378,-42.02405473305283,-39.26866911674353,-41.17634875153764,-45.033739778222234,-46.44049254173124,-48.440895512288414,-50.53479467224787,-51.081968061896454,-51.94079833417859,-53.27013376408449,-54.009244124625134,-54.698182174264716,-55.51849280443607,-56.001684895784244,-55.66364879110906,-55.06458257499867,-54.944365177860156,-55.83008518539473,-56.01231536698767,-56.97620983557098,-58.36875715667204,-59.78883999917665,-60.11423537944991,-61.563897275671536,-61.44990089896613,-62.7627373608959,-63.60380345345046,-64.08176991309243,-64.82280261589281,-66.2474955456399,-67.51530878474347,-68.65565152571774,-69.88743013776248,-73.85814160439847,-79.48829257282755,-79.99301523186124,-79.99433937808527,-79.99533887489814,-79.99619221531674,-79.99685864248008,-79.99719843895097,-79.9975117963196,-79.99780438165308,-79.99808101001763,-79.99834387866412,-79.99859360631741,-79.99883176674234,-79.9990607001836,-79.99928035412117,-79.99948834702391,-79.99968983589784,-79.9998807232365,-80.0,-80.0,-80.0,-80.0,-80.0,-80.0,-80.0,-80.0,-80.0,-80.0,-80.0,/Users/yunhwang/Desktop/Stethoscope_Project/Audio shared/Hospital sound_raw 60sec/WEBSS003_6/WEBSS-003 TP3_60sec.wav,WEBSS-003 TP3_60sec.wav
-19.010114795513456,-23.505028010705242,-27.04328739983465,-29.48721175213016,-33.77543253819329,-37.86688410435094,-40.670141245569965,-42.657721240735434,-44.183281363195434,-44.94634354160682,-46.50465075708956,-47.60646510726429,-48.50687564374047,-49.53231392597227,-50.08922756746909,-50.331946596386146,-50.204431740520796,-50.66598946840571,-51.02908289586368,-51.57172088406918,-53.56632168120781,-54.8642556171693,-55.893261971506895,-57.172357215627294,-58.48448906195511,-59.086852395711404,-60.7712097125492,-62.38978994396228,-63.6901644737352,-64.72834557824746,-65.96088139204849,-67.21759278117815,-68.1347196350912,-69.20698828086633,-73.00879097775538,-79.10442385979471,-79.97394546939793,-79.975545319524,-79.97685685176658,-79.97805780938093,-79.97915187571319,-79.98019239595506,-79.98118246135068,-79.98213133844129,-79.98304930522478,-79.98393877668349,-79.98479743775727,-79.98562790841626,-79.98643670807955,-79.98722153900741,-79.98797096167715,-79.98870403956755,-79.98940337304853,-79.98999145225163,-79.99046350857448,-79.99090765469926,-79.9913242740833,-79.99171077239518,-79.99206289090887,-79.99237557014136,-79.99264826237894,-79.9928699219989,-79.99304018334844,-79.9931468564171,/Users/yunhwang/Desktop/Stethoscope_Project/Audio shared/Hospital sound_raw 60sec/WEBSS003_6/WEBSS-003 TP4_60sec.wav,WEBSS-003 TP4_60sec.wav
-51.99297263776471,-49.195746077164664,-49.11488597398518,-49.9068361080232,-51.76502484023226,-54.386114562026094,-56.790885525644995,-57.65079606983414,-57.71576632304516,-58.01341772906558,-59.6107649728842,-61.34969317425204,-61.741941157831164,-61.88752765711757,-61.73640591823975,-60.63602622034843,-59.88344706928121,-59.50328607263926,-60.481904932069796,-61.026686236379916,-60.95959818915912,-61.784908443468034,-63.457961019582136,-64.3767503903651,-65.20335821146965,-65.3203785486256,-65.69001801053372,-65.75572198027383,-63.56641348881853,-65.46413029875055,-67.83585540023839,-69.4531154727524,-70.88033988736169,-71.50806441564765,-74.69292054040405,-79.99695010924935,-80.0,-80.0,-80.0,-80.0,-80.0,-80.0,-80.0,-80.0,-80.0,-80.0,-80.0,-80.0,-80.0,-80.0,-80.0,-80.0,-80.0,-80.0,-80.0,-80.0,-80.0,-80.0,-80.0,-80.0,-80.0,-80.0,-80.0,-80.0,/Users/yunhwang/Desktop/Stethoscope_Project/Audio shared/Hospital sound_raw 60sec/WEBSS003_6/WEBSS-003 TP2_60sec.wav,WEBSS-003 TP2_60sec.wav
-15.025338652105036,-18.720258281914283,-24.096478772412134,-28.21779006795171,-31.59057140604394,-33.990940392051726,-36.09037746753376,-37.47952229361484,-37.53117749875943,-37.63650332083098,-39.15995456649099,-41.02624615745285,-42.08683672739365,-42.964688325320864,-43.432076885128225,-43.372161986245125,-42.36988570005954,-42.83323015231467,-43.55096459878834,-45.00221813665677,-46.7216732306278,-47.99066978967877,-48.787021680528376,-49.902373350167316,-51.3745719000544,-52.334898121835316,-53.50323527031973,-54.452507418116845,-55.52925470314046,-56.86145453748444,-58.190761713860056,-59.69541020231354,-60.45364748106986,-61.48651729179367,-65.44510084110509,-79.0242103135978,-79.97054913654947,-79.97223134501752,-79.97359636608122,-79.97483577332133,-79.975959119104,-79.97702283332393,-79.97803174251835,-79.97899627960985,-79.97992734250518,-79.98082797646313,-79.98169618915709,-79.98253488727428,-79.98335090577869,-79.98414198446744,-79.98489665206178,-79.98563466569607,-79.98633816300439,-79.98700911138306,-79.9876520643447,-79.98825611381274,-79.98882197580363,-79.9893463222473,-79.9898235636552,-79.99024693271583,-79.99057235750259,-79.99079615416484,-79.9909679944078,-79.99107563940062,/Users/yunhwang/Desktop/Stethoscope_Project/Audio shared/Hospital sound_raw 60sec/WEBSS003_6/WEBSS-003 TP7_60sec.wav,WEBSS-003 TP7_60sec.wav
-16.996506422149455,-21.085900119151876,-24.07433712783367,-27.673659615607477,-31.333185667605996,-34.0629306786779,-35.32789232658883,-36.084112110064645,-38.12568761529143,-40.0457480080716,-41.55797142643249,-42.44596270745325,-43.347785384246876,-44.47149053471884,-45.08569492258116,-45.127335074516175,-45.45558072357759,-46.18548403959679,-46.741799917417765,-47.60100188820719,-47.79395968004862,-48.17731625207816,-48.85692091943412,-50.34837719277494,-52.35166217971526,-54.030218634253075,-55.38445245108873,-56.23614836047427,-56.491368700636535,-57.000329712707064,-57.620882448323464,-58.4383417616582,-59.74882213973568,-60.66191103549906,-64.02952523034455,-79.19697310419753,-79.96078913434215,-79.96266102880625,-79.9641411544268,-79.96545862750014,-79.96663824538507,-79.96774425435196,-79.96878588985571,-79.969776307183,-79.97072833637235,-79.97164610612572,-79.97252850763962,-79.97337913601208,-79.97420518054552,-79.97500474108189,-79.97572912440481,-79.97628190959011,-79.97680888686182,-79.97731145609838,-79.97779303918394,-79.97824550218078,-79.97866935464792,-79.97906212200081,-79.97941959714973,-79.97973680116984,-79.98001323714853,-79.98023783769773,-79.98041027287039,-79.98051828714722,/Users/yunhwang/Desktop/Stethoscope_Project/Audio shared/Hospital sound_raw 60sec/WEBSS003_6/WEBSS-003 TP1_60sec.wav,WEBSS-003 TP1_60sec.wav
-20.784903247615468,-26.33285948793711,-32.36245995762082,-35.573655742806196,-39.6548309503241,-43.11345655804045,-44.70112558168034,-45.99064731125364,-44.711825493751896,-45.160150576842796,-47.292076448799556,-48.8692649007953,-50.413025647439056,-51.582372895931286,-51.61431624846332,-51.8204776570043,-51.415772251020755,-52.39406109965731,-52.15632946859792,-53.182944196319994,-55.12110388020164,-55.950856706826535,-57.13195676022015,-59.15862340569827,-60.58505405103875,-61.16267528350524,-62.59328298068384,-64.06686976880837,-65.17422205487028,-66.15845251407688,-67.20857491075171,-68.91087859346437,-70.308228099963,-71.45136804363807,-75.28807955152512,-79.96395663797374,-79.97858762021474,-79.98086548402816,-79.98262504507811,-79.98415320115797,-79.98549828808525,-79.98673780038284,-79.98788898781181,-79.98897055402702,-79.98999918024525,-79.9907612705922,-79.99146371756183,-79.99213634149687,-79.99278558828019,-79.99341083518696,-79.99400458446618,-79.9945818995752,-79.99513023914588,-79.99554717823605,-79.99587959740995,-79.99619114787754,-79.99648234277484,-79.9967516287603,-79.99699632228192,-79.99721315707293,-79.99740185992357,-79.99755508631488,-79.99767258573601,-79.99774617021625,/Users/yunhwang/Desktop/Stethoscope_Project/Audio shared/Hospital sound_raw 60sec/WEBSS003_6/WEBSS-003 TP6_60sec.wav,WEBSS-003 TP6_60sec.wav
-18.105009913745935,-24.669123600416068,-31.455609437612292,-35.699186426488936,-38.36132186014036,-40.24938387654479,-42.23363069499234,-45.42741765098629,-47.951515648146014,-50.22363279048578,-53.2420477778203,-56.1753382353575,-58.1410214213948,-59.158585370515254,-59.74820164618452,-60.19814208746962,-60.2624248630885,-60.00966654575542,-59.630705928422486,-59.44066048143918,-58.98443639158605,-58.635836138828004,-58.52800217526561,-57.96477040737986,-57.44096011476408,-57.02378600903921,-57.54993927572872,-58.671010715302224,-59.7844648086861,-61.37664759307343,-63.746468913633294,-66.73297379014417,-68.81827162226337,-70.2399772575501,-74.24144424403735,-79.93761743800219,-79.97763538879691,-79.97865967579189,-79.97963089307451,-79.98059975621128,-79.98152331576135,-79.98243233026824,-79.98331769569084,-79.98418118892337,-79.98502832141477,-79.98585822142596,-79.98666621254459,-79.98745324555378,-79.98822456160806,-79.98897680522285,-79.98953785687726,-79.99008381774553,-79.99060495828704,-79.99110249878248,-79.99157974747146,-79.9920284607391,-79.99244911445491,-79.99283911131931,-79.99319426459103,-79.99350950658423,-79.9937843294951,-79.99400768599556,-79.99417920194396,-79.99428663587503,/Users/yunhwang/Desktop/Stethoscope_Project/Audio shared/Hospital sound_raw 60sec/WEBSS002_3/WEBSS-002 TP 3_60sec.wav,WEBSS-002 TP 3_60sec.wav
-16.958056581142316,-24.243890049568655,-31.546289705457337,-35.96527368716381,-38.083715621706006,-40.16013566950681,-43.216155245303696,-46.313356228359225,-48.55313571566454,-51.32526208899835,-54.57641317495258,-57.4224597975488,-59.754450057638834,-61.485514829766906,-62.53708085260118,-63.551522968785676,-64.53724087548426,-65.13846142927176,-65.3829242900826,-65.90101062602855,-65.9797637496427,-66.01125819981162,-65.75815531022833,-64.71058054912785,-63.69286818517769,-63.07752144381682,-62.79219199942964,-63.476934123834894,-64.77387059547408,-67.29719301845722,-69.71211676922313,-71.71343123770109,-73.09068054915556,-73.95083268089417,-77.38353397561036,-79.99102436799431,-79.99532346755976,-79.9966990019484,-79.99711332530731,-79.99738226027117,-79.99762998349377,-79.99786839386765,-79.99809737350841,-79.99831862744107,-79.99853423590454,-79.99874448784979,-79.99894853053968,-79.99914678060405,-79.99934071866974,-79.99952960136231,-79.99971048226483,-79.99988800549244,-80.0,-80.0,-80.0,-80.0,-80.0,-80.0,-80.0,-80.0,-80.0,-80.0,-80.0,-80.0,/Users/yunhwang/Desktop/Stethoscope_Project/Audio shared/Hospital sound_raw 60sec/WEBSS002_3/WEBSS-002 TP 4_60sec.wav,WEBSS-002 TP 4_60sec.wav
-26.819736146251625,-32.67323738378839,-39.53106722000626,-43.58183200657688,-44.86808595842215,-47.17994010335812,-50.63795167130561,-53.30812145437759,-55.302146803730416,-57.73776378562168,-59.913890897137655,-62.21949261252423,-63.80893611395032,-64.94049729106774,-65.4589392995395,-65.87815552195235,-66.79917517097253,-67.48628311159442,-68.07689286081741,-68.24048885866908,-68.76575088533963,-68.79987613706851,-68.66249426258008,-68.59935387032165,-68.6052224605899,-68.59718737304668,-68.84647346140012,-69.34067251959067,-69.52222005919455,-70.98362648361514,-72.7250222452591,-74.59934517287199,-76.2323738648429,-76.85760089574096,-78.42273390218034,-79.98760495656461,-79.9962733761611,-79.99716085781223,-79.99787346476478,-79.99851414274995,-79.99909104142641,-79.99934716684348,-79.99957230556525,-79.99979047833764,-80.0,-80.0,-80.0,-80.0,-80.0,-80.0,-80.0,-80.0,-80.0,-80.0,-80.0,-80.0,-80.0,-80.0,-80.0,-80.0,-80.0,-80.0,-80.0,-80.0,/Users/yunhwang/Desktop/Stethoscope_Project/Audio shared/Hospital sound_raw 60sec/WEBSS002_3/WEBSS-002 TP 2_60sec.wav,WEBSS-002 TP 2_60sec.wav
-28.769951861310425,-38.10463307527534,-45.775196942988565,-49.475025016583174,-52.553291784940285,-54.91016099325743,-57.5429806905551,-59.25536163530306,-60.49797430188028,-61.82711697553726,-62.57858097244346,-62.786019194428825,-63.55309385380417,-64.57987295800207,-65.63966096159271,-66.90541499991491,-68.49216228681553,-70.65465845341329,-72.6885644402441,-74.3436155272826,-75.60651154841227,-76.53996687998904,-77.33415031783758,-77.82560184532268,-77.96516345904328,-78.41050357656616,-78.79714498539481,-78.89096141799455,-78.96336410468214,-79.07725395362036,-79.17049334266005,-79.2288020761962,-79.22251019029886,-79.31182449444759,-79.47647130647553,-79.88046303842789,-79.99127226946543,-79.99293089274133,-79.99422677854238,-79.99536133396397,-79.99615785003472,-79.99679282277059,-79.99738333739981,-79.99781995821489,-79.99806989475017,-79.99830971727141,-79.99853940281243,-79.99876004151436,-79.99897359174794,-79.99917970321344,-79.99937572974765,-79.99956665039886,-79.99974819850297,-79.99992091962837,-80.0,-80.0,-80.0,-80.0,-80.0,-80.0,-80.0,-80.0,-80.0,-80.0,/Users/yunhwang/Desktop/Stethoscope_Project/Audio shared/Hospital sound_raw 60sec/WEBSS006_12/WEBSS-006 TP6_60sec.wav,WEBSS-006 TP6_60sec.wav
-15.540100339873252,-25.774713385993554,-34.34902083299857,-39.19080807934034,-43.333675823522,-46.03693247778522,-48.194916750711194,-49.88600784499705,-51.12830587350056,-52.3130356976185,-53.88250301271621,-55.00435871136196,-56.26642779580316,-58.2489450211225,-60.43532016793872,-61.75027483676321,-62.30492633072057,-62.85247785531395,-64.21266444601274,-67.19258152913925,-69.23975506233838,-70.74599475495543,-72.03720446794178,-71.79160163069307,-72.38606595091065,-74.79288815138685,-75.87964040516441,-76.33363766471807,-76.5975937563319,-77.11690514854064,-77.54424313691884,-77.98499014192937,-78.26477142851,-78.46282616227555,-79.28722182074627,-79.88252445133612,-79.96423901542524,-79.96517158197234,-79.9660650931192,-79.96697031919322,-79.96784140274114,-79.9687065018384,-79.96955476121265,-79.97038658364409,-79.97120645019629,-79.97201276880307,-79.97280025661625,-79.97356933401953,-79.97432492725706,-79.97506334315777,-79.9757720977584,-79.97646970397797,-79.97713784946163,-79.97777768578862,-79.97839333705681,-79.97897346831411,-79.97951853362254,-79.98002479674825,-79.98048651778414,-79.98089687499406,-79.98125511647909,-79.98154638421943,-79.98177028310592,-79.9819105771492,/Users/yunhwang/Desktop/Stethoscope_Project/Audio shared/Hospital sound_raw 60sec/WEBSS006_12/WEBSS-006 TP11_60sec.wav,WEBSS-006 TP11_60sec.wav
-17.11765351000493,-31.27309236710014,-36.83209604937857,-39.18886694637292,-42.02658293921152,-43.77725850842406,-45.588004000779875,-48.078130033691465,-49.674753808307294,-50.146016411036044,-50.644188875438424,-52.2959402451177,-53.55089845421099,-54.52588350821637,-55.95173038964381,-57.84042995622908,-59.87978836018274,-61.69111138884874,-63.2818593829337,-64.60061627079683,-66.09364136495279,-67.17390074235416,-68.2559915993065,-69.25534233887656,-70.28885281230743,-71.04792926067624,-71.86952292351705,-72.68757161857732,-73.44808051026446,-74.18527648736354,-75.08491405151214,-75.9308697569701,-76.37175801487221,-76.95896241017584,-79.06729065914581,-79.9651870086832,-79.97110236206599,-79.97408415531828,-79.97626171794556,-79.97805238094303,-79.97956472078621,-79.98091051028668,-79.98212771852953,-79.98324827281336,-79.98427986101925,-79.98503484289374,-79.98575072436864,-79.98643293467268,-79.98708904657929,-79.98771911335209,-79.98831617720155,-79.98889577563864,-79.98944549988629,-79.98996758732928,-79.99046590775272,-79.990932640661,-79.99136875179937,-79.99177196526985,-79.99213825903331,-79.99246277234342,-79.9927451721778,-79.99297445283152,-79.99315032017459,-79.99326042838878,/Users/yunhwang/Desktop/Stethoscope_Project/Audio shared/Hospital sound_raw 60sec/WEBSS006_12/WEBSS-006 TP1_60sec.wav,WEBSS-006 TP1_60sec.wav
-28.194206671661604,-36.61249505277932,-41.60852981039206,-44.617285571422606,-47.53001258071237,-49.927540744993344,-52.84598224621729,-55.32935748918155,-56.47824955388109,-57.4535006873575,-58.197261425235524,-59.09788367779498,-60.2905024985111,-61.03565111516766,-62.85926857008714,-64.39281576748593,-66.39523869150938,-69.33762010712151,-71.32402508241188,-73.4752570700653,-75.04944489523038,-76.41516246662331,-77.28425904510466,-77.93767181187535,-78.59532923501932,-78.76588156826294,-79.08285090095175,-78.98521544253725,-79.07345067707146,-79.20692969958661,-79.38472974023932,-79.4947739397343,-79.58585488845928,-79.62418070497304,-79.72299407882636,-79.96056032721579,-79.98767716182762,-79.98948654277787,-79.99058146973937,-79.99156093784474,-79.9924405564435,-79.99326704757064,-79.99404654701996,-79.9947884531032,-79.99550208743238,-79.99619035526901,-79.99667042937247,-79.99710428566624,-79.99738446458191,-79.99757783674382,-79.99776260360177,-79.9979435446349,-79.99811625524764,-79.99828115890647,-79.99843936877423,-79.99858813686355,-79.99872762760216,-79.99885697790587,-79.99897478476082,-79.99907936869192,-79.99917056135506,-79.99924467522536,-79.99930159465632,-79.99933725112706,/Users/yunhwang/Desktop/Stethoscope_Project/Audio shared/Hospital sound_raw 60sec/WEBSS006_12/WEBSS-006 TP7_60sec.wav,WEBSS-006 TP7_60sec.wav
-28.267445898791948,-35.905618437785215,-40.7948772553918,-45.06163704579295,-47.95849998827043,-50.718532393841784,-52.28104266684685,-53.728999584720086,-55.599732851417855,-57.25127055986079,-58.87126379764523,-58.819422414455616,-59.504503371399245,-61.504109785913485,-64.25053526394447,-66.57818107278717,-68.59545026910169,-70.40082377884393,-72.55758232857065,-74.52999922046915,-75.98414051146989,-77.01608845980407,-77.58781078605857,-77.99122142689046,-78.40056958888024,-78.78850108632167,-78.90943091445602,-79.00404229251507,-79.09970032836638,-79.24612548040547,-79.33670675630728,-79.45426528909421,-79.52552499859597,-79.55566599374608,-79.70410819981207,-79.95146413344472,-79.99130264562717,-79.99255877160573,-79.99330759432152,-79.99397335008055,-79.99456887151146,-79.99512657737543,-79.9956512960222,-79.99614975549194,-79.99662848564638,-79.99694477418791,-79.9971662376087,-79.99737961789766,-79.99758674644173,-79.99778716433185,-79.9979781544768,-79.99816459160871,-79.99834215754117,-79.99851135368601,-79.99867334832412,-79.99882544368737,-79.99896784867215,-79.99909973530147,-79.99921972239902,-79.99932615169762,-79.99941887233412,-79.99949419504773,-79.999552000099,-79.99958821163902,/Users/yunhwang/Desktop/Stethoscope_Project/Audio shared/Hospital sound_raw 60sec/WEBSS006_12/WEBSS-006 TP10_60sec.wav,WEBSS-006 TP10_60sec.wav
-18.293724749366195,-24.685779598327073,-28.19222799914813,-32.03771622669864,-35.793396167894564,-38.571939102501325,-40.80481110206282,-42.93991597360824,-44.470940926600804,-45.15353882837847,-46.56699797089639,-47.99764515585443,-49.13120254935484,-50.69334689690356,-52.0920271031314,-54.57271179394186,-57.253074630557734,-59.50990529646408,-61.375598104292955,-63.87857579506875,-65.97376967504096,-67.13444684261607,-68.61143521766355,-69.7849116780262,-70.74022134719242,-71.82658146313855,-72.8565331964285,-73.34155685577262,-74.05735880531861,-74.78782121331223,-75.64842948069074,-76.96762952482901,-77.67969184579131,-78.10256648833864,-79.43008467076237,-79.96244924130536,-79.96641087105365,-79.96750071399562,-79.96840944968443,-79.96925294198178,-79.97002750496307,-79.97076977114078,-79.97148013551815,-79.97216429718479,-79.9728290138697,-79.97324159497698,-79.9736382160535,-79.97402490811271,-79.97440433497552,-79.97477477352825,-79.97513012066457,-79.9754796242402,-79.97581423345599,-79.97613457384871,-79.9764427084563,-79.97673302138757,-79.97700571314435,-79.97725897895536,-79.97748994305434,-79.97769518255954,-79.97787434129998,-79.97802001656773,-79.97813198959457,-79.97820214362274,/Users/yunhwang/Desktop/Stethoscope_Project/Audio shared/Hospital sound_raw 60sec/WEBSS006_12/WEBSS-006 TP2_60sec.wav,WEBSS-006 TP2_60sec.wav
-20.33488657669959,-33.07245805089424,-39.17204485990226,-41.58779325492874,-45.01742313936039,-47.74151149200098,-50.47884918416566,-52.5885549665757,-53.57796558510318,-54.270151691250106,-54.885231545558085,-55.7350650679711,-56.8277670795782,-57.75571456257104,-59.18346851855767,-60.599513724529416,-62.536777464247386,-64.74448198004107,-66.74180953858027,-68.83225917734808,-70.45717481957186,-72.00967225665504,-73.06704036457205,-74.07535828262955,-74.90310383496767,-75.74851673279055,-76.41872544987308,-77.07219640992555,-77.63139206167419,-78.1337449717869,-78.44570694508693,-78.76783199469659,-78.92976496158022,-79.02375517153806,-79.36927968065486,-79.9081242326138,-79.97746035360493,-79.97912147212463,-79.98042099205422,-79.9815583670952,-79.98256499592047,-79.98349605240023,-79.98436304544462,-79.98517900223406,-79.98595577111067,-79.98661821110274,-79.98709551381933,-79.98755229819513,-79.98799273406661,-79.98841641962402,-79.98881838586117,-79.98920865214077,-79.98957896429614,-79.98993054867518,-79.99026592866757,-79.99057996965574,-79.99087319380918,-79.99114411687924,-79.99139010745573,-79.99160795115417,-79.99179741746678,-79.99195119885941,-79.99206906749274,-79.99214288056537,/Users/yunhwang/Desktop/Stethoscope_Project/Audio shared/Hospital sound_raw 60sec/WEBSS006_12/WEBSS-006 TP4_60sec.wav,WEBSS-006 TP4_60sec.wav
-29.316883319739183,-40.625320928596445,-48.02807321823151,-51.30412989362872,-53.306856000746954,-55.96795738604012,-58.06155315568206,-59.752122294361925,-59.7372265602683,-59.367054315460265,-59.90054972708755,-60.191697674287596,-61.04837873877861,-62.02861135021652,-63.08298255600602,-64.72246928257059,-66.05151095387946,-67.97427407788628,-70.17078864879691,-72.27616823539582,-73.55133969764678,-74.84480821349997,-76.23639182766061,-76.7533640799978,-77.49209568514051,-77.61531698956405,-78.00499862921912,-78.66102625265218,-78.79501054538524,-79.20077238157562,-79.31812448654085,-79.50861385894963,-79.49875695828733,-79.60183017450768,-79.73459731316923,-79.9544311700505,-79.98006497740492,-79.9815479134954,-79.98236004080069,-79.9830277968905,-79.98362565426065,-79.98418578725902,-79.9847128915326,-79.9852136423344,-79.9856945411571,-79.98615772487663,-79.98660273698333,-79.98703140854737,-79.98744741026661,-79.98784983611165,-79.98823325060943,-79.98860743523626,-79.98896375299043,-79.98930320716454,-79.98962814398975,-79.98993319262928,-79.99021875805154,-79.99048318748284,-79.99072374535199,-79.99093709646455,-79.9911229402433,-79.99127390756878,-79.99138976689977,-79.99146233725284,/Users/yunhwang/Desktop/Stethoscope_Project/Audio shared/Hospital sound_raw 60sec/WEBSS006_12/WEBSS-006 TP9_60sec.wav,WEBSS-006 TP9_60sec.wav
-32.18826159587428,-42.56628347400205,-48.82085604764821,-52.18659150171206,-55.80199590836973,-58.93634483009743,-61.843501469209016,-64.28387413775138,-65.80615615430162,-66.81947274487186,-67.7103078767306,-68.78441374579747,-69.64124853894653,-70.28243705981318,-71.20737213878134,-72.55015502615421,-74.29297657552053,-76.12765086151636,-77.40202955942321,-78.24024328127582,-78.82062865014525,-79.13534247050089,-79.35547703334997,-79.49164516380038,-79.57064614686787,-79.60449920672927,-79.63687338322033,-79.66005715045208,-79.67691241142221,-79.69831318924052,-79.71674366196916,-79.7313298955135,-79.73255130409676,-79.75751970891758,-79.81701342258623,-79.96299929595814,-79.99968767974688,-80.0,-80.0,-80.0,-80.0,-80.0,-80.0,-80.0,-80.0,-80.0,-80.0,-80.0,-80.0,-80.0,-80.0,-80.0,-80.0,-80.0,-80.0,-80.0,-80.0,-80.0,-80.0,-80.0,-80.0,-80.0,-80.0,-80.0,/Users/yunhwang/Desktop/Stethoscope_Project/Audio shared/Hospital sound_raw 60sec/WEBSS006_12/WEBSS-006 TP3_60sec.wav,WEBSS-006 TP3_60sec.wav
-29.309527144853863,-35.93094287764459,-42.65997913025142,-45.56412984338033,-45.8938600060998,-46.27129947615109,-47.542048638204434,-49.518956103776894,-51.67147580791738,-53.743363047788286,-53.56794571053015,-53.756600718173345,-55.616451061831995,-58.275035706523234,-60.452738851810004,-62.09762873952019,-64.85729917685019,-66.67938531630416,-68.55712795729275,-71.46499099700105,-72.98311289802683,-73.88096245244452,-74.55472037359507,-74.90460004385757,-75.43466965133211,-76.07546889913084,-76.63674184429725,-76.89828834380408,-77.08977050890508,-77.31558995078134,-77.66878756862666,-77.83672000578723,-78.0421422514272,-78.21873460268554,-78.77396149822455,-79.86793384969346,-79.98008458360144,-79.98134762045906,-79.98236959445853,-79.9832956674191,-79.98413388430436,-79.98475596269158,-79.98522231258663,-79.98567190245173,-79.98610920949243,-79.98653493065842,-79.98694751183285,-79.98734793389646,-79.98773922937445,-79.98811998629529,-79.98848431863804,-79.98884169645403,-79.98918319113588,-79.98950956976745,-79.98982299947458,-79.99011793212165,-79.99039464847226,-79.99065140188763,-79.99088534655218,-79.99109310960513,-79.99127434448566,-79.99142166128863,-79.99153483159678,-79.99160573434804,/Users/yunhwang/Desktop/Stethoscope_Project/Audio shared/Hospital sound_raw 60sec/WEBSS006_12/WEBSS-006 TP12_60sec.wav,WEBSS-006 TP12_60sec.wav
-17.481871157295686,-30.997637724269286,-36.85861030458841,-39.02118145721151,-42.2238138512815,-45.19668938930137,-46.599422844726526,-49.28179823946162,-50.895752283535174,-52.54019009062783,-54.30026859240336,-55.432256509633966,-56.49671820963688,-57.663205515408244,-59.04041880352571,-61.179057661195664,-63.104111091292175,-64.83490136262543,-66.345714778141,-67.89355669337701,-69.07564135048759,-70.29411638813342,-71.61309703889792,-72.4459380357741,-73.38430102991133,-74.1375532602645,-74.87848602491127,-75.71915252574624,-76.42162405198451,-76.93633878169287,-77.61309691182306,-78.0923959798382,-78.4749365697495,-78.86835894160888,-79.61736746603079,-79.97556913693796,-79.9779437338754,-79.97919651031158,-79.98021203771415,-79.9810211742382,-79.98161947204119,-79.98217967226563,-79.98270662999755,-79.98320710563803,-79.98368764418558,-79.9841504364603,-79.98459503347773,-79.98502329592874,-79.9854389028573,-79.98584094433508,-79.98622401980205,-79.9865978596431,-79.98695385302862,-79.98729301813863,-79.98761769202011,-79.98792249757692,-79.98820784130262,-79.98847209227384,-79.9887124831522,-79.98892567869551,-79.98911140780123,-79.98926228468792,-79.98937806370934,-79.98945058360577,/Users/yunhwang/Desktop/Stethoscope_Project/Audio shared/Hospital sound_raw 60sec/WEBSS006_12/WEBSS-006 TP5_60sec.wav,WEBSS-006 TP5_60sec.wav
-12.633017496679885,-24.422564004050933,-30.112075605676146,-35.059491086290414,-38.84455415201052,-41.3900674220349,-44.16908312086725,-46.08087587778492,-47.34074384882963,-48.171054845177785,-49.31889115150395,-50.77182228058276,-52.110193673532635,-53.188549517302,-54.388505070760786,-55.800648717023535,-57.23940567923109,-58.23711294819713,-59.06893295441173,-61.91131168134922,-63.5571751831199,-64.6004463590574,-65.64246631927712,-66.72516689713437,-68.14333253460991,-69.08501347998853,-69.95832930999651,-70.80521491652388,-71.81953569287167,-72.98471753039676,-74.10491233723465,-75.05542517636268,-75.8153825180982,-76.25968662687443,-78.79416433349459,-79.93041501325948,-79.98475874576759,-79.98619004925318,-79.98731431552307,-79.98831047882207,-79.98919985996734,-79.99003190143803,-79.99081433967348,-79.99155748437113,-79.99227122772888,-79.99295889447954,-79.99345079832642,-79.99388508374925,-79.99430608176074,-79.99471296641704,-79.99510025769618,-79.99547796414257,-79.99583740649689,-79.99617966968671,-79.9965070137757,-79.99679826488206,-79.99694205161302,-79.9970751292724,-79.99719614820154,-79.99730346209002,-79.99739691446943,-79.99747281276345,-79.99753103929693,-79.99756752539022,/Users/yunhwang/Desktop/Stethoscope_Project/Audio shared/Hospital sound_raw 60sec/WEBSS006_12/WEBSS-006 TP8_60sec.wav,WEBSS-006 TP8_60sec.wav
-16.6074315117087,-21.144884342509826,-22.861086476023832,-22.848711037017022,-24.404696935444807,-29.051317709015507,-30.586463651500345,-32.22907961397804,-33.71687623023472,-36.05034829434253,-37.808065231045866,-38.31463592118788,-38.974646459859336,-41.16359962985519,-44.04199396472564,-46.89152605567819,-48.90828043236067,-50.63168291755117,-52.38484668175234,-53.77314675231305,-54.578715847339446,-55.502773251654304,-56.1500716615213,-57.15537016398464,-58.154235420590695,-59.00189767903326,-59.37629893862608,-60.33165122528431,-61.84829818175893,-63.752658801837164,-65.59169039942022,-67.03516426867667,-67.92545268362419,-68.79122426475698,-72.38204077524553,-79.91652567522343,-79.96556594947104,-79.9681447426573,-79.97016140146121,-79.97191730160587,-79.97346743771637,-79.97489358992705,-79.9762151943427,-79.9774528585872,-79.97862453784951,-79.9797382929409,-79.9807961022319,-79.98180411005673,-79.98277163319547,-79.98369842409946,-79.98457487615927,-79.98542191168698,-79.98622313396261,-79.98698144885572,-79.98770235755046,-79.98837562561476,-79.98900264622627,-79.98958055250489,-79.99010427158595,-79.99056726592781,-79.99096912204998,-79.99129505231677,-79.99154450176405,-79.99170066465203,/Users/yunhwang/Desktop/Stethoscope_Project/Audio shared/Hospital sound_raw 60sec/WEBSS005_6/WEBSS-005 TP6_60sec.wav,WEBSS-005 TP6_60sec.wav
-37.27208367582448,-31.331127111366623,-23.66482526829653,-21.188389244643417,-21.44025912382113,-22.103622569663603,-24.383292194218924,-24.478978183628563,-25.93543998640007,-29.746760140327076,-32.52751952980838,-36.34766400886334,-39.872582172468746,-43.27395901548404,-46.72995914023958,-48.9132972107487,-50.081805729054906,-51.48999023018001,-54.60680769225908,-57.0426662080702,-58.360328498905936,-59.806053981746494,-60.45957253545204,-60.911514418412324,-61.32563211552608,-61.224896999339634,-61.81186904895487,-63.83184644161426,-66.80733989733606,-69.77891286995417,-72.9571062103083,-76.3592577532357,-79.28829405969232,-79.93224614281004,-79.96719262856604,-79.97607724769709,-79.97955804136815,-79.98108015930782,-79.98235683800371,-79.98351847946184,-79.98414003166317,-79.98461155497036,-79.98507083698632,-79.98551839563304,-79.98595676407678,-79.98638544928134,-79.98680211596735,-79.98720721246012,-79.98760349482625,-79.98798927606218,-79.9883585384761,-79.98872063454697,-79.98906663204428,-79.98939720858381,-79.98971450725422,-79.99001298584798,-79.99029290466265,-79.99055251682113,-79.99078900294826,-79.990998935123,-79.99118201839053,-79.99133080105219,-79.99144506297074,-79.99151663145543,/Users/yunhwang/Desktop/Stethoscope_Project/Audio shared/Hospital sound_raw 60sec/WEBSS005_6/WEBSS-005 TP1_60sec.wav,WEBSS-005 TP1_60sec.wav
-23.15179912844479,-26.95119464627512,-27.928420709472128,-30.415358717113175,-32.4886217293481,-33.738189687443196,-35.42188826326065,-37.71561891979639,-39.48014241552564,-40.71678870169781,-41.50019867153103,-42.96729408372404,-45.35747467111204,-48.303473784401284,-51.12211556743195,-53.67435781749433,-56.504165659393834,-58.896359770742905,-61.04422513549854,-63.004009050058315,-64.47383193594898,-65.94403963345253,-67.2775691811206,-68.65317803983729,-70.02102725652308,-71.4282171552908,-72.68088779178582,-73.77415101890062,-74.73868171533807,-75.65747158631605,-76.57550052691968,-77.21539184311916,-77.80655187843905,-78.21309079894877,-79.40310084168387,-79.96782544253308,-79.97359011927823,-79.9756987186921,-79.9773492224836,-79.97879979078353,-79.98008753387433,-79.98128358998993,-79.98240138249234,-79.98345702208294,-79.98444809891608,-79.98517881115919,-79.9858776451116,-79.98654809939998,-79.98719619564785,-79.98782103479927,-79.98841499761052,-79.98899284352233,-79.98954195064319,-79.99006411438802,-79.99056296011116,-79.99103060295805,-79.99146776124553,-79.9918720931412,-79.99223951108588,-79.9925651420776,-79.99284852814826,-79.99307865405592,-79.99325513401789,-79.99336563074908,/Users/yunhwang/Desktop/Stethoscope_Project/Audio shared/Hospital sound_raw 60sec/WEBSS005_6/WEBSS-005 TP4_60sec.wav,WEBSS-005 TP4_60sec.wav
-28.77207937635859,-33.31393660842842,-36.63237311494679,-36.48470296221326,-35.459803366144406,-35.44100026255524,-38.51237653243825,-41.95951457775932,-43.71022699141228,-44.49020335658406,-45.19052616267299,-46.77418613428286,-50.0878964257906,-52.90432354738726,-55.098406045679845,-57.39019028518087,-58.90315315070723,-60.3987580665658,-61.848662555083166,-64.90497255546414,-66.63815334047634,-67.54625940936101,-68.22974404405876,-68.83821261186657,-69.47739204183084,-70.24599651800928,-70.90915056099611,-72.03060820992218,-73.84342843305255,-75.9308911418032,-77.33466975480364,-77.9425563206409,-78.3126250622247,-78.54436982717687,-79.24021461487634,-79.97257227694048,-79.97843050475767,-79.9800135071314,-79.98131463661917,-79.98250714931805,-79.9834800865715,-79.98428659555942,-79.98505022916932,-79.98577922842566,-79.98648218011087,-79.98716148897651,-79.98781586963993,-79.98844763730236,-79.98906194967222,-79.98965723317178,-79.99022507450391,-79.99078000320118,-79.99130893173643,-79.99181328163174,-79.99229645662213,-79.99275033557636,-79.99317547688315,-79.99355675132772,-79.9937992805379,-79.9940143040523,-79.99420154183598,-79.9943536207383,-79.99447028481555,-79.99454336337952,/Users/yunhwang/Desktop/Stethoscope_Project/Audio shared/Hospital sound_raw 60sec/WEBSS005_6/WEBSS-005 TP2_60sec.wav,WEBSS-005 TP2_60sec.wav
-18.119700333532098,-20.465609932480398,-18.36737058199862,-20.784269733485633,-24.762148067927075,-26.71379712682427,-27.501740597852326,-29.564248551329914,-34.03285626680762,-35.85767331440385,-37.16504809330714,-39.377418866942165,-42.167618612842304,-45.48669502686903,-48.52173600695927,-51.61667886088408,-53.2595563319838,-54.44091236379367,-56.246513212967386,-57.18648737251513,-58.845904922628996,-59.569439454833976,-60.35202512574151,-61.3146167888919,-62.06154772147579,-62.44802347900358,-62.4308438970217,-63.0920019194246,-64.95584762047383,-67.40037207860418,-69.25132785639401,-70.48879171436603,-71.31195935926425,-72.10997949837518,-75.82288809112656,-79.95068326646911,-79.95580556866535,-79.95769541395188,-79.95921169864779,-79.96057014394731,-79.96179086154672,-79.96293624416685,-79.964014747226,-79.96503924924575,-79.96602250967094,-79.96696879356558,-79.96787713636775,-79.96875130085955,-79.96959869051658,-79.9704175771988,-79.97119714298015,-79.97195702404916,-79.97268008774688,-79.97336838811161,-79.97402669001437,-79.97464431995071,-79.97522211400897,-79.97575685663564,-79.9762430566137,-79.97667410589318,-79.97704942936477,-79.97735423128404,-79.97758808229874,-79.9777345583467,/Users/yunhwang/Desktop/Stethoscope_Project/Audio shared/Hospital sound_raw 60sec/WEBSS005_6/WEBSS-005 TP5_60sec.wav,WEBSS-005 TP5_60sec.wav
-14.652897610604054,-20.562454290926492,-24.614448778523922,-27.14056370977106,-28.880519581084016,-30.629298660155467,-31.435572425190813,-32.473325064322154,-34.461308072121945,-36.80888591026461,-38.35201590251065,-40.154132542561385,-42.13642540447559,-44.61065460124576,-46.76768994911305,-48.73651250291741,-49.222498152696666,-49.846290033816985,-51.15651837347996,-53.458605032036274,-55.43665579549347,-57.26652084121687,-58.26084448350411,-58.64884651642501,-58.77949765564635,-58.879858729137126,-58.013696181687024,-58.575992777158326,-60.36181286652659,-63.439688446386725,-66.30789097359327,-68.0778681166911,-69.08687773102957,-69.55577937455118,-73.34227023867521,-79.90435982573847,-79.946590697357,-79.94823539147168,-79.94957781557818,-79.95080098352695,-79.95191167084684,-79.95296500634696,-79.9539651822995,-79.95492220585774,-79.95584682613901,-79.95674180399463,-79.9576050574537,-79.95843939548308,-79.95925151520149,-79.96003911892346,-79.96079089330603,-79.96152610245669,-79.96222722530992,-79.96289604866496,-79.9635370981582,-79.9641394743303,-79.96470389316833,-79.9652269491605,-79.9657030741409,-79.96612557477044,-79.96649380851039,-79.96679302184069,-79.96702273556201,-79.96716663201053,/Users/yunhwang/Desktop/Stethoscope_Project/Audio shared/Hospital sound_raw 60sec/WEBSS005_6/WEBSS-005 TP3_60sec.wav,WEBSS-005 TP3_60sec.wav
-17.3211018254916,-22.466420571714497,-30.87800619716482,-38.38319369077659,-42.500375010854675,-45.01949879589474,-48.133283243547396,-50.8233880996454,-52.041823253730115,-51.47074096316458,-51.948296475678,-54.04636046159927,-53.54716813371599,-53.976957925046264,-56.43964853846258,-57.12784322409248,-58.897068724749246,-63.091620980039934,-65.95800982088089,-65.51578574087455,-66.23531848758881,-68.207459348103,-69.06993250090004,-69.85148280950605,-69.41142750215349,-70.76948354632577,-73.3853948227203,-75.4898053104024,-76.69297481721806,-77.62265621078551,-77.85254833031546,-78.52019946342185,-78.89283610423306,-79.07527507344176,-79.58630358733825,-79.9727413137469,-79.98626327460283,-79.98726785623113,-79.98805951285209,-79.9887596811553,-79.98938376152458,-79.98996564505545,-79.99051112721867,-79.99102757103256,-79.99152201885975,-79.99199696991573,-79.99245225377457,-79.99288993639443,-79.99331389446895,-79.99372330885544,-79.99411291017209,-79.99449259010842,-79.99485375196721,-79.99519749271438,-79.99552624526618,-79.99583463572681,-79.99612312139975,-79.99639010460587,-79.9966328489692,-79.9968153347401,-79.99690904392294,-79.99698515646283,-79.9970435494337,-79.99708011689586,/Users/yunhwang/Desktop/Stethoscope_Project/Audio shared/Hospital sound_raw 60sec/WEBSS004_5/WEBSS-004 TP3_60sec.wav,WEBSS-004 TP3_60sec.wav
-16.358282569862038,-23.416630604936536,-32.852277840322685,-41.72472719259581,-44.25624334871329,-46.057835196718,-49.11101241181418,-52.3920050744202,-54.589581972199866,-55.37014017453408,-55.792040708566795,-56.98630764015767,-58.95160361776731,-61.12076491092262,-62.782379673386046,-64.45373516790124,-66.21779746976885,-68.0549692249652,-69.04193783291,-70.24618027994134,-71.1199488046264,-71.9716568315507,-72.92569295137177,-73.49332890797366,-74.44051180818758,-75.01333761897347,-75.48598621737877,-76.0551914879261,-76.22369542238188,-76.12938142565686,-76.99303076917279,-77.3871894533507,-77.7377309639615,-78.05900466394084,-78.92231358906156,-79.94428253351177,-79.94930163789013,-79.95219790710716,-79.95447473790162,-79.95646044349948,-79.95822029421211,-79.95984138447821,-79.96134597433591,-79.96275634077871,-79.96409148730481,-79.96536002062402,-79.966564449985,-79.96771124794844,-79.96859704619281,-79.96933038556219,-79.97002448475676,-79.97069481444697,-79.97132890150313,-79.97192889001737,-79.97249871205496,-79.97303067544213,-79.9735257377614,-79.97398164154691,-79.97439441207135,-79.97475916979955,-79.97507540180011,-79.97533188614496,-79.97552790617901,-79.97565069311497,/Users/yunhwang/Desktop/Stethoscope_Project/Audio shared/Hospital sound_raw 60sec/WEBSS004_5/WEBSS-004 TP5_60sec.wav,WEBSS-004 TP5_60sec.wav
-16.968219333324146,-22.768362793364915,-31.481508097603882,-38.446284899264896,-42.85205102841647,-46.07850919660108,-48.67736349290288,-51.93705994316908,-54.26659267468097,-54.12177136905881,-54.87003089181688,-55.68121342364157,-56.74233210610717,-58.54235800184247,-60.35279057916439,-61.5904349897412,-63.26594275219041,-65.6305875770975,-67.49538698935872,-68.9811564948636,-70.44616834916988,-71.2237550361087,-71.29087112266988,-72.0540593409803,-72.91554243794351,-74.2396151526131,-75.52169915846736,-77.10849675742962,-77.39751058092737,-78.37779852232248,-78.7219630973708,-78.97521011332901,-79.159577671154,-79.30807774387765,-79.68741605400234,-79.94332232291563,-79.98038425532795,-79.98143454692706,-79.98225819433708,-79.98298279090778,-79.98362635565942,-79.98422427667485,-79.9847831703615,-79.98531102286259,-79.98581525942849,-79.98629867609682,-79.98676134023935,-79.98720548898807,-79.98763510936806,-79.98804954372277,-79.98844352176712,-79.98882712558623,-79.98919175244227,-79.9895385504288,-79.98986997480078,-79.99018073088496,-79.99047130250325,-79.99074009005382,-79.99098438809746,-79.9912009150513,-79.99138938782022,-79.99154243885297,-79.99165982592952,-79.9917333472499,/Users/yunhwang/Desktop/Stethoscope_Project/Audio shared/Hospital sound_raw 60sec/WEBSS004_5/WEBSS-004 TP2_60sec.wav,WEBSS-004 TP2_60sec.wav
-29.657316400774963,-34.53540223343872,-41.32935794916049,-48.04606060847727,-52.87614699560232,-55.636590251870025,-58.438628914227316,-61.551946109457376,-63.19026455745616,-63.905124826700074,-64.24612692060143,-65.47229481488122,-66.85545671230108,-68.2223866852105,-70.34229027223913,-71.25572520842383,-73.1349298926054,-74.69377505470796,-75.83982380117821,-76.67724118122257,-77.22919694626519,-77.58707685728892,-77.79770846889167,-78.01572885949028,-78.21115380880396,-78.39762640938245,-78.58139822468665,-78.749968416244,-78.89973359341427,-79.03037786093016,-79.15721728251093,-79.29408537452973,-79.36637264434202,-79.4172733534731,-79.58787018502116,-79.88914055195939,-80.0,-80.0,-80.0,-80.0,-80.0,-80.0,-80.0,-80.0,-80.0,-80.0,-80.0,-80.0,-80.0,-80.0,-80.0,-80.0,-80.0,-80.0,-80.0,-80.0,-80.0,-80.0,-80.0,-80.0,-80.0,-80.0,-80.0,-80.0,/Users/yunhwang/Desktop/Stethoscope_Project/Audio shared/Hospital sound_raw 60sec/WEBSS004_5/WEBSS-004 TP4_60sec.wav,WEBSS-004 TP4_60sec.wav
-29.374861772830798,-34.646398072254286,-43.92950291317762,-49.25905908255913,-50.95483214447418,-51.71508519875629,-51.72773670245661,-53.16721261152414,-55.580726521322354,-57.368271162665785,-58.6964303474868,-59.8448775743077,-60.97587012908698,-61.907043091635934,-63.142058313438845,-64.64007460161068,-66.50528729541205,-68.75651033318921,-70.41832517505298,-71.82999633354245,-72.95059847543835,-73.5912599065764,-74.00354104957589,-74.33953186090064,-74.60439582804119,-74.98546113868709,-75.35853724277112,-75.61897085805774,-75.6216527449346,-75.66409922910965,-75.83978619763279,-76.20096863144481,-76.37722017928972,-76.60716216977518,-77.2212919968193,-79.52301974738606,-79.99721363495051,-79.99884873308916,-79.99948192953455,-79.99984818642376,-80.0,-80.0,-80.0,-80.0,-80.0,-80.0,-80.0,-80.0,-80.0,-80.0,-80.0,-80.0,-80.0,-80.0,-80.0,-80.0,-80.0,-80.0,-80.0,-80.0,-80.0,-80.0,-80.0,-80.0,/Users/yunhwang/Desktop/Stethoscope_Project/Audio shared/Hospital sound_raw 60sec/WEBSS004_5/WEBSS-004 TP1_60sec.wav,WEBSS-004 TP1_60sec.wav
