file_path,filename,preprocessing,rms,zcr,spectral_flatness,kurtosis,skewness,logmel_0,logmel_1,logmel_2,logmel_3,logmel_4,logmel_5,logmel_6,logmel_7,logmel_8,logmel_9,logmel_10,logmel_11,logmel_12,logmel_13,logmel_14,logmel_15,logmel_16,logmel_17,logmel_18,logmel_19,logmel_20,logmel_21,logmel_22,logmel_23,logmel_24,logmel_25,logmel_26,logmel_27,logmel_28,logmel_29,logmel_30,logmel_31,logmel_32,logmel_33,logmel_34,logmel_35,logmel_36,logmel_37,logmel_38,logmel_39,logmel_40,logmel_41,logmel_42,logmel_43,logmel_44,logmel_45,logmel_46,logmel_47,logmel_48,logmel_49,logmel_50,logmel_51,logmel_52,logmel_53,logmel_54,logmel_55,logmel_56,logmel_57,logmel_58,logmel_59,logmel_60,logmel_61,logmel_62,logmel_63,mfcc_0,mfcc_1,mfcc_2,mfcc_3,mfcc_4,mfcc_5,mfcc_6,mfcc_7,mfcc_8,mfcc_9,mfcc_10,mfcc_11,mfcc_12
/Users/yunhwang/Desktop/Stethoscope_Project/Audio shared/Hospital sound_raw 60sec/WEBSS007_7/WEBSS-007 TP5_60sec.wav,WEBSS-007 TP5_60sec.wav,spectral_gating_-20db_4.0ratio,0.0068275593,0.013825699210421108,1.8389364e-06,181.79694511116955,0.6997156950352489,-27.047024,-29.76431,-34.588444,-39.493202,-43.726055,-48.282524,-52.233334,-54.998184,-56.726383,-57.264668,-58.51103,-61.175564,-63.0534,-63.937992,-64.45482,-63.457935,-61.10243,-59.248993,-60.760113,-63.085377,-64.500175,-66.03573,-67.58114,-67.94434,-69.66813,-70.19141,-70.51085,-71.099686,-71.13582,-71.438835,-72.707375,-72.54185,-72.25832,-71.92609,-74.690735,-79.96666,-79.99112,-79.992226,-79.99309,-79.993835,-79.99449,-79.9951,-79.995674,-79.99621,-79.99673,-79.997,-79.99724,-79.99746,-79.99767,-79.99789,-79.998085,-79.998276,-79.99846,-79.998634,-79.9988,-79.99896,-79.9991,-79.99924,-79.99936,-79.999466,-79.999565,-79.99964,-79.9997,-79.99973,-579.96124,124.19944,56.302483,23.358492,26.264393,27.514837,19.33061,16.472912,15.783182,7.0792723,-1.099368,1.4279715,6.480965
/Users/yunhwang/Desktop/Stethoscope_Project/Audio shared/Hospital sound_raw 60sec/WEBSS007_7/WEBSS-007 TP3_60sec.wav,WEBSS-007 TP3_60sec.wav,spectral_gating_-20db_4.0ratio,0.029507225,0.015196322378065032,6.956088e-07,12.064796148317587,0.6004296328207753,-15.577234,-17.215548,-21.222586,-25.060673,-28.933147,-32.930614,-37.018673,-40.051434,-42.585373,-44.564514,-45.745247,-47.008156,-48.23849,-49.644573,-50.636265,-50.73798,-50.35153,-49.733902,-50.878326,-52.271046,-53.11091,-55.2714,-56.272083,-56.922405,-58.651814,-59.39043,-59.918648,-60.283287,-60.375576,-60.25195,-60.453903,-59.624027,-59.880463,-59.95968,-63.154705,-77.647,-79.97783,-79.981094,-79.983246,-79.98471,-79.98602,-79.98722,-79.988335,-79.98916,-79.98967,-79.99016,-79.99062,-79.99107,-79.9915,-79.99192,-79.99232,-79.99271,-79.99307,-79.99342,-79.99375,-79.99407,-79.99436,-79.99463,-79.99487,-79.99509,-79.99528,-79.99544,-79.99555,-79.99563,-480.77646,186.7333,55.16397,11.315153,34.679638,32.532967,7.6857114,9.505891,21.185732,7.851248,-7.496149,1.4477192,10.628622
/Users/yunhwang/Desktop/Stethoscope_Project/Audio shared/Hospital sound_raw 60sec/WEBSS007_7/WEBSS-007 TP4_60sec.wav,WEBSS-007 TP4_60sec.wav,spectral_gating_-20db_4.0ratio,0.019558817,0.01996877706889659,9.398056e-07,94.91468534794508,-0.2986484455788866,-28.695742,-30.511806,-33.10052,-37.125084,-40.41079,-43.867474,-46.908176,-48.919224,-50.382954,-51.235825,-52.794594,-55.228622,-56.616947,-58.074627,-58.931767,-59.153236,-59.080524,-59.28971,-59.75544,-61.941307,-63.01613,-63.824368,-64.66458,-66.02684,-66.94747,-67.986046,-68.52415,-69.56366,-70.064224,-70.05522,-69.65753,-70.537865,-71.00044,-71.467766,-74.42774,-79.69778,-79.99778,-79.99833,-79.99876,-79.99913,-79.999466,-79.99978,-80.0,-80.0,-80.0,-80.0,-80.0,-80.0,-80.0,-80.0,-80.0,-80.0,-80.0,-80.0,-80.0,-80.0,-80.0,-80.0,-80.0,-80.0,-80.0,-80.0,-80.0,-80.0,-456.98294,140.12952,59.037247,19.43388,22.016687,21.767353,10.561831,8.249951,11.630566,6.064225,-1.1200882,1.8732811,6.471531
/Users/yunhwang/Desktop/Stethoscope_Project/Audio shared/Hospital sound_raw 60sec/WEBSS007_7/WEBSS-007 TP2_60sec.wav,WEBSS-007 TP2_60sec.wav,spectral_gating_-20db_4.0ratio,0.013350079,0.027480395872201493,4.0248087e-06,147.45221057608018,1.5131039910073825,-34.950428,-36.363342,-40.227573,-43.52781,-46.2516,-49.376217,-52.3505,-55.55236,-57.49038,-59.492672,-60.39779,-61.295963,-62.6356,-63.61669,-63.933197,-62.784657,-60.978752,-60.247345,-60.117844,-61.81469,-63.79318,-63.9645,-64.17076,-64.347275,-63.678608,-62.6892,-62.097233,-61.92997,-63.363903,-65.12751,-66.39194,-67.51815,-67.897995,-69.912865,-74.63221,-79.92593,-79.98503,-79.98737,-79.98895,-79.990524,-79.99182,-79.99299,-79.99404,-79.995155,-79.99613,-79.99697,-79.99743,-79.99785,-79.99826,-79.99857,-79.99892,-79.99924,-79.99955,-79.9999,-80.0,-80.0,-80.0,-80.0,-80.0,-80.0,-80.0,-80.0,-80.0,-80.0,-451.03848,110.44603,34.031696,9.215648,28.542173,32.88243,13.559406,4.570432,10.962782,9.894758,-0.47118536,-3.585711,1.3334459
/Users/yunhwang/Desktop/Stethoscope_Project/Audio shared/Hospital sound_raw 60sec/WEBSS007_7/WEBSS-007 TP7_60sec.wav,WEBSS-007 TP7_60sec.wav,spectral_gating_-20db_4.0ratio,0.005990125,0.02425893690031983,2.3046018e-06,19.582323991123697,0.3616711691682294,-34.166317,-35.75217,-37.37091,-40.51148,-44.184036,-45.58844,-48.094193,-52.79584,-56.080215,-56.965157,-58.070328,-59.07752,-59.09669,-59.08697,-61.173527,-61.36578,-60.032967,-60.883675,-61.81653,-64.00073,-65.17144,-67.14796,-67.988976,-68.387665,-69.21177,-69.82306,-69.02675,-70.12365,-71.89882,-72.55958,-72.912994,-72.643654,-72.91368,-73.999466,-76.72984,-79.95757,-79.99649,-79.9988,-80.0,-80.0,-79.999435,-79.9997,-80.0,-80.0,-80.0,-80.0,-80.0,-80.0,-80.0,-80.0,-80.0,-80.0,-80.0,-80.0,-80.0,-80.0,-80.0,-80.0,-80.0,-80.0,-80.0,-80.0,-80.0,-80.0,-608.5185,113.50815,55.71579,21.764597,18.122433,18.556196,13.061006,10.403776,10.683664,6.416304,0.09354581,-1.2520055,0.37874442
/Users/yunhwang/Desktop/Stethoscope_Project/Audio shared/Hospital sound_raw 60sec/WEBSS007_7/WEBSS-007 TP1_60sec.wav,WEBSS-007 TP1_60sec.wav,spectral_gating_-20db_4.0ratio,0.02934111,0.021815188149653518,5.943753e-07,48.98797672550809,-0.11586055781385392,-34.31877,-35.93589,-36.034477,-36.874313,-39.174824,-42.960045,-47.14305,-50.508347,-53.118603,-55.17037,-56.89103,-58.636997,-60.605442,-62.536915,-63.41486,-63.815903,-62.82185,-62.252457,-62.995815,-64.96386,-66.38603,-66.72966,-66.42359,-66.30171,-67.117966,-66.45691,-66.0266,-65.26522,-65.8385,-67.711395,-69.452354,-70.97711,-71.46205,-70.81557,-73.25206,-79.982475,-79.9977,-79.99828,-79.99873,-79.999146,-79.9995,-79.99983,-80.0,-80.0,-80.0,-80.0,-80.0,-80.0,-80.0,-80.0,-80.0,-80.0,-80.0,-80.0,-80.0,-80.0,-80.0,-80.0,-80.0,-80.0,-80.0,-80.0,-80.0,-80.0,-403.21976,120.010544,52.612995,23.21294,29.026838,26.38877,8.899214,1.1379681,5.5154085,4.8028398,-2.220284,-4.2931876,-1.3018999
/Users/yunhwang/Desktop/Stethoscope_Project/Audio shared/Hospital sound_raw 60sec/WEBSS007_7/WEBSS-007 TP6_60sec.wav,WEBSS-007 TP6_60sec.wav,spectral_gating_-20db_4.0ratio,0.011859314,0.0148673311733742,1.4459487e-06,131.6141743385125,-1.1359009641943774,-30.454361,-32.283653,-37.529434,-42.914562,-46.467743,-50.286846,-53.449825,-55.566803,-57.096348,-57.757175,-58.888668,-60.72568,-61.94803,-63.1625,-63.778717,-63.324436,-62.07404,-62.358616,-62.449173,-64.92908,-66.86101,-67.73268,-68.57159,-69.63974,-70.28736,-70.43899,-72.0277,-73.35675,-74.04466,-74.70897,-75.007866,-75.017975,-75.12248,-74.820366,-76.95457,-79.97949,-80.0,-80.0,-80.0,-80.0,-80.0,-80.0,-80.0,-80.0,-80.0,-80.0,-80.0,-80.0,-80.0,-80.0,-80.0,-80.0,-80.0,-80.0,-80.0,-80.0,-80.0,-80.0,-80.0,-80.0,-80.0,-80.0,-80.0,-80.0,-514.7049,111.79716,57.84151,24.531,19.709011,21.0257,17.613077,14.4951105,12.182921,7.21837,3.0189445,3.4415843,4.7349277
/Users/yunhwang/Desktop/Stethoscope_Project/Audio shared/Hospital sound_raw 60sec/WEBSS003_6/WEBSS-003 TP3_60sec.wav,WEBSS-003 TP3_60sec.wav,spectral_gating_-20db_4.0ratio,0.11398487,0.0554935805070629,0.100182675,27.35866399536566,0.0816241570524179,-54.987816,-50.06156,-47.293682,-49.23407,-53.120293,-54.49936,-56.50812,-58.605576,-59.129616,-59.996937,-61.328667,-62.073048,-62.760277,-63.590237,-64.08544,-63.742744,-63.14136,-63.026936,-63.913567,-64.09691,-65.05483,-66.45304,-67.86753,-68.196655,-69.641525,-69.53494,-70.84986,-71.68435,-72.16301,-72.90002,-74.28191,-75.46359,-76.43711,-77.2372,-78.38545,-79.59313,-80.0,-80.0,-80.0,-80.0,-80.0,-80.0,-80.0,-80.0,-80.0,-80.0,-80.0,-80.0,-80.0,-80.0,-80.0,-80.0,-80.0,-80.0,-80.0,-80.0,-80.0,-80.0,-80.0,-80.0,-80.0,-80.0,-80.0,-80.0,-364.55716,86.305725,35.199875,4.6786575,3.7616568,9.481469,7.5592976,3.0980618,0.98316205,-1.2259759,-3.867985,-4.0257783,-2.2504437
/Users/yunhwang/Desktop/Stethoscope_Project/Audio shared/Hospital sound_raw 60sec/WEBSS003_6/WEBSS-003 TP4_60sec.wav,WEBSS-003 TP4_60sec.wav,spectral_gating_-20db_4.0ratio,0.10425196,0.012117755946828358,2.9550515e-06,15.938120098995977,-0.011901184743158877,-24.099215,-29.533182,-33.122353,-35.599533,-39.93223,-44.0483,-46.848698,-48.85673,-50.3904,-51.146214,-52.694523,-53.800766,-54.717175,-55.74357,-56.303825,-56.53413,-56.37814,-56.838768,-57.213383,-57.761593,-59.752506,-61.066498,-62.08948,-63.361725,-64.68092,-65.285904,-66.96222,-68.58934,-69.87631,-70.89908,-72.06074,-73.18596,-73.95162,-74.80703,-76.825485,-79.357994,-79.996704,-79.99729,-79.99773,-79.9981,-79.998436,-79.99875,-79.99903,-79.999306,-79.999565,-79.99982,-80.0,-80.0,-80.0,-80.0,-80.0,-80.0,-80.0,-80.0,-80.0,-80.0,-80.0,-80.0,-80.0,-80.0,-80.0,-80.0,-80.0,-80.0,-346.23798,140.72942,61.354362,15.367281,14.694848,22.38915,18.407795,12.276117,10.153199,7.185545,3.6863852,3.7894988,4.972021
/Users/yunhwang/Desktop/Stethoscope_Project/Audio shared/Hospital sound_raw 60sec/WEBSS003_6/WEBSS-003 TP2_60sec.wav,WEBSS-003 TP2_60sec.wav,spectral_gating_-20db_4.0ratio,0.012293408,0.0897261044109808,0.26535222,174.18637621852483,-2.419057450689253,-56.07017,-53.27357,-53.192467,-53.985542,-55.845837,-58.464493,-60.872917,-61.73239,-61.797775,-62.097656,-63.694088,-65.43031,-65.8212,-65.967354,-65.81635,-64.71775,-63.967316,-63.585487,-64.56243,-65.10924,-65.0413,-65.86669,-67.537,-68.456245,-69.283455,-69.40052,-69.768005,-69.83283,-67.64352,-69.541855,-71.914566,-73.53124,-74.956505,-75.58387,-78.55709,-80.0,-80.0,-80.0,-80.0,-80.0,-80.0,-80.0,-80.0,-80.0,-80.0,-80.0,-80.0,-80.0,-80.0,-80.0,-80.0,-80.0,-80.0,-80.0,-80.0,-80.0,-80.0,-80.0,-80.0,-80.0,-80.0,-80.0,-80.0,-80.0,-516.10596,81.36006,24.374168,-2.1499527,6.0651965,13.966544,7.3622117,1.2963792,2.806764,2.0244606,-3.8773048,-5.81752,-1.3194588
/Users/yunhwang/Desktop/Stethoscope_Project/Audio shared/Hospital sound_raw 60sec/WEBSS003_6/WEBSS-003 TP7_60sec.wav,WEBSS-003 TP7_60sec.wav,spectral_gating_-20db_4.0ratio,0.0073862313,0.017159598214285716,4.6149776e-07,10.8610886253268,-0.17988288354690554,-16.408447,-20.391258,-25.76806,-29.896914,-33.265244,-35.667248,-37.770164,-39.15896,-39.211212,-39.311302,-40.834255,-42.70472,-43.764416,-44.642506,-45.109875,-45.04982,-44.04515,-44.508762,-45.22838,-46.678123,-48.39921,-49.671635,-50.466785,-51.580524,-53.05228,-54.015617,-55.182896,-56.12925,-57.208447,-58.541573,-59.872383,-61.37723,-62.134445,-63.166664,-67.1257,-79.33639,-79.967636,-79.975746,-79.98399,-79.98832,-79.99058,-79.99162,-79.99217,-79.99269,-79.99317,-79.993645,-79.9941,-79.99454,-79.994965,-79.99537,-79.99576,-79.99615,-79.9965,-79.99682,-79.99699,-79.99713,-79.99728,-79.997406,-79.997536,-79.997635,-79.997734,-79.99781,-79.99787,-79.9979,-565.26135,184.38155,47.84526,-7.03314,16.158504,28.157017,10.962721,6.1012774,15.125663,10.758753,-0.08647971,2.9011455,9.761375
/Users/yunhwang/Desktop/Stethoscope_Project/Audio shared/Hospital sound_raw 60sec/WEBSS003_6/WEBSS-003 TP1_60sec.wav,WEBSS-003 TP1_60sec.wav,spectral_gating_-20db_4.0ratio,0.022509012,0.014088579840751599,9.912595e-07,19.582249193735812,0.33520761949281064,-19.116388,-23.569342,-26.632534,-30.229746,-33.908745,-36.67219,-37.937122,-38.692013,-40.736774,-42.664997,-44.167152,-45.052383,-45.95918,-47.084114,-47.690865,-47.741062,-48.06956,-48.79596,-49.34929,-50.206802,-50.39545,-50.782593,-51.46312,-52.968037,-54.973064,-56.645687,-57.99446,-58.845795,-59.100372,-59.602364,-60.221752,-61.042152,-62.353657,-63.26145,-66.633896,-79.66356,-79.97855,-79.98198,-79.98459,-79.98688,-79.98888,-79.99073,-79.99244,-79.99382,-79.99457,-79.99528,-79.99593,-79.99656,-79.99713,-79.9977,-79.9982,-79.99862,-79.998795,-79.99897,-79.99913,-79.99928,-79.999435,-79.999565,-79.999695,-79.9998,-79.99989,-79.99997,-80.0,-80.0,-457.40198,176.4076,48.074184,-1.8391054,19.799332,27.681536,8.974274,4.7030897,13.006289,7.170829,-2.6185825,3.208198,10.432539
/Users/yunhwang/Desktop/Stethoscope_Project/Audio shared/Hospital sound_raw 60sec/WEBSS003_6/WEBSS-003 TP6_60sec.wav,WEBSS-003 TP6_60sec.wav,spectral_gating_-20db_4.0ratio,0.015411939,0.012181003464818763,1.7007874e-06,48.526748689295225,-0.04713299134953774,-24.627298,-30.58946,-36.671894,-39.909935,-43.991917,-47.4609,-49.034557,-50.30803,-49.03314,-49.484276,-51.62099,-53.19914,-54.74825,-55.90556,-55.939095,-56.146088,-55.747833,-56.720856,-56.4816,-57.507195,-59.44174,-60.269623,-61.456833,-63.47993,-64.91113,-65.4825,-66.92357,-68.39534,-69.5023,-70.48502,-71.52567,-73.21036,-74.570694,-75.64406,-78.34119,-79.98164,-79.99475,-79.99689,-79.997314,-79.997696,-79.998024,-79.99834,-79.99863,-79.9989,-79.99915,-79.9994,-79.99963,-79.999855,-80.0,-80.0,-80.0,-80.0,-80.0,-80.0,-80.0,-80.0,-80.0,-80.0,-80.0,-80.0,-80.0,-80.0,-80.0,-80.0,-475.1932,141.02429,57.76908,9.296111,9.989993,20.71103,17.665033,11.042525,10.063387,9.097985,5.761317,5.406574,8.034745
/Users/yunhwang/Desktop/Stethoscope_Project/Audio shared/Hospital sound_raw 60sec/WEBSS002_3/WEBSS-002 TP 3_60sec.wav,WEBSS-002 TP 3_60sec.wav,spectral_gating_-20db_4.0ratio,0.019422852,0.00936193405183902,1.9585118e-06,80.23569771730605,-0.6037291659471468,-26.498993,-33.549854,-40.391876,-44.636463,-47.312027,-49.20492,-51.190678,-54.390816,-56.91996,-59.195004,-62.207466,-65.142494,-67.117516,-68.13314,-68.72962,-69.176796,-69.23648,-68.992485,-68.602615,-68.40979,-67.96233,-67.604576,-67.49957,-66.942856,-66.42148,-65.99452,-66.51292,-67.64874,-68.75742,-70.347145,-72.707344,-75.650085,-77.48699,-78.3675,-79.5379,-79.99127,-79.994484,-79.99553,-79.99635,-79.99692,-79.997246,-79.99754,-79.99782,-79.998085,-79.99834,-79.99858,-79.99881,-79.99903,-79.99925,-79.99945,-79.99965,-79.99984,-80.0,-80.0,-80.0,-80.0,-80.0,-80.0,-80.0,-80.0,-80.0,-80.0,-80.0,-80.0,-458.64862,90.37747,52.49802,31.787184,33.16095,33.643124,20.338844,5.116182,1.5919533,5.9540753,7.224599,4.1385403,2.9735024
/Users/yunhwang/Desktop/Stethoscope_Project/Audio shared/Hospital sound_raw 60sec/WEBSS002_3/WEBSS-002 TP 4_60sec.wav,WEBSS-002 TP 4_60sec.wav,spectral_gating_-20db_4.0ratio,0.037505023,0.007993393107009595,2.847986e-07,14.312012146289067,-0.4929326775675148,-20.902117,-28.912237,-36.31414,-40.732563,-42.86133,-44.93359,-48.02068,-51.120975,-53.349865,-56.130512,-59.384354,-62.241055,-64.558495,-66.28099,-67.34722,-68.34131,-69.308914,-69.95114,-70.1921,-70.70859,-70.787544,-70.788414,-70.5538,-69.51808,-68.5012,-67.87503,-67.59226,-68.285095,-69.57767,-72.11446,-74.49938,-76.35921,-77.46745,-78.068954,-79.37266,-80.0,-80.0,-80.0,-80.0,-80.0,-80.0,-80.0,-80.0,-80.0,-80.0,-80.0,-80.0,-80.0,-80.0,-80.0,-80.0,-80.0,-80.0,-80.0,-80.0,-80.0,-80.0,-80.0,-80.0,-80.0,-80.0,-80.0,-80.0,-80.0,-463.62125,102.99473,66.11568,42.424328,37.04393,31.600037,16.982086,4.188707,3.3011405,8.448518,9.000289,4.701292,2.634321
/Users/yunhwang/Desktop/Stethoscope_Project/Audio shared/Hospital sound_raw 60sec/WEBSS002_3/WEBSS-002 TP 2_60sec.wav,WEBSS-002 TP 2_60sec.wav,spectral_gating_-20db_4.0ratio,0.0036214783,0.010581075509728146,2.0495575e-06,484.98824845752347,-3.9823702575720117,-33.173275,-39.657265,-46.503616,-50.556087,-51.84389,-54.151386,-57.612217,-60.282722,-62.27591,-64.71204,-66.88927,-69.16764,-70.73196,-71.821396,-72.273384,-72.609726,-73.401955,-74.05799,-74.582,-74.71,-75.094894,-75.19498,-75.07106,-75.02735,-74.974525,-74.87627,-75.06077,-75.584114,-75.87145,-77.065926,-77.95351,-78.6063,-79.110176,-79.22574,-79.69331,-80.0,-80.0,-80.0,-80.0,-80.0,-80.0,-80.0,-80.0,-80.0,-80.0,-80.0,-80.0,-80.0,-80.0,-80.0,-80.0,-80.0,-80.0,-80.0,-80.0,-80.0,-80.0,-80.0,-80.0,-80.0,-80.0,-80.0,-80.0,-80.0,-606.8465,63.901127,49.037773,36.39449,29.208115,23.5626,16.751595,10.730196,7.687684,6.611606,5.456541,4.05062,3.4599164
/Users/yunhwang/Desktop/Stethoscope_Project/Audio shared/Hospital sound_raw 60sec/WEBSS006_12/WEBSS-006 TP6_60sec.wav,WEBSS-006 TP6_60sec.wav,spectral_gating_-20db_4.0ratio,0.03463251,0.009037367570628998,1.2398032e-06,145.2452351669243,0.19089803165399588,-35.111248,-45.065063,-52.795982,-56.488594,-59.554146,-61.89638,-64.513245,-66.188835,-67.40093,-68.64729,-69.23891,-69.330154,-69.962265,-70.88572,-71.78196,-72.8148,-73.995636,-75.60784,-77.03819,-77.87044,-78.363014,-78.58463,-78.88437,-78.98058,-79.04,-79.19192,-79.257965,-79.269516,-79.24148,-79.31805,-79.3815,-79.41066,-79.404686,-79.45787,-79.58398,-79.90863,-79.999275,-79.999794,-80.0,-80.0,-80.0,-80.0,-80.0,-80.0,-80.0,-80.0,-80.0,-80.0,-80.0,-80.0,-80.0,-80.0,-80.0,-80.0,-80.0,-80.0,-80.0,-80.0,-80.0,-80.0,-80.0,-80.0,-80.0,-80.0,-492.71878,64.09228,48.612347,33.515934,22.816927,15.936055,12.56419,12.486205,13.347602,12.653408,10.537276,8.365964,6.5019293
/Users/yunhwang/Desktop/Stethoscope_Project/Audio shared/Hospital sound_raw 60sec/WEBSS006_12/WEBSS-006 TP11_60sec.wav,WEBSS-006 TP11_60sec.wav,spectral_gating_-20db_4.0ratio,0.01892169,0.006179777035581023,5.9150507e-06,10.183022404074121,0.714251262492432,-18.005184,-29.30092,-37.88006,-42.804962,-46.85292,-49.529816,-51.684395,-53.39116,-54.64824,-55.846798,-57.426163,-58.545055,-59.79002,-61.785164,-63.95448,-65.286316,-65.83115,-66.40733,-67.75096,-70.66713,-72.58646,-73.99037,-75.178085,-75.086624,-75.56953,-77.178085,-77.7293,-77.96345,-78.21092,-78.5515,-78.72193,-78.938034,-79.08576,-79.17541,-79.54081,-79.92704,-79.977325,-79.97949,-79.98119,-79.982544,-79.98319,-79.9838,-79.98437,-79.9849,-79.985405,-79.9859,-79.98637,-79.98681,-79.98724,-79.987656,-79.98806,-79.98844,-79.98881,-79.98916,-79.98949,-79.98981,-79.99009,-79.990364,-79.99061,-79.99082,-79.99101,-79.99117,-79.99129,-79.991356,-576.77264,103.82333,73.47299,43.623344,24.643957,16.234789,14.049405,14.409157,14.456202,12.829704,10.525074,9.098533,8.596676
/Users/yunhwang/Desktop/Stethoscope_Project/Audio shared/Hospital sound_raw 60sec/WEBSS006_12/WEBSS-006 TP1_60sec.wav,WEBSS-006 TP1_60sec.wav,spectral_gating_-20db_4.0ratio,0.024207,0.007408288496135395,1.5332497e-06,10.165134073502276,0.3243551852119875,-20.370422,-35.262398,-40.972866,-43.44288,-46.332787,-48.08672,-49.906578,-52.36832,-53.97968,-54.455948,-54.949654,-56.616844,-57.86254,-58.84161,-60.268307,-62.152744,-64.18456,-66.02289,-67.63271,-68.944695,-70.44196,-71.51028,-72.57904,-73.57469,-74.56105,-75.23681,-75.99365,-76.65505,-77.24935,-77.771736,-78.30519,-78.71091,-78.93685,-79.17524,-79.79495,-79.96972,-79.97566,-79.9789,-79.981674,-79.98402,-79.98569,-79.98767,-79.98917,-79.99019,-79.99106,-79.99217,-79.9931,-79.99393,-79.9947,-79.995155,-79.99557,-79.99597,-79.996346,-79.996704,-79.99692,-79.99708,-79.99722,-79.99737,-79.99748,-79.997604,-79.997696,-79.99778,-79.99783,-79.99787,-515.0442,99.387474,69.13723,38.272926,18.437084,10.601269,9.682836,10.853078,11.640394,11.227497,9.775086,7.987013,6.507657
/Users/yunhwang/Desktop/Stethoscope_Project/Audio shared/Hospital sound_raw 60sec/WEBSS006_12/WEBSS-006 TP7_60sec.wav,WEBSS-006 TP7_60sec.wav,spectral_gating_-20db_4.0ratio,0.017864242,0.010529800772921108,3.1479656e-06,197.9503957845261,-0.38496732073731993,-32.052254,-41.449497,-46.442043,-49.453983,-52.366898,-54.765587,-57.677124,-60.16282,-61.32425,-62.28624,-63.001774,-63.88197,-65.04488,-65.76411,-67.500854,-68.92849,-70.82596,-73.43323,-75.12002,-76.668175,-77.641174,-78.45384,-78.92227,-79.12435,-79.41101,-79.42852,-79.51294,-79.39549,-79.43595,-79.51838,-79.6133,-79.65349,-79.70582,-79.720436,-79.785515,-79.97206,-79.999,-79.99956,-79.99999,-80.0,-80.0,-80.0,-80.0,-80.0,-80.0,-80.0,-80.0,-80.0,-80.0,-80.0,-80.0,-80.0,-80.0,-80.0,-80.0,-80.0,-80.0,-80.0,-80.0,-80.0,-80.0,-80.0,-80.0,-80.0,-501.16287,82.399284,61.95894,39.380894,21.93099,11.913167,8.683665,9.827871,11.671807,11.444733,9.115101,6.304632,4.1747355
/Users/yunhwang/Desktop/Stethoscope_Project/Audio shared/Hospital sound_raw 60sec/WEBSS006_12/WEBSS-006 TP10_60sec.wav,WEBSS-006 TP10_60sec.wav,spectral_gating_-20db_4.0ratio,0.018602677,0.01014823344216418,4.892287e-07,135.8417386257064,-0.4001070541722127,-31.497948,-40.418644,-45.302345,-49.575348,-52.452045,-55.210697,-56.77578,-58.235184,-60.07635,-61.70272,-63.293377,-63.183487,-63.755665,-65.63577,-68.24192,-70.323456,-72.254745,-73.82338,-75.55945,-76.798004,-77.76156,-78.420616,-78.72803,-78.89236,-79.08252,-79.19475,-79.24813,-79.317215,-79.4002,-79.46705,-79.512245,-79.59845,-79.64462,-79.65126,-79.76708,-79.95722,-80.0,-80.0,-80.0,-80.0,-80.0,-80.0,-80.0,-80.0,-80.0,-80.0,-80.0,-80.0,-80.0,-80.0,-80.0,-80.0,-80.0,-80.0,-80.0,-80.0,-80.0,-80.0,-80.0,-80.0,-80.0,-80.0,-80.0,-80.0,-507.89932,80.3431,61.126423,39.949356,23.275845,12.935141,8.594128,8.725302,10.409136,10.966123,9.824504,7.887923,5.925802
/Users/yunhwang/Desktop/Stethoscope_Project/Audio shared/Hospital sound_raw 60sec/WEBSS006_12/WEBSS-006 TP2_60sec.wav,WEBSS-006 TP2_60sec.wav,spectral_gating_-20db_4.0ratio,0.048635967,0.01199256230010661,1.2175157e-06,9.693619924163198,-0.053820974504207905,-22.28186,-29.368368,-32.948177,-36.852985,-40.626656,-43.40345,-45.631165,-47.78811,-49.31345,-49.997444,-51.429096,-52.859295,-53.99169,-55.547314,-56.946545,-59.42957,-62.135273,-64.38075,-66.24147,-68.71776,-70.783,-71.88843,-73.25624,-74.32487,-75.13587,-75.95897,-76.75628,-77.04295,-77.54793,-78.02405,-78.45414,-79.01485,-79.232925,-79.35438,-79.702576,-79.99032,-79.99434,-79.99637,-79.99745,-79.998146,-79.99882,-79.9994,-79.99996,-80.0,-80.0,-80.0,-80.0,-80.0,-80.0,-80.0,-80.0,-80.0,-80.0,-80.0,-80.0,-80.0,-80.0,-80.0,-80.0,-80.0,-80.0,-80.0,-80.0,-80.0,-452.0626,120.16488,81.63937,42.543976,17.519943,7.675521,6.9765353,9.4796095,11.3239155,10.752238,8.282353,5.616872,3.8074267
/Users/yunhwang/Desktop/Stethoscope_Project/Audio shared/Hospital sound_raw 60sec/WEBSS006_12/WEBSS-006 TP4_60sec.wav,WEBSS-006 TP4_60sec.wav,spectral_gating_-20db_4.0ratio,0.020206265,0.006608364018937401,5.4439545e-07,26.8930054007707,-0.2932732135908943,-24.706802,-38.332886,-44.60811,-47.024822,-50.46137,-53.17717,-55.90381,-58.009228,-59.01452,-59.715076,-60.339058,-61.18741,-62.280197,-63.221226,-64.63222,-66.044044,-67.96733,-70.12915,-72.05353,-73.92608,-75.25141,-76.36787,-77.0734,-77.67218,-78.03839,-78.41877,-78.68252,-78.89366,-78.97285,-79.09559,-79.13444,-79.23892,-79.31666,-79.34555,-79.54366,-79.93501,-79.98799,-79.9887,-79.99005,-79.99028,-79.991615,-79.993706,-79.99448,-79.995285,-79.996,-79.9967,-79.99712,-79.99758,-79.997955,-79.99834,-79.9987,-79.999016,-79.99938,-79.99967,-79.99992,-80.0,-80.0,-80.0,-80.0,-80.0,-80.0,-80.0,-80.0,-80.0,-530.6802,85.732376,62.457375,38.658714,21.925385,13.003613,10.4028845,11.867241,13.77664,13.3291645,10.856278,8.215005,6.222183
/Users/yunhwang/Desktop/Stethoscope_Project/Audio shared/Hospital sound_raw 60sec/WEBSS006_12/WEBSS-006 TP9_60sec.wav,WEBSS-006 TP9_60sec.wav,spectral_gating_-20db_4.0ratio,0.014013994,0.010615952741871002,1.7703433e-06,149.06515117311667,-1.2485577325694563,-32.252254,-44.57768,-52.023525,-55.294453,-57.290936,-59.948868,-62.057457,-63.752075,-63.74404,-63.368397,-63.902603,-64.19885,-65.049995,-66.01156,-67.06521,-68.61842,-69.89704,-71.70118,-73.721565,-75.41737,-76.27597,-77.14109,-78.159584,-78.45304,-78.80205,-78.73543,-78.98463,-79.36355,-79.36592,-79.57416,-79.60193,-79.69655,-79.68284,-79.75473,-79.820274,-79.97031,-79.99672,-79.99783,-79.99869,-79.99943,-80.0,-80.0,-80.0,-80.0,-80.0,-80.0,-80.0,-80.0,-80.0,-80.0,-80.0,-80.0,-80.0,-80.0,-80.0,-80.0,-80.0,-80.0,-80.0,-80.0,-80.0,-80.0,-80.0,-80.0,-526.2674,72.42331,52.187305,31.106333,16.748926,10.416578,9.910475,12.124533,13.997384,13.733099,11.653367,9.1594515,7.1842203
/Users/yunhwang/Desktop/Stethoscope_Project/Audio shared/Hospital sound_raw 60sec/WEBSS006_12/WEBSS-006 TP3_60sec.wav,WEBSS-006 TP3_60sec.wav,spectral_gating_-20db_4.0ratio,0.032038875,0.007428590168576759,2.4452872e-06,260.646195020305,-0.19061527201391693,-39.502472,-50.518036,-56.891975,-60.23886,-63.7807,-66.75966,-69.32844,-71.10768,-72.10123,-72.72925,-73.241356,-74.06212,-74.66999,-75.190834,-75.91223,-76.9,-77.98462,-78.84004,-79.220566,-79.425026,-79.55269,-79.58892,-79.63454,-79.676636,-79.67309,-79.675476,-79.695915,-79.710655,-79.725266,-79.74084,-79.752716,-79.76431,-79.767204,-79.79118,-79.84685,-79.965866,-80.0,-80.0,-80.0,-80.0,-80.0,-80.0,-80.0,-80.0,-80.0,-80.0,-80.0,-80.0,-80.0,-80.0,-80.0,-80.0,-80.0,-80.0,-80.0,-80.0,-80.0,-80.0,-80.0,-80.0,-80.0,-80.0,-80.0,-80.0,-438.99088,41.263073,35.136726,28.420858,22.539875,17.620373,14.048031,12.191096,11.4063225,10.642197,9.563637,8.3497925,7.04681
/Users/yunhwang/Desktop/Stethoscope_Project/Audio shared/Hospital sound_raw 60sec/WEBSS006_12/WEBSS-006 TP12_60sec.wav,WEBSS-006 TP12_60sec.wav,spectral_gating_-20db_4.0ratio,0.033528633,0.015853003398187633,4.7538973e-07,65.50820884394466,-0.15912257601142202,-34.557426,-41.840195,-48.561726,-51.44963,-51.743397,-52.091873,-53.365685,-55.360825,-57.473927,-59.508,-59.281483,-59.419983,-61.185143,-63.65245,-65.60658,-67.19505,-69.62462,-71.19106,-72.68349,-74.783646,-75.8755,-76.356415,-76.69137,-76.88289,-77.1674,-77.50536,-77.75283,-77.83649,-77.96074,-78.08691,-78.30467,-78.39188,-78.52949,-78.668724,-79.08365,-79.904976,-80.0,-80.0,-80.0,-80.0,-80.0,-80.0,-80.0,-80.0,-80.0,-80.0,-80.0,-80.0,-80.0,-80.0,-80.0,-80.0,-80.0,-80.0,-80.0,-80.0,-80.0,-80.0,-80.0,-80.0,-80.0,-80.0,-80.0,-80.0,-489.80664,88.026955,59.007214,33.097324,17.208027,7.8350763,3.3188448,4.323627,7.6704717,8.79349,7.5713778,6.3103185,5.2600107
/Users/yunhwang/Desktop/Stethoscope_Project/Audio shared/Hospital sound_raw 60sec/WEBSS006_12/WEBSS-006 TP5_60sec.wav,WEBSS-006 TP5_60sec.wav,spectral_gating_-20db_4.0ratio,0.048178922,0.007885898354211088,1.6495038e-07,6.712004070336606,0.1859387522964556,-21.186504,-35.869743,-41.878998,-44.074577,-47.27369,-50.227547,-51.641937,-54.3095,-55.894833,-57.55879,-59.31538,-60.452374,-61.53115,-62.703365,-64.081116,-66.2454,-68.151566,-69.87479,-71.41162,-72.911995,-74.00653,-75.036964,-76.15381,-76.73889,-77.35096,-77.760376,-78.14378,-78.53543,-78.85096,-79.049515,-79.24395,-79.41296,-79.483574,-79.58605,-79.850136,-79.98841,-79.99038,-79.99009,-79.99634,-79.99734,-79.998055,-79.99871,-79.9993,-79.999825,-80.0,-80.0,-80.0,-80.0,-80.0,-80.0,-80.0,-80.0,-80.0,-80.0,-80.0,-80.0,-80.0,-80.0,-80.0,-80.0,-80.0,-80.0,-80.0,-80.0,-479.09497,95.28305,70.046776,43.198067,24.095316,14.3718195,11.231439,11.261022,11.726915,11.106412,9.450153,7.6375003,6.2409573
/Users/yunhwang/Desktop/Stethoscope_Project/Audio shared/Hospital sound_raw 60sec/WEBSS006_12/WEBSS-006 TP8_60sec.wav,WEBSS-006 TP8_60sec.wav,spectral_gating_-20db_4.0ratio,0.04909895,0.006065515058635395,3.7219917e-07,4.353187788326307,0.04700137346715021,-14.920322,-27.850447,-33.656357,-38.650524,-42.432396,-45.004456,-47.772854,-49.679615,-50.94418,-51.791374,-52.938828,-54.38517,-55.721157,-56.801815,-57.989704,-59.420727,-60.852985,-61.844738,-62.69428,-65.546036,-67.18774,-68.21474,-69.258026,-70.36046,-71.783134,-72.6985,-73.54569,-74.337685,-75.186104,-76.15208,-76.9883,-77.652725,-78.1879,-78.46848,-79.524055,-79.952675,-79.992966,-79.993904,-79.99469,-79.995384,-79.99599,-79.99655,-79.99693,-79.99719,-79.997444,-79.997665,-79.9979,-79.998116,-79.99834,-79.998535,-79.998726,-79.99892,-79.99909,-79.99927,-79.999435,-79.99958,-79.999725,-79.999855,-79.999985,-80.0,-80.0,-80.0,-80.0,-80.0,-495.14017,122.96841,77.27131,37.164135,18.339567,14.942463,15.472209,15.106551,13.939973,12.155163,9.910029,8.106255,7.214718
/Users/yunhwang/Desktop/Stethoscope_Project/Audio shared/Hospital sound_raw 60sec/WEBSS005_6/WEBSS-005 TP6_60sec.wav,WEBSS-005 TP6_60sec.wav,spectral_gating_-20db_4.0ratio,0.044037074,0.016873813132995734,1.1308047e-06,4.549661623810842,-0.1628805186304374,-18.276777,-23.254694,-25.009945,-25.039452,-26.641424,-31.323936,-32.861664,-34.505527,-36.002354,-38.35294,-40.121048,-40.62051,-41.28004,-43.488,-46.380646,-49.239704,-51.27412,-53.01048,-54.791344,-56.21335,-57.04115,-57.98897,-58.635418,-59.63142,-60.60602,-61.435425,-61.791336,-62.739853,-64.288666,-66.19901,-68.047356,-69.48661,-70.353264,-71.20712,-74.66846,-79.93434,-79.97503,-79.97953,-79.98247,-79.98457,-79.98647,-79.98843,-79.99012,-79.99119,-79.99225,-79.9932,-79.994156,-79.99502,-79.99591,-79.99665,-79.99694,-79.99715,-79.99733,-79.9975,-79.99767,-79.99783,-79.997986,-79.998116,-79.998245,-79.99835,-79.99845,-79.99853,-79.99858,-79.99862,-442.26578,184.07545,77.59458,16.969633,13.7670765,16.08647,3.5496948,-2.6376688,4.3135276,8.272364,4.520947,2.283703,2.6961367
/Users/yunhwang/Desktop/Stethoscope_Project/Audio shared/Hospital sound_raw 60sec/WEBSS005_6/WEBSS-005 TP1_60sec.wav,WEBSS-005 TP1_60sec.wav,spectral_gating_-20db_4.0ratio,0.0384783,0.035250210304504266,1.7581764e-05,5.659511725192379,-0.2968521239078881,-41.021423,-35.073544,-27.396868,-24.906172,-25.149078,-25.824791,-28.094664,-28.213234,-29.683638,-33.489975,-36.277107,-40.092873,-43.62383,-46.980576,-50.38999,-52.55744,-53.73465,-55.13536,-58.21725,-60.597206,-61.9248,-63.424423,-64.12914,-64.61347,-65.078476,-65.01475,-65.61205,-67.62667,-70.584236,-73.46392,-76.26444,-78.446655,-79.69013,-79.952126,-79.98014,-79.9863,-79.98758,-79.98809,-79.98857,-79.98907,-79.98953,-79.98999,-79.99043,-79.99086,-79.99129,-79.991714,-79.99213,-79.99254,-79.99294,-79.99335,-79.99372,-79.994095,-79.99444,-79.99476,-79.99507,-79.99535,-79.99563,-79.99589,-79.99613,-79.99635,-79.99655,-79.9967,-79.996796,-79.99682,-460.06223,172.91194,88.168495,21.55407,-1.1483403,-2.4846826,-8.718852,-18.256012,-17.860815,-9.1830225,-4.9042854,-8.245987,-10.560012
/Users/yunhwang/Desktop/Stethoscope_Project/Audio shared/Hospital sound_raw 60sec/WEBSS005_6/WEBSS-005 TP4_60sec.wav,WEBSS-005 TP4_60sec.wav,spectral_gating_-20db_4.0ratio,0.020357708,0.017242887126865673,9.660839e-07,14.77182171319135,-0.5996070629614727,-26.36335,-30.612852,-31.602154,-34.10002,-36.19543,-37.463943,-39.144314,-41.445248,-43.218735,-44.456665,-45.229977,-46.689922,-49.078747,-52.0302,-54.848473,-57.39734,-60.23003,-62.604927,-64.7489,-66.707375,-68.18086,-69.67562,-70.98965,-72.29207,-73.4964,-74.670044,-75.69256,-76.551155,-77.26739,-77.89012,-78.431206,-78.78683,-79.11294,-79.29359,-79.75233,-79.98609,-79.991745,-79.994286,-79.99555,-79.996635,-79.997604,-79.99826,-79.99853,-79.99879,-79.99902,-79.99927,-79.99949,-79.99971,-79.99992,-80.0,-80.0,-80.0,-80.0,-80.0,-80.0,-80.0,-80.0,-80.0,-80.0,-80.0,-80.0,-80.0,-80.0,-80.0,-498.93924,147.95016,90.95379,38.181343,9.77558,1.4004465,0.8404043,1.9113897,3.5290346,4.882128,5.1472216,4.42915,3.1127071
/Users/yunhwang/Desktop/Stethoscope_Project/Audio shared/Hospital sound_raw 60sec/WEBSS005_6/WEBSS-005 TP2_60sec.wav,WEBSS-005 TP2_60sec.wav,spectral_gating_-20db_4.0ratio,0.042342383,0.022048657382729212,3.9207803e-06,29.33389483849009,-1.1531197521236065,-35.295116,-40.568226,-43.919834,-43.78206,-42.682487,-42.61764,-45.683903,-49.19799,-50.99616,-51.77637,-52.428776,-53.98401,-57.299904,-60.161785,-62.36248,-64.63419,-66.12084,-67.60467,-69.02998,-71.96404,-73.46164,-74.227196,-74.725845,-75.09666,-75.498184,-76.113625,-76.590126,-77.050026,-77.629074,-78.19147,-78.66458,-78.83043,-78.98164,-79.16079,-79.5338,-79.98922,-79.99189,-79.992905,-79.99372,-79.99443,-79.995026,-79.995636,-79.99617,-79.99663,-79.99697,-79.99719,-79.99742,-79.99765,-79.997856,-79.99807,-79.99827,-79.99844,-79.99862,-79.998795,-79.99897,-79.999115,-79.99927,-79.99939,-79.99951,-79.999626,-79.99972,-79.999794,-79.99985,-79.999886,-431.94324,106.98934,70.53598,36.12091,14.976464,4.389967,-0.54007727,-1.1696851,1.0744653,3.115499,3.3177507,2.4971948,1.7697642
/Users/yunhwang/Desktop/Stethoscope_Project/Audio shared/Hospital sound_raw 60sec/WEBSS005_6/WEBSS-005 TP5_60sec.wav,WEBSS-005 TP5_60sec.wav,spectral_gating_-20db_4.0ratio,0.08415587,0.01800367928771322,8.564456e-07,5.012072618524458,-0.25423851490441657,-23.68694,-26.512869,-24.355507,-26.771812,-30.901958,-32.862595,-33.653233,-35.7467,-40.2408,-42.057068,-43.3246,-45.546093,-48.362267,-51.69359,-54.724262,-57.887486,-59.58273,-60.798332,-62.633167,-63.60384,-65.311615,-66.07001,-66.853264,-67.78689,-68.509254,-68.870476,-68.79996,-69.471634,-71.36809,-73.84447,-75.62202,-76.62646,-77.21655,-77.704544,-79.3714,-79.96411,-79.96903,-79.97027,-79.9712,-79.972046,-79.97276,-79.97345,-79.974075,-79.97465,-79.97522,-79.97575,-79.97626,-79.976746,-79.97721,-79.97766,-79.97808,-79.978485,-79.97887,-79.979225,-79.97956,-79.97987,-79.98018,-79.980446,-79.98069,-79.98093,-79.981125,-79.98129,-79.981415,-79.9815,-379.57642,151.62856,91.1251,40.38543,17.562311,10.369389,3.8114874,-2.0482945,-1.8265896,2.2955022,3.9693742,2.0119574,0.23081717
/Users/yunhwang/Desktop/Stethoscope_Project/Audio shared/Hospital sound_raw 60sec/WEBSS005_6/WEBSS-005 TP3_60sec.wav,WEBSS-005 TP3_60sec.wav,spectral_gating_-20db_4.0ratio,0.026185164,0.015545094699493603,1.1626818e-05,13.337701947147742,-0.6597315111594609,-17.439877,-23.832554,-27.94212,-30.5096,-32.28224,-34.04544,-34.883965,-35.933357,-37.92709,-40.26293,-41.81523,-43.618855,-45.59431,-48.070496,-50.23648,-52.206715,-52.69653,-53.318222,-54.643143,-56.932312,-58.91135,-60.72892,-61.747437,-62.152554,-62.271675,-62.36343,-61.497856,-62.052383,-63.839493,-66.92072,-69.79853,-71.5815,-72.59153,-73.05102,-76.67261,-79.92952,-79.962654,-79.96423,-79.9651,-79.965904,-79.96655,-79.967155,-79.96771,-79.96822,-79.96872,-79.96921,-79.96968,-79.97017,-79.970604,-79.97104,-79.97142,-79.97179,-79.97214,-79.972496,-79.97285,-79.97318,-79.973465,-79.97372,-79.97395,-79.97419,-79.974396,-79.97453,-79.97463,-79.974724,-492.9786,177.83665,75.30135,17.192675,15.460759,18.823236,5.4983892,-2.532229,4.5881457,10.046727,5.3224597,0.61839044,2.4295151
/Users/yunhwang/Desktop/Stethoscope_Project/Audio shared/Hospital sound_raw 60sec/WEBSS004_5/WEBSS-004 TP3_60sec.wav,WEBSS-004 TP3_60sec.wav,spectral_gating_-20db_4.0ratio,0.037956093,0.00854596298640725,1.0036277e-06,15.61715336957058,-0.04003917387371242,-19.506674,-24.704473,-33.22003,-40.932503,-45.13994,-47.607666,-50.728462,-53.42724,-54.64814,-54.077297,-54.556145,-56.638523,-56.14363,-56.59335,-59.051975,-59.7222,-61.47121,-65.6332,-68.47483,-68.05087,-68.765205,-70.73661,-71.59918,-72.38097,-71.96465,-73.29864,-75.63338,-77.06853,-77.883736,-78.28921,-78.434044,-78.85556,-79.073326,-79.22501,-79.6199,-79.98597,-79.989845,-79.99092,-79.99165,-79.99239,-79.993004,-79.99358,-79.994125,-79.99465,-79.995155,-79.99561,-79.99607,-79.99652,-79.99686,-79.99707,-79.99726,-79.99745,-79.997635,-79.9978,-79.99797,-79.998116,-79.99827,-79.9984,-79.99852,-79.99863,-79.99872,-79.9988,-79.99885,-79.99889,-524.0489,127.588974,78.961624,37.42237,18.9541,16.017488,16.240948,15.62674,15.285131,15.232622,14.160031,11.32005,7.268225
/Users/yunhwang/Desktop/Stethoscope_Project/Audio shared/Hospital sound_raw 60sec/WEBSS004_5/WEBSS-004 TP5_60sec.wav,WEBSS-004 TP5_60sec.wav,spectral_gating_-20db_4.0ratio,0.027069813,0.006318765408448827,2.1130381e-06,27.420114687267493,1.0761078526625387,-26.77726,-33.443645,-42.900585,-51.849766,-54.500034,-56.23974,-59.318443,-62.54011,-64.68792,-65.41931,-65.87173,-66.98397,-68.86231,-70.83563,-72.21637,-73.611275,-74.826096,-75.73274,-76.06738,-76.4626,-76.7636,-76.97783,-77.34235,-77.49232,-77.74097,-77.97446,-78.193695,-78.4286,-78.61162,-78.80933,-79.04696,-79.238815,-79.42711,-79.57055,-79.8422,-79.95756,-79.96168,-79.96384,-79.96499,-79.965744,-79.96639,-79.96699,-79.96757,-79.96809,-79.9686,-79.96909,-79.96955,-79.97001,-79.970436,-79.970856,-79.97124,-79.971634,-79.972,-79.97235,-79.97268,-79.97299,-79.97328,-79.97355,-79.9738,-79.974014,-79.9742,-79.97436,-79.97447,-79.97455,-525.0622,81.98661,61.68527,43.044125,31.349266,23.850628,17.8499,14.012367,12.774171,12.505773,11.767782,10.578887,9.19553
/Users/yunhwang/Desktop/Stethoscope_Project/Audio shared/Hospital sound_raw 60sec/WEBSS004_5/WEBSS-004 TP2_60sec.wav,WEBSS-004 TP2_60sec.wav,spectral_gating_-20db_4.0ratio,0.037629623,0.007187572877798507,2.568043e-06,14.780512573569482,0.2195914446977068,-19.747074,-25.509937,-34.396416,-41.56255,-45.99345,-49.16841,-51.75717,-55.046074,-57.38879,-57.251823,-57.99583,-58.779476,-59.836807,-61.635612,-63.428154,-64.64308,-66.29159,-68.617744,-70.453964,-71.89702,-73.24817,-73.96727,-74.12098,-74.8339,-75.65958,-76.80241,-77.650856,-78.34037,-78.45185,-78.84503,-79.03501,-79.19911,-79.315056,-79.42514,-79.7435,-79.95332,-79.98453,-79.98557,-79.9864,-79.98712,-79.98776,-79.988365,-79.98892,-79.989456,-79.98995,-79.99044,-79.990906,-79.99135,-79.99177,-79.99219,-79.992584,-79.99297,-79.99333,-79.993675,-79.99401,-79.994316,-79.99461,-79.99488,-79.99512,-79.99534,-79.99553,-79.99569,-79.995804,-79.99587,-534.53595,117.249016,79.5926,44.774067,25.404692,18.47676,16.56271,15.983634,15.614274,14.607695,12.750764,10.380381,7.6799955
/Users/yunhwang/Desktop/Stethoscope_Project/Audio shared/Hospital sound_raw 60sec/WEBSS004_5/WEBSS-004 TP4_60sec.wav,WEBSS-004 TP4_60sec.wav,spectral_gating_-20db_4.0ratio,0.045763504,0.008530866871002133,2.6073488e-07,133.52218150928684,0.5416986776704366,-38.471233,-43.447895,-50.297707,-57.078716,-61.967632,-64.7053,-67.411194,-70.23056,-71.56214,-72.25318,-72.644,-73.54679,-74.31365,-75.09913,-76.44359,-76.766106,-77.59502,-78.05225,-78.42491,-78.665276,-78.87606,-78.97276,-79.03105,-79.11797,-79.189514,-79.25061,-79.29478,-79.34395,-79.38519,-79.43897,-79.48264,-79.54291,-79.55977,-79.57316,-79.66944,-79.9117,-80.0,-80.0,-80.0,-80.0,-80.0,-80.0,-80.0,-80.0,-80.0,-80.0,-80.0,-80.0,-80.0,-80.0,-80.0,-80.0,-80.0,-80.0,-80.0,-80.0,-80.0,-80.0,-80.0,-80.0,-80.0,-80.0,-80.0,-80.0,-435.13763,51.871925,42.749638,34.261322,27.987604,22.586628,18.018103,15.229136,13.659597,12.005711,10.182088,8.660233,7.2141814
/Users/yunhwang/Desktop/Stethoscope_Project/Audio shared/Hospital sound_raw 60sec/WEBSS004_5/WEBSS-004 TP1_60sec.wav,WEBSS-004 TP1_60sec.wav,spectral_gating_-20db_4.0ratio,0.09728588,0.01451309301705757,5.291407e-06,17.298698257492052,0.08684357466582857,-36.187817,-42.036507,-51.35787,-56.740314,-58.421635,-59.13242,-59.11543,-60.486225,-62.754852,-64.59263,-65.8848,-66.90924,-67.75737,-68.31557,-69.039474,-69.74704,-70.7627,-72.202644,-73.31529,-74.33207,-75.09741,-75.45329,-75.68032,-75.79222,-75.908585,-76.13686,-76.35961,-76.52592,-76.4612,-76.44353,-76.55342,-76.84941,-77.01034,-77.21771,-77.73138,-79.63659,-80.0,-80.0,-80.0,-80.0,-80.0,-80.0,-80.0,-80.0,-80.0,-80.0,-80.0,-80.0,-80.0,-80.0,-80.0,-80.0,-80.0,-80.0,-80.0,-80.0,-80.0,-80.0,-80.0,-80.0,-80.0,-80.0,-80.0,-80.0,-418.0687,70.550255,42.80846,25.674278,20.44476,15.50866,10.023654,9.750216,11.917447,10.449727,7.1880198,6.44107,6.735256
