file_path,filename,original_filename,segment_index,logmel_0,logmel_1,logmel_2,logmel_3,logmel_4,logmel_5,logmel_6,logmel_7,logmel_8,logmel_9,logmel_10,logmel_11,logmel_12,logmel_13,logmel_14,logmel_15,logmel_16,logmel_17,logmel_18,logmel_19,logmel_20,logmel_21,logmel_22,logmel_23,logmel_24,logmel_25,logmel_26,logmel_27,logmel_28,logmel_29,logmel_30,logmel_31,logmel_32,logmel_33,logmel_34,logmel_35,logmel_36,logmel_37,logmel_38,logmel_39,logmel_40,logmel_41,logmel_42,logmel_43,logmel_44,logmel_45,logmel_46,logmel_47,logmel_48,logmel_49,logmel_50,logmel_51,logmel_52,logmel_53,logmel_54,logmel_55,logmel_56,logmel_57,logmel_58,logmel_59,logmel_60,logmel_61,logmel_62,logmel_63
/Users/yunhwang/Desktop/Stethoscope_Project/Audio shared/ML test sound list/RAW sound_ML test sound list/KP001_WWS.wav,KP001_WWS_seg1,KP001_WWS.wav,0,-18.442656,-19.637682,-22.10804,-24.94679,-27.393599,-31.437525,-37.096046,-41.94506,-45.785,-48.186054,-50.612263,-52.550053,-53.609264,-54.911896,-56.55194,-58.320477,-60.584103,-61.79592,-63.481266,-64.41329,-65.64541,-66.46493,-67.13525,-67.68618,-67.88814,-68.72946,-69.12937,-69.47177,-69.74143,-70.050064,-70.984314,-71.81064,-72.18477,-72.69943,-76.43824,-79.9364,-79.945366,-79.94978,-79.95344,-79.956825,-79.95993,-79.9629,-79.965744,-79.968475,-79.97003,-79.9712,-79.972336,-79.97346,-79.974556,-79.97564,-79.97668,-79.9777,-79.978676,-79.97962,-79.98053,-79.981384,-79.98219,-79.98294,-79.98362,-79.98422,-79.984764,-79.98518,-79.98552,-79.985725
/Users/yunhwang/Desktop/Stethoscope_Project/Audio shared/ML test sound list/RAW sound_ML test sound list/KP001_WWS.wav,KP001_WWS_seg2,KP001_WWS.wav,1,-22.95832,-24.751337,-27.395666,-29.750786,-31.967548,-36.268402,-41.502434,-46.260975,-50.25496,-52.715485,-54.967438,-56.676556,-57.557396,-58.633045,-60.027637,-62.349117,-64.24263,-65.9069,-67.624794,-68.702835,-69.58117,-70.352234,-70.89861,-71.3463,-71.9535,-72.36006,-72.80926,-73.17347,-73.28296,-73.59053,-74.37949,-75.1738,-75.80062,-75.98159,-78.255455,-79.931,-79.93485,-79.938644,-79.94231,-79.94605,-79.94969,-79.95333,-79.95692,-79.960464,-79.96398,-79.96745,-79.970856,-79.9742,-79.977486,-79.97994,-79.982,-79.98356,-79.984535,-79.98548,-79.98638,-79.98724,-79.988045,-79.98879,-79.98948,-79.99008,-79.990616,-79.99105,-79.99138,-79.991585
/Users/yunhwang/Desktop/Stethoscope_Project/Audio shared/ML test sound list/RAW sound_ML test sound list/KP001_WWS.wav,KP001_WWS_seg3,KP001_WWS.wav,2,-18.89613,-29.092405,-32.139812,-35.300938,-36.763927,-40.379326,-43.52383,-45.981274,-48.513405,-50.086784,-51.774185,-52.6764,-53.85059,-55.304276,-56.88713,-57.81321,-59.966324,-62.173595,-63.351486,-64.08794,-64.74257,-65.339554,-65.66973,-65.76374,-65.7599,-66.30561,-66.80085,-67.09858,-67.22959,-66.24861,-66.90841,-68.09741,-68.19327,-68.30083,-72.23388,-79.858025,-79.89759,-79.90644,-79.910484,-79.91287,-79.91521,-79.91757,-79.91991,-79.922226,-79.92453,-79.92682,-79.929054,-79.93126,-79.93343,-79.93556,-79.93762,-79.939644,-79.9416,-79.94346,-79.94526,-79.94696,-79.948555,-79.95004,-79.9514,-79.952614,-79.95366,-79.95452,-79.955185,-79.9556
/Users/yunhwang/Desktop/Stethoscope_Project/Audio shared/ML test sound list/RAW sound_ML test sound list/KP011_WWS.wav,KP011_WWS_seg1,KP011_WWS.wav,0,-8.380287,-14.812394,-19.045294,-20.687555,-22.794193,-24.427425,-27.077059,-29.284632,-30.707483,-31.705328,-32.734985,-34.30013,-35.452415,-35.976864,-36.524136,-37.61802,-38.537888,-39.653244,-41.182518,-42.264107,-43.256092,-44.290154,-45.19099,-45.800087,-46.92406,-47.596928,-48.127197,-49.152313,-49.721794,-50.324337,-51.611137,-52.40751,-53.470524,-54.780857,-59.037197,-76.10004,-79.799644,-79.80959,-79.81749,-79.824646,-79.83113,-79.83727,-79.843124,-79.84873,-79.85305,-79.857155,-79.8611,-79.86491,-79.86859,-79.87217,-79.87559,-79.87892,-79.8821,-79.88513,-79.88804,-79.89076,-79.89332,-79.895676,-79.89783,-79.899734,-79.9014,-79.902756,-79.90379,-79.90444
/Users/yunhwang/Desktop/Stethoscope_Project/Audio shared/ML test sound list/RAW sound_ML test sound list/KP011_WWS.wav,KP011_WWS_seg2,KP011_WWS.wav,1,-11.441489,-16.95277,-21.018747,-22.949993,-25.120264,-26.27931,-29.286001,-31.65516,-33.005695,-34.368404,-35.62349,-36.795856,-37.970566,-38.666725,-39.33382,-40.19653,-41.177624,-42.372353,-43.574226,-44.9225,-46.206886,-46.946365,-47.739212,-48.485363,-49.466377,-50.221348,-50.76843,-51.38033,-51.895245,-52.808033,-54.226574,-54.89898,-55.846996,-57.162376,-61.51731,-77.15525,-79.83983,-79.84572,-79.85096,-79.85615,-79.8611,-79.86601,-79.87084,-79.875595,-79.880295,-79.88493,-79.88948,-79.893456,-79.89675,-79.89999,-79.90309,-79.90615,-79.909096,-79.91191,-79.91463,-79.91719,-79.91959,-79.92184,-79.92388,-79.9257,-79.92729,-79.92857,-79.92957,-79.9302
/Users/yunhwang/Desktop/Stethoscope_Project/Audio shared/ML test sound list/RAW sound_ML test sound list/KP011_WWS.wav,KP011_WWS_seg3,KP011_WWS.wav,2,-10.752505,-17.157171,-21.481794,-23.5085,-25.377914,-26.833323,-29.42107,-31.804419,-33.314686,-34.313248,-35.251842,-37.047176,-37.869873,-38.36593,-38.869995,-39.944912,-41.180412,-42.47557,-43.337666,-44.580814,-45.653492,-46.705254,-47.674706,-48.483063,-49.08576,-49.55612,-50.26159,-50.946636,-51.742832,-52.385796,-53.443077,-54.350395,-55.800533,-57.10397,-61.60859,-77.54213,-79.880066,-79.884605,-79.88709,-79.88961,-79.89204,-79.894455,-79.89684,-79.8992,-79.901535,-79.90383,-79.9061,-79.90831,-79.91049,-79.912636,-79.914696,-79.91672,-79.91867,-79.92055,-79.92235,-79.92405,-79.92565,-79.92714,-79.928505,-79.92971,-79.93076,-79.931625,-79.93228,-79.9327
/Users/yunhwang/Desktop/Stethoscope_Project/Audio shared/ML test sound list/RAW sound_ML test sound list/WEBSS-005 TP6_seg-1.wav,WEBSS-005 TP6_seg-1_seg1,WEBSS-005 TP6_seg-1.wav,0,-14.964267,-18.272766,-18.84352,-17.362324,-18.197895,-24.249432,-26.05519,-27.312819,-28.785593,-31.820366,-33.961666,-35.017097,-35.47087,-38.3171,-42.48277,-45.93651,-48.257168,-49.482765,-51.34715,-52.927177,-53.914124,-54.68639,-55.12563,-56.287277,-56.99744,-57.575443,-57.609947,-58.66114,-60.392822,-62.367935,-64.112144,-65.40382,-66.43783,-67.281906,-70.906235,-79.66329,-79.82598,-79.8349,-79.84237,-79.84819,-79.85339,-79.85832,-79.86297,-79.86741,-79.87168,-79.87581,-79.87978,-79.88361,-79.88733,-79.89093,-79.89437,-79.89772,-79.90092,-79.90396,-79.906876,-79.90961,-79.91218,-79.91455,-79.91671,-79.918625,-79.920296,-79.92165,-79.92268,-79.92335
/Users/yunhwang/Desktop/Stethoscope_Project/Audio shared/ML test sound list/RAW sound_ML test sound list/WEBSS-005 TP6_seg-1.wav,WEBSS-005 TP6_seg-1_seg2,WEBSS-005 TP6_seg-1.wav,1,-14.506716,-20.160309,-22.745422,-20.967012,-21.719028,-27.135498,-29.54338,-30.973585,-32.57976,-35.036674,-36.892567,-37.193558,-37.34823,-39.81731,-43.102356,-46.63013,-48.6906,-50.632874,-52.285385,-53.52059,-54.842827,-56.0762,-56.41568,-57.119358,-57.789288,-58.320824,-58.489143,-59.174572,-60.764027,-63.126385,-65.04894,-66.483894,-66.94431,-67.871506,-71.77685,-79.77063,-79.777016,-79.78175,-79.786415,-79.79126,-79.795975,-79.80073,-79.80543,-79.81009,-79.81472,-79.819305,-79.82379,-79.82821,-79.832565,-79.83684,-79.84094,-79.845,-79.84891,-79.85264,-79.85624,-79.85965,-79.862854,-79.86583,-79.868546,-79.870964,-79.87307,-79.87479,-79.876114,-79.87694
/Users/yunhwang/Desktop/Stethoscope_Project/Audio shared/ML test sound list/RAW sound_ML test sound list/WEBSS-005 TP6_seg-1.wav,WEBSS-005 TP6_seg-1_seg3,WEBSS-005 TP6_seg-1.wav,2,-13.271313,-17.831306,-19.946945,-17.198177,-17.839634,-23.322746,-25.166468,-27.00664,-27.58443,-30.503054,-32.921417,-33.83473,-34.439625,-36.50943,-39.69231,-43.354843,-45.47985,-46.551712,-48.097767,-49.533684,-50.826035,-51.65422,-52.34908,-53.19263,-53.951405,-54.595146,-55.191605,-56.266262,-57.833256,-59.61075,-61.10534,-62.681953,-63.89337,-64.844864,-68.688736,-79.60879,-79.749504,-79.76532,-79.77813,-79.78514,-79.79154,-79.797585,-79.80332,-79.80879,-79.81405,-79.819115,-79.82398,-79.82867,-79.833206,-79.83757,-79.84173,-79.84577,-79.8496,-79.85325,-79.85671,-79.859955,-79.86298,-79.865776,-79.86831,-79.86999,-79.87104,-79.8719,-79.872574,-79.872986
/Users/yunhwang/Desktop/Stethoscope_Project/Audio shared/ML test sound list/RAW sound_ML test sound list/KP008_WWS.wav,KP008_WWS_seg1,KP008_WWS.wav,0,-10.472178,-16.384384,-16.528307,-18.218988,-23.321804,-28.821093,-33.106762,-36.476654,-39.932228,-41.447216,-42.645927,-43.315483,-44.028217,-45.527218,-46.66347,-47.118183,-49.336998,-51.250458,-52.8486,-53.804626,-54.14092,-55.176006,-56.132175,-56.473568,-57.194202,-57.730194,-58.28189,-58.78908,-59.07835,-59.14675,-58.898518,-59.34583,-59.63627,-59.31204,-63.80989,-79.34294,-79.85008,-79.857056,-79.86281,-79.86811,-79.87297,-79.87761,-79.88203,-79.88627,-79.89038,-79.89437,-79.898224,-79.901955,-79.90559,-79.90912,-79.91248,-79.91579,-79.91893,-79.92193,-79.924805,-79.92751,-79.930046,-79.932396,-79.93453,-79.936424,-79.93808,-79.93942,-79.94046,-79.94111
/Users/yunhwang/Desktop/Stethoscope_Project/Audio shared/ML test sound list/RAW sound_ML test sound list/KP008_WWS.wav,KP008_WWS_seg2,KP008_WWS.wav,1,-13.255817,-20.125801,-20.458626,-22.352407,-27.628529,-33.446167,-37.191025,-40.34871,-43.74704,-45.739517,-46.506657,-47.159447,-48.01119,-49.351707,-50.662014,-51.420746,-53.143833,-54.81713,-56.575977,-57.703438,-58.419144,-58.781773,-59.863743,-60.248528,-60.626774,-61.230175,-61.62764,-62.19856,-62.24485,-62.50468,-62.25166,-62.28914,-62.617218,-62.70728,-66.61711,-79.786476,-79.900986,-79.90296,-79.90544,-79.908356,-79.91138,-79.91456,-79.91779,-79.92105,-79.92433,-79.92761,-79.93087,-79.93408,-79.937256,-79.94039,-79.94341,-79.9464,-79.94928,-79.95205,-79.95472,-79.95725,-79.959625,-79.96184,-79.96386,-79.96566,-79.96723,-79.96851,-79.9695,-79.970116
/Users/yunhwang/Desktop/Stethoscope_Project/Audio shared/ML test sound list/RAW sound_ML test sound list/KP008_WWS.wav,KP008_WWS_seg3,KP008_WWS.wav,2,-11.681377,-18.609915,-18.739065,-20.354162,-25.69495,-31.47746,-35.73505,-38.972775,-42.35959,-43.86466,-45.00599,-46.12916,-47.110867,-47.968464,-49.49579,-50.66949,-52.0856,-53.42152,-54.829796,-55.890137,-56.429146,-57.505714,-58.460773,-58.911304,-59.6959,-59.89173,-59.940945,-60.572884,-61.072216,-60.85978,-60.779613,-60.69395,-61.37177,-61.06033,-65.260765,-79.71845,-79.89629,-79.905334,-79.912926,-79.91988,-79.926254,-79.932304,-79.93805,-79.943535,-79.94882,-79.95391,-79.95882,-79.96143,-79.96363,-79.96577,-79.967834,-79.96987,-79.971825,-79.9737,-79.97552,-79.97722,-79.97882,-79.980316,-79.9812,-79.981804,-79.98234,-79.982765,-79.98309,-79.9833
/Users/yunhwang/Desktop/Stethoscope_Project/Audio shared/ML test sound list/RAW sound_ML test sound list/KP009_WWS.wav,KP009_WWS_seg1,KP009_WWS.wav,0,-12.095684,-25.831024,-29.279303,-32.192623,-34.78744,-36.770794,-38.366272,-40.016663,-41.958908,-43.319996,-43.696243,-44.468445,-45.51795,-46.788696,-47.435047,-48.10827,-48.548885,-50.25931,-51.173496,-52.373116,-53.520878,-54.646355,-55.90766,-56.346695,-56.60536,-56.90411,-57.61992,-57.918987,-58.3993,-59.419106,-60.24105,-61.168903,-62.01648,-62.365196,-67.41302,-78.94772,-79.9038,-79.91113,-79.91713,-79.9226,-79.92758,-79.93231,-79.9368,-79.94109,-79.94525,-79.94927,-79.95255,-79.95498,-79.95736,-79.95966,-79.961876,-79.964035,-79.9661,-79.96808,-79.96997,-79.971756,-79.97343,-79.974976,-79.97639,-79.97764,-79.97874,-79.97962,-79.9803,-79.98073
/Users/yunhwang/Desktop/Stethoscope_Project/Audio shared/ML test sound list/RAW sound_ML test sound list/KP009_WWS.wav,KP009_WWS_seg2,KP009_WWS.wav,1,-13.336112,-26.889908,-30.680199,-33.738823,-36.47557,-38.871708,-40.36564,-41.825043,-42.7186,-43.7829,-45.267662,-46.290478,-46.996548,-48.31143,-49.69246,-49.972763,-50.318092,-51.32118,-53.29363,-55.018932,-55.851963,-57.136505,-58.741127,-59.234814,-59.06662,-59.3669,-60.25219,-61.079098,-61.220665,-61.38818,-61.878426,-62.450172,-63.396267,-63.619484,-69.140175,-79.47462,-79.78678,-79.79162,-79.79645,-79.80145,-79.80632,-79.8112,-79.816025,-79.82078,-79.82549,-79.83015,-79.8347,-79.83917,-79.843575,-79.84789,-79.85204,-79.85613,-79.86006,-79.86383,-79.867455,-79.87088,-79.8741,-79.87709,-79.879814,-79.88225,-79.88437,-79.88609,-79.88742,-79.88826
/Users/yunhwang/Desktop/Stethoscope_Project/Audio shared/ML test sound list/RAW sound_ML test sound list/KP009_WWS.wav,KP009_WWS_seg3,KP009_WWS.wav,2,-12.064843,-25.590208,-30.121506,-33.26157,-36.03235,-38.269455,-39.72837,-41.377647,-42.3927,-43.393726,-43.604534,-45.422974,-45.897526,-46.36262,-47.72962,-48.02771,-47.44811,-49.677162,-50.997955,-52.69706,-54.486534,-55.76801,-57.183662,-57.730988,-58.156517,-58.69068,-59.135254,-59.792873,-60.984573,-60.65499,-60.62672,-62.56613,-63.175495,-63.40896,-68.01262,-79.349525,-79.72107,-79.73642,-79.74896,-79.760216,-79.770386,-79.77932,-79.78501,-79.79045,-79.79569,-79.800735,-79.8056,-79.81029,-79.81482,-79.8192,-79.82337,-79.82742,-79.83127,-79.83493,-79.838425,-79.84168,-79.84473,-79.84754,-79.8501,-79.852356,-79.85432,-79.8559,-79.857124,-79.85789
/Users/yunhwang/Desktop/Stethoscope_Project/Audio shared/ML test sound list/RAW sound_ML test sound list/KP010_WWS.wav,KP010_WWS_seg1,KP010_WWS.wav,0,-12.235325,-16.548557,-19.805277,-23.197075,-26.737177,-30.124794,-33.292175,-35.734917,-37.96045,-39.228886,-40.580135,-41.593716,-42.02619,-42.988132,-43.56049,-43.75217,-44.769665,-46.482647,-48.051933,-48.82613,-50.205257,-51.18489,-51.734703,-51.856762,-52.95608,-53.935535,-54.457306,-55.050095,-55.850483,-55.95808,-56.58019,-57.836674,-59.29884,-60.26104,-64.47436,-79.32281,-79.72943,-79.73806,-79.745285,-79.75201,-79.75817,-79.7641,-79.76978,-79.775246,-79.78056,-79.78573,-79.79073,-79.79559,-79.80032,-79.80493,-79.80934,-79.81366,-79.81779,-79.821724,-79.82551,-79.82907,-79.832405,-79.8355,-79.83832,-79.84082,-79.843,-79.84478,-79.846146,-79.84699
/Users/yunhwang/Desktop/Stethoscope_Project/Audio shared/ML test sound list/RAW sound_ML test sound list/KP010_WWS.wav,KP010_WWS_seg2,KP010_WWS.wav,1,-9.371419,-13.585504,-16.7649,-19.845373,-23.49119,-27.689552,-31.635777,-33.860294,-35.281033,-37.07274,-38.15833,-39.33392,-41.029404,-41.68857,-42.493538,-43.486504,-44.016506,-45.2325,-46.54195,-47.252377,-48.20099,-48.77498,-49.72054,-50.362965,-50.766434,-51.954082,-52.78224,-53.59204,-54.344124,-54.915497,-55.506023,-56.51072,-57.481197,-58.349583,-62.10638,-78.5539,-79.73614,-79.74135,-79.74638,-79.75153,-79.75654,-79.76155,-79.76649,-79.77134,-79.77615,-79.7809,-79.785545,-79.789505,-79.79283,-79.796104,-79.79924,-79.80234,-79.8053,-79.80814,-79.81088,-79.81347,-79.815895,-79.81815,-79.82021,-79.822044,-79.82365,-79.82494,-79.82594,-79.82657
/Users/yunhwang/Desktop/Stethoscope_Project/Audio shared/ML test sound list/RAW sound_ML test sound list/KP010_WWS.wav,KP010_WWS_seg3,KP010_WWS.wav,2,-9.221493,-14.33147,-16.7887,-20.355516,-24.080864,-28.480019,-31.932999,-33.71653,-35.09742,-36.542732,-38.084625,-39.42523,-40.660007,-41.678738,-42.67135,-43.679962,-44.0211,-45.00001,-46.265274,-47.25323,-48.32666,-49.088924,-49.927864,-50.578434,-51.46402,-52.130707,-52.695595,-53.7574,-53.978024,-54.717976,-55.854294,-56.643806,-57.650696,-58.333405,-62.19208,-78.85984,-79.88583,-79.88847,-79.89105,-79.89369,-79.89626,-79.898834,-79.90137,-79.90386,-79.90633,-79.908745,-79.911125,-79.91344,-79.915726,-79.91795,-79.92009,-79.922195,-79.92421,-79.92614,-79.92799,-79.92974,-79.93138,-79.932915,-79.9343,-79.93554,-79.93662,-79.9375,-79.93817,-79.9386
/Users/yunhwang/Desktop/Stethoscope_Project/Audio shared/ML test sound list/RAW sound_ML test sound list/H004.wav,H004_seg1,H004.wav,0,-9.772596,-13.703574,-19.321043,-22.318853,-26.125917,-28.55717,-31.644218,-34.846348,-38.049946,-40.894985,-42.20352,-43.47849,-44.974915,-46.229763,-46.733795,-47.845234,-48.556393,-49.57264,-49.7618,-50.32733,-51.553707,-52.704235,-53.168488,-53.68808,-54.24343,-54.447403,-54.71128,-55.460773,-55.848793,-56.083553,-56.246506,-56.286606,-56.449417,-56.508556,-60.10804,-77.63119,-79.746796,-79.75618,-79.76386,-79.770905,-79.77732,-79.78343,-79.78926,-79.79485,-79.80027,-79.80553,-79.8106,-79.81552,-79.82032,-79.824974,-79.82942,-79.83378,-79.837944,-79.84191,-79.84572,-79.84929,-79.852646,-79.85576,-79.8586,-79.86111,-79.863304,-79.86509,-79.86645,-79.86731
/Users/yunhwang/Desktop/Stethoscope_Project/Audio shared/ML test sound list/RAW sound_ML test sound list/H004.wav,H004_seg2,H004.wav,1,-9.549438,-13.4129,-20.1043,-23.929304,-26.600498,-28.961771,-32.437733,-36.473625,-39.785824,-42.261898,-42.674213,-44.065407,-45.74766,-46.515358,-47.09242,-48.451546,-49.334946,-49.943035,-50.03963,-51.166527,-52.663914,-54.010666,-55.07687,-55.089355,-55.70632,-54.62437,-55.046387,-56.757526,-57.327362,-58.135082,-58.367573,-58.46749,-58.962917,-59.672367,-62.912033,-79.05264,-79.80361,-79.80725,-79.810844,-79.814575,-79.81821,-79.82186,-79.82547,-79.82903,-79.83258,-79.836075,-79.8395,-79.842865,-79.84617,-79.84942,-79.85254,-79.85562,-79.858574,-79.861404,-79.86413,-79.86671,-79.869125,-79.871376,-79.87343,-79.87525,-79.87685,-79.87814,-79.879135,-79.87977
/Users/yunhwang/Desktop/Stethoscope_Project/Audio shared/ML test sound list/RAW sound_ML test sound list/H004.wav,H004_seg3,H004.wav,2,-8.784425,-12.101334,-19.100159,-23.467823,-26.863546,-29.811258,-32.45999,-35.705982,-39.286293,-41.15544,-42.90235,-44.4073,-45.62437,-46.78203,-47.102516,-48.33255,-49.026634,-49.651947,-50.392773,-51.22359,-52.764614,-54.21624,-55.221275,-55.29866,-56.042824,-56.28779,-56.918068,-57.96427,-58.455,-58.992462,-59.300957,-59.43322,-59.702126,-59.822433,-63.45627,-79.32699,-79.850105,-79.86509,-79.877426,-79.88855,-79.895355,-79.9013,-79.90695,-79.91238,-79.91761,-79.92267,-79.927536,-79.93222,-79.93676,-79.941154,-79.945335,-79.94939,-79.95325,-79.95691,-79.9604,-79.96367,-79.96672,-79.969536,-79.97209,-79.97435,-79.9763,-79.97772,-79.9786,-79.97916
/Users/yunhwang/Desktop/Stethoscope_Project/Audio shared/ML test sound list/RAW sound_ML test sound list/WEBSS-007 TP4_seg-1.wav,WEBSS-007 TP4_seg-1_seg1,WEBSS-007 TP4_seg-1.wav,0,-24.317514,-26.355095,-27.362276,-30.462072,-34.132626,-37.690388,-41.736427,-45.163208,-47.39482,-48.39874,-49.625706,-50.96661,-52.08175,-53.39024,-54.458427,-55.422325,-55.128376,-54.967464,-55.255104,-58.304127,-59.383305,-59.9485,-59.91797,-61.74695,-62.848076,-63.892345,-64.686676,-65.97475,-67.10912,-65.97925,-65.04842,-65.480545,-65.987785,-66.32391,-69.97485,-79.537254,-79.957504,-79.96329,-79.96708,-79.97061,-79.97387,-79.97698,-79.97994,-79.9828,-79.98556,-79.988235,-79.99082,-79.99282,-79.993935,-79.995026,-79.99608,-79.99711,-79.9981,-79.999054,-79.99997,-80.0,-80.0,-80.0,-80.0,-80.0,-80.0,-80.0,-80.0,-80.0
/Users/yunhwang/Desktop/Stethoscope_Project/Audio shared/ML test sound list/RAW sound_ML test sound list/WEBSS-007 TP4_seg-1.wav,WEBSS-007 TP4_seg-1_seg2,WEBSS-007 TP4_seg-1.wav,1,-21.08815,-22.846518,-24.995302,-28.834352,-32.98053,-36.82246,-40.9753,-44.082653,-45.189953,-45.21344,-47.12997,-49.504345,-50.428177,-50.876316,-51.196556,-51.465828,-51.93891,-53.006622,-53.447414,-55.42316,-56.97403,-58.002815,-59.37117,-60.581333,-61.20018,-61.756516,-62.699055,-64.13432,-64.6206,-64.50422,-63.989815,-64.879166,-65.600105,-65.9637,-69.78655,-79.58942,-79.873924,-79.87897,-79.883896,-79.88898,-79.8939,-79.898834,-79.9037,-79.90849,-79.913246,-79.91677,-79.92023,-79.92361,-79.92694,-79.93021,-79.933334,-79.936424,-79.93939,-79.94183,-79.94366,-79.94537,-79.94698,-79.94849,-79.94985,-79.95107,-79.95214,-79.953,-79.95367,-79.95409
/Users/yunhwang/Desktop/Stethoscope_Project/Audio shared/ML test sound list/RAW sound_ML test sound list/WEBSS-007 TP4_seg-1.wav,WEBSS-007 TP4_seg-1_seg3,WEBSS-007 TP4_seg-1.wav,2,-26.907223,-28.961943,-31.337303,-35.713997,-39.04329,-42.16293,-46.417126,-47.69818,-48.24409,-49.409515,-50.58012,-52.706863,-54.371616,-55.743984,-55.38021,-55.561802,-55.884533,-56.611134,-57.745644,-59.684612,-60.234093,-60.856743,-62.145885,-63.736435,-64.86477,-65.94741,-66.82146,-67.50991,-67.66764,-67.84222,-67.57991,-68.87718,-69.40313,-69.81245,-73.17288,-79.78356,-79.9294,-79.93206,-79.934555,-79.93709,-79.93953,-79.94196,-79.94437,-79.94673,-79.94907,-79.95139,-79.95366,-79.95589,-79.95808,-79.96023,-79.96229,-79.96433,-79.96629,-79.96816,-79.96997,-79.97168,-79.97329,-79.97478,-79.97614,-79.977356,-79.97842,-79.97928,-79.979935,-79.980354
/Users/yunhwang/Desktop/Stethoscope_Project/Audio shared/ML test sound list/RAW sound_ML test sound list/KP003_WWS_2.wav,KP003_WWS_2_seg1,KP003_WWS_2.wav,0,-19.820614,-26.35432,-30.02005,-33.554882,-39.272236,-43.46422,-45.18218,-47.233658,-48.418068,-49.4265,-49.87984,-50.417934,-50.998775,-53.085026,-54.244495,-54.053764,-54.89105,-55.545204,-55.653336,-55.696823,-57.3211,-58.82836,-60.006313,-60.602444,-61.234726,-61.35441,-61.57001,-61.82802,-61.65735,-61.58049,-61.68277,-61.769432,-61.728027,-61.725914,-65.22311,-78.764984,-79.73895,-79.747154,-79.75373,-79.759636,-79.76495,-79.76994,-79.77466,-79.779144,-79.78346,-79.78761,-79.79162,-79.79547,-79.79922,-79.802826,-79.80628,-79.80965,-79.81286,-79.81591,-79.81884,-79.82159,-79.82415,-79.82653,-79.8287,-79.83061,-79.83229,-79.83365,-79.83469,-79.835335
/Users/yunhwang/Desktop/Stethoscope_Project/Audio shared/ML test sound list/RAW sound_ML test sound list/KP003_WWS_2.wav,KP003_WWS_2_seg2,KP003_WWS_2.wav,1,-9.933653,-17.367363,-22.231707,-25.538528,-31.246492,-34.920372,-37.00755,-38.61701,-39.77259,-41.144505,-42.33344,-42.976025,-43.008602,-45.026108,-46.799366,-46.83696,-47.2178,-47.575184,-47.6725,-47.93476,-49.487225,-52.241962,-53.34168,-53.844505,-54.351963,-54.696453,-54.607452,-54.96874,-54.552967,-54.43539,-54.84102,-54.3968,-54.322514,-54.58514,-58.070137,-75.56382,-79.83212,-79.83575,-79.839226,-79.842804,-79.84628,-79.84979,-79.85326,-79.856705,-79.86012,-79.86351,-79.866844,-79.87012,-79.87335,-79.876526,-79.87958,-79.88259,-79.8855,-79.888275,-79.89096,-79.89349,-79.89588,-79.8981,-79.90013,-79.90194,-79.90352,-79.90479,-79.905785,-79.9064
/Users/yunhwang/Desktop/Stethoscope_Project/Audio shared/ML test sound list/RAW sound_ML test sound list/KP003_WWS_2.wav,KP003_WWS_2_seg3,KP003_WWS_2.wav,2,-18.83082,-26.402275,-31.719328,-34.977573,-39.029716,-43.009014,-45.523174,-46.346508,-46.980255,-49.240685,-50.296597,-50.65832,-51.617077,-53.293716,-54.63346,-55.189957,-54.90454,-54.85638,-56.163887,-56.92049,-58.259098,-60.09953,-61.111935,-61.7782,-62.517677,-63.057457,-63.141663,-63.15996,-63.085888,-62.993828,-62.713882,-62.479675,-62.8993,-63.226776,-67.026085,-78.76272,-79.99093,-79.991554,-79.99231,-79.9932,-79.994125,-79.99509,-79.99608,-79.99708,-79.9981,-79.99912,-80.0,-80.0,-80.0,-80.0,-80.0,-80.0,-80.0,-80.0,-80.0,-80.0,-80.0,-80.0,-80.0,-80.0,-80.0,-80.0,-80.0,-80.0
/Users/yunhwang/Desktop/Stethoscope_Project/Audio shared/ML test sound list/RAW sound_ML test sound list/KP002_WWS.wav,KP002_WWS_seg1,KP002_WWS.wav,0,-13.978466,-25.396173,-31.368982,-34.87932,-37.49912,-40.16737,-42.48205,-44.819862,-44.93319,-46.834953,-49.638756,-51.99672,-51.51614,-53.084633,-46.903038,-46.979435,-56.068615,-57.325203,-57.314804,-57.44596,-58.325966,-60.076454,-61.649685,-63.044018,-63.505653,-63.668507,-64.23268,-65.32987,-65.644806,-66.175385,-65.97617,-66.92426,-66.7881,-66.76584,-71.49552,-79.80059,-79.85107,-79.85874,-79.86493,-79.87053,-79.875595,-79.88038,-79.88492,-79.88925,-79.89343,-79.897484,-79.90138,-79.90515,-79.908806,-79.9119,-79.914276,-79.91658,-79.91877,-79.92085,-79.92285,-79.92471,-79.92645,-79.92807,-79.929535,-79.93084,-79.93197,-79.93289,-79.93359,-79.93404
/Users/yunhwang/Desktop/Stethoscope_Project/Audio shared/ML test sound list/RAW sound_ML test sound list/KP002_WWS.wav,KP002_WWS_seg2,KP002_WWS.wav,1,-6.334495,-17.998566,-23.65283,-25.791418,-27.890125,-31.134977,-33.274036,-35.352707,-34.792244,-36.98684,-39.52898,-41.45022,-40.986664,-42.41264,-34.355198,-34.148365,-44.97505,-46.094917,-46.28541,-47.36869,-48.304214,-50.02846,-51.13392,-52.39471,-52.598843,-52.782715,-53.612656,-54.23996,-54.499638,-54.834576,-54.903873,-55.935898,-55.465336,-55.40514,-59.69546,-77.4838,-79.76972,-79.7744,-79.77897,-79.78374,-79.78838,-79.793076,-79.79774,-79.80235,-79.806946,-79.81149,-79.81596,-79.82035,-79.824684,-79.82893,-79.83303,-79.83708,-79.84096,-79.84469,-79.84828,-79.85168,-79.854866,-79.85784,-79.86056,-79.86297,-79.86508,-79.86679,-79.86811,-79.868935
/Users/yunhwang/Desktop/Stethoscope_Project/Audio shared/ML test sound list/RAW sound_ML test sound list/KP002_WWS.wav,KP002_WWS_seg3,KP002_WWS.wav,2,-7.4400835,-17.830229,-23.24902,-26.31882,-29.004843,-32.53466,-34.348488,-35.962578,-35.47574,-37.861534,-40.88431,-43.083244,-43.02509,-44.394775,-35.336033,-35.043472,-47.147064,-47.950172,-47.791447,-48.865135,-49.918262,-51.4299,-52.352856,-53.446087,-53.957916,-54.207344,-55.266273,-55.895927,-56.19633,-56.27423,-56.574383,-57.216885,-56.79073,-56.417892,-61.20337,-77.91873,-79.81034,-79.81892,-79.826164,-79.83288,-79.83906,-79.84496,-79.84821,-79.85053,-79.852844,-79.85513,-79.857376,-79.85959,-79.861755,-79.8639,-79.86595,-79.86799,-79.869934,-79.871796,-79.873604,-79.875305,-79.8769,-79.878395,-79.87975,-79.88097,-79.88202,-79.88287,-79.88354,-79.88396
/Users/yunhwang/Desktop/Stethoscope_Project/Audio shared/ML test sound list/RAW sound_ML test sound list/KP003_WWS_1.wav,KP003_WWS_1_seg1,KP003_WWS_1.wav,0,-16.90844,-22.26515,-27.088814,-30.967958,-33.68933,-36.720688,-40.034298,-40.44065,-40.69647,-40.952118,-41.064236,-41.645287,-43.517506,-44.317474,-44.91868,-44.98576,-46.523655,-48.44475,-49.358833,-50.401737,-50.863575,-52.049297,-53.080616,-53.912582,-54.13456,-54.71081,-54.90368,-55.156937,-55.107964,-55.11128,-55.35332,-55.489773,-55.61762,-55.817818,-59.1045,-75.94886,-79.92601,-79.93407,-79.940186,-79.9454,-79.94993,-79.954056,-79.95785,-79.96139,-79.96473,-79.9679,-79.97091,-79.97378,-79.97653,-79.97917,-79.98119,-79.98241,-79.98355,-79.984634,-79.98567,-79.98664,-79.98754,-79.98837,-79.98913,-79.98981,-79.99039,-79.99085,-79.99121,-79.99144
/Users/yunhwang/Desktop/Stethoscope_Project/Audio shared/ML test sound list/RAW sound_ML test sound list/KP003_WWS_1.wav,KP003_WWS_1_seg2,KP003_WWS_1.wav,1,-12.95951,-18.950033,-23.698214,-27.63519,-30.569523,-33.786922,-36.67317,-37.357273,-38.37028,-38.64631,-38.211254,-38.60106,-38.513153,-36.94754,-38.338608,-39.458393,-40.739662,-43.320183,-45.143147,-45.91928,-47.178627,-48.312527,-48.986496,-49.50317,-50.15081,-50.660767,-50.6886,-51.279064,-51.211838,-51.305775,-51.802387,-51.90155,-51.803566,-51.860016,-55.30615,-72.99902,-80.0,-79.99931,-79.99796,-79.997665,-79.997856,-79.99833,-79.99896,-79.99971,-80.0,-80.0,-80.0,-80.0,-80.0,-80.0,-80.0,-80.0,-80.0,-80.0,-80.0,-80.0,-80.0,-80.0,-80.0,-80.0,-80.0,-80.0,-80.0,-80.0
/Users/yunhwang/Desktop/Stethoscope_Project/Audio shared/ML test sound list/RAW sound_ML test sound list/KP003_WWS_1.wav,KP003_WWS_1_seg3,KP003_WWS_1.wav,2,-37.31456,-42.18922,-47.084953,-50.294502,-52.521835,-56.34818,-59.570324,-60.38135,-61.199493,-61.825573,-61.91676,-62.510445,-64.48547,-66.40229,-67.34243,-67.28692,-67.84808,-68.57023,-69.12792,-69.36272,-71.06739,-71.41275,-72.293915,-72.97615,-73.545975,-74.043945,-74.35867,-74.31285,-74.734184,-74.74009,-75.08645,-75.07257,-75.19183,-75.438324,-77.312,-79.8116,-80.0,-80.0,-80.0,-80.0,-80.0,-80.0,-80.0,-80.0,-80.0,-80.0,-80.0,-80.0,-80.0,-80.0,-80.0,-80.0,-80.0,-80.0,-80.0,-80.0,-80.0,-80.0,-80.0,-80.0,-80.0,-80.0,-80.0,-80.0
/Users/yunhwang/Desktop/Stethoscope_Project/Audio shared/ML test sound list/RAW sound_ML test sound list/H002.wav,H002_seg1,H002.wav,0,-17.356955,-26.174028,-30.81098,-34.80677,-38.746315,-42.937046,-46.45619,-49.060917,-51.349705,-53.145855,-55.25088,-56.7056,-57.73632,-58.59787,-59.739605,-60.588383,-61.5396,-62.357067,-62.75581,-63.037815,-63.567654,-64.21165,-64.82298,-65.6503,-66.182236,-66.60147,-66.83323,-66.95012,-66.87272,-66.60794,-66.56965,-66.62415,-66.824745,-66.68652,-69.932335,-79.82318,-79.91878,-79.92537,-79.93047,-79.93493,-79.93887,-79.94253,-79.94593,-79.949135,-79.952194,-79.955124,-79.957924,-79.96061,-79.9632,-79.965706,-79.96808,-79.97039,-79.97259,-79.97468,-79.97668,-79.978546,-79.98029,-79.98131,-79.98205,-79.9827,-79.98326,-79.98373,-79.98408,-79.9843
/Users/yunhwang/Desktop/Stethoscope_Project/Audio shared/ML test sound list/RAW sound_ML test sound list/H002.wav,H002_seg2,H002.wav,1,-18.460043,-25.780426,-29.823227,-33.229534,-36.82005,-40.655396,-44.262936,-47.078434,-49.086628,-50.804535,-52.498165,-53.922413,-55.198795,-55.861355,-56.948112,-58.13934,-58.985023,-60.13565,-60.51042,-61.00111,-61.595123,-62.06409,-63.01379,-63.589832,-64.29038,-64.59396,-64.84233,-65.00747,-65.02435,-64.93314,-65.00305,-65.16571,-65.22312,-65.625175,-69.037125,-79.749405,-79.91561,-79.91851,-79.921135,-79.92375,-79.926254,-79.92874,-79.931175,-79.93358,-79.93594,-79.93828,-79.94057,-79.94281,-79.94502,-79.94718,-79.94926,-79.95123,-79.95222,-79.95316,-79.95407,-79.954926,-79.95573,-79.956474,-79.95716,-79.95777,-79.9583,-79.958725,-79.95907,-79.959274
/Users/yunhwang/Desktop/Stethoscope_Project/Audio shared/ML test sound list/RAW sound_ML test sound list/H002.wav,H002_seg3,H002.wav,2,-8.01123,-15.997732,-20.450207,-24.144142,-28.08464,-32.17463,-35.79332,-38.66955,-40.856243,-42.7283,-44.63169,-46.09284,-47.222305,-47.86498,-48.803474,-49.504814,-50.538853,-51.376125,-52.123535,-52.6308,-53.211605,-53.69688,-54.415173,-55.2097,-55.578182,-55.799458,-56.18373,-56.35425,-56.162838,-56.07476,-56.16998,-56.103172,-56.273262,-56.13743,-59.530083,-76.753136,-79.762405,-79.76759,-79.771416,-79.77524,-79.778915,-79.782585,-79.7862,-79.78975,-79.793274,-79.79675,-79.80017,-79.803505,-79.80679,-79.81003,-79.813126,-79.81619,-79.81913,-79.821945,-79.82466,-79.827225,-79.829636,-79.83188,-79.83392,-79.83574,-79.837326,-79.83862,-79.839615,-79.84024
/Users/yunhwang/Desktop/Stethoscope_Project/Audio shared/ML test sound list/RAW sound_ML test sound list/H003.wav,H003_seg1,H003.wav,0,-18.108969,-25.495337,-35.543728,-41.976276,-46.13815,-50.26903,-53.594948,-56.193527,-57.69641,-59.24,-60.359844,-61.454624,-62.052746,-62.90463,-63.56516,-64.19264,-65.06108,-66.088554,-66.31047,-66.656425,-67.24297,-68.47927,-69.07294,-70.14237,-70.462006,-70.764114,-71.13073,-71.49662,-72.07277,-72.19724,-72.35485,-72.29276,-72.32208,-72.43004,-75.784775,-79.84779,-79.87504,-79.882515,-79.888626,-79.894196,-79.89925,-79.90403,-79.90856,-79.9129,-79.91709,-79.921135,-79.92504,-79.92881,-79.93248,-79.93604,-79.93944,-79.94275,-79.945915,-79.94893,-79.95181,-79.95454,-79.957085,-79.959435,-79.96157,-79.963486,-79.96514,-79.96649,-79.96752,-79.96817
/Users/yunhwang/Desktop/Stethoscope_Project/Audio shared/ML test sound list/RAW sound_ML test sound list/H003.wav,H003_seg2,H003.wav,1,-17.058516,-24.873005,-34.68545,-40.607876,-44.48261,-48.69699,-51.940823,-54.4846,-56.22126,-57.51589,-58.776863,-60.113068,-60.936428,-61.16099,-61.791298,-62.657124,-63.805275,-64.77501,-65.47327,-65.61226,-66.423256,-67.67288,-68.520424,-68.95104,-69.403244,-69.83945,-70.27854,-70.71045,-71.07901,-71.0287,-71.1753,-71.044975,-70.90065,-70.983635,-74.49762,-79.90318,-79.906136,-79.909676,-79.91321,-79.91688,-79.920456,-79.924065,-79.92763,-79.93115,-79.934654,-79.93811,-79.941505,-79.94484,-79.94812,-79.95133,-79.95444,-79.9575,-79.959724,-79.96159,-79.96341,-79.96511,-79.96671,-79.96821,-79.969574,-79.97079,-79.97185,-79.97271,-79.973366,-79.97378
/Users/yunhwang/Desktop/Stethoscope_Project/Audio shared/ML test sound list/RAW sound_ML test sound list/H003.wav,H003_seg3,H003.wav,2,-18.045414,-25.26317,-35.333035,-41.499596,-45.539276,-49.847965,-53.232822,-55.896698,-57.41828,-58.953014,-60.281876,-61.246105,-62.031956,-62.776207,-63.363888,-63.94029,-64.94098,-66.025116,-66.273186,-66.448456,-67.218506,-68.38082,-69.057655,-70.14928,-70.51745,-70.68688,-71.136116,-71.608215,-72.18832,-72.15504,-72.25695,-72.35021,-72.336815,-72.54209,-75.91073,-79.92075,-79.9408,-79.94285,-79.94555,-79.9481,-79.9505,-79.95293,-79.95532,-79.95768,-79.96003,-79.96235,-79.96462,-79.96684,-79.96904,-79.9712,-79.97326,-79.9753,-79.977264,-79.97915,-79.980835,-79.98169,-79.9825,-79.983246,-79.983925,-79.984535,-79.98506,-79.9855,-79.985825,-79.98604
/Users/yunhwang/Desktop/Stethoscope_Project/Audio shared/ML test sound list/RAW sound_ML test sound list/H001.wav,H001_seg1,H001.wav,0,-13.297555,-20.725027,-24.975826,-29.090914,-35.140587,-40.635483,-42.78345,-46.036755,-46.922287,-46.97304,-45.854305,-44.295456,-45.511127,-48.893436,-51.229053,-52.540062,-53.524734,-52.66839,-50.489067,-50.884346,-49.064083,-51.481094,-55.9835,-58.007675,-58.323425,-60.177803,-60.557404,-60.971107,-60.640144,-60.28306,-62.559586,-65.24241,-67.260895,-68.04472,-71.58793,-79.90284,-79.91633,-79.92448,-79.93105,-79.936966,-79.94229,-79.947296,-79.95202,-79.956505,-79.96083,-79.96359,-79.96617,-79.968666,-79.9711,-79.97346,-79.9757,-79.977905,-79.98,-79.982,-79.983925,-79.985725,-79.98742,-79.98898,-79.99042,-79.99168,-79.99278,-79.993675,-79.99436,-79.9948
/Users/yunhwang/Desktop/Stethoscope_Project/Audio shared/ML test sound list/RAW sound_ML test sound list/H001.wav,H001_seg2,H001.wav,1,-12.308359,-19.647495,-22.971949,-26.54921,-32.662304,-38.10073,-41.383156,-44.154266,-44.44616,-44.57427,-44.28804,-42.943302,-45.056686,-48.122597,-50.42825,-51.35589,-53.188362,-51.985516,-49.66131,-49.931404,-49.00633,-51.402943,-56.00946,-57.61496,-58.34489,-59.665134,-60.44032,-60.61916,-60.409843,-60.391243,-62.468327,-64.74622,-66.49509,-67.45792,-71.38802,-79.834724,-79.840576,-79.84571,-79.85069,-79.8558,-79.860725,-79.865654,-79.870514,-79.8753,-79.880035,-79.88471,-79.88929,-79.89377,-79.898186,-79.90251,-79.90595,-79.90902,-79.911964,-79.91479,-79.9175,-79.920074,-79.92249,-79.924736,-79.92678,-79.928604,-79.9302,-79.93149,-79.93248,-79.93311
/Users/yunhwang/Desktop/Stethoscope_Project/Audio shared/ML test sound list/RAW sound_ML test sound list/H001.wav,H001_seg3,H001.wav,2,-12.854048,-20.428528,-24.790035,-28.55289,-34.613808,-40.21483,-43.26159,-45.54926,-45.060986,-45.52336,-45.22255,-43.386562,-44.922775,-48.286835,-51.108845,-52.43806,-53.74917,-52.748615,-50.407368,-50.69299,-49.922405,-52.07679,-56.44016,-58.079605,-58.771397,-60.07513,-61.01051,-61.28563,-60.943623,-61.084934,-63.05621,-65.67424,-67.72961,-68.779144,-72.605965,-79.8516,-79.859085,-79.86173,-79.86423,-79.86675,-79.869194,-79.87163,-79.87402,-79.876396,-79.878746,-79.88106,-79.88333,-79.88556,-79.88775,-79.88989,-79.89196,-79.894,-79.89596,-79.897835,-79.89965,-79.90135,-79.902954,-79.90445,-79.905815,-79.90702,-79.90808,-79.90894,-79.90961,-79.91002
/Users/yunhwang/Desktop/Stethoscope_Project/Audio shared/ML test sound list/RAW sound_ML test sound list/WEBSS-005 TP1_seg-1.wav,WEBSS-005 TP1_seg-1_seg1,WEBSS-005 TP1_seg-1.wav,0,-15.8877,-19.900385,-17.983227,-17.808725,-18.291254,-18.743828,-21.587631,-21.199097,-22.16067,-28.056541,-31.432568,-34.852962,-38.202213,-41.74898,-45.329086,-46.47289,-47.07512,-49.170086,-51.31894,-55.04027,-55.481743,-56.27546,-57.17739,-57.57981,-57.410473,-57.677467,-57.756912,-59.169746,-61.29554,-62.88879,-64.1011,-65.38827,-65.96849,-67.05217,-70.81334,-79.552505,-79.74684,-79.75587,-79.763405,-79.77038,-79.77677,-79.782875,-79.788704,-79.79429,-79.799706,-79.80498,-79.80972,-79.81352,-79.817215,-79.820786,-79.8242,-79.82753,-79.83071,-79.83374,-79.83664,-79.839355,-79.84192,-79.84428,-79.84643,-79.848335,-79.85,-79.85135,-79.85239,-79.853035
/Users/yunhwang/Desktop/Stethoscope_Project/Audio shared/ML test sound list/RAW sound_ML test sound list/WEBSS-005 TP1_seg-1.wav,WEBSS-005 TP1_seg-1_seg2,WEBSS-005 TP1_seg-1.wav,1,-18.540436,-21.892094,-19.647429,-18.969227,-21.749306,-23.261904,-25.105764,-25.213161,-26.940306,-30.66838,-33.69962,-37.68713,-42.090477,-45.466923,-48.01997,-51.036083,-52.403767,-53.319565,-56.716633,-59.637543,-60.57097,-61.385956,-62.108803,-62.138596,-62.476936,-62.072857,-62.239086,-63.678307,-66.265564,-68.10013,-69.77037,-70.791176,-71.42893,-71.992065,-75.56979,-79.89114,-79.895004,-79.89891,-79.90268,-79.906525,-79.91024,-79.91396,-79.917625,-79.92123,-79.9248,-79.928314,-79.93176,-79.93513,-79.93845,-79.9417,-79.94484,-79.94792,-79.950874,-79.953705,-79.95644,-79.959015,-79.96143,-79.96356,-79.96493,-79.966156,-79.96722,-79.96808,-79.96875,-79.96916
/Users/yunhwang/Desktop/Stethoscope_Project/Audio shared/ML test sound list/RAW sound_ML test sound list/WEBSS-005 TP1_seg-1.wav,WEBSS-005 TP1_seg-1_seg3,WEBSS-005 TP1_seg-1.wav,2,-18.730322,-22.056154,-19.94916,-19.646503,-21.13246,-21.84029,-24.703053,-25.522617,-26.050709,-29.433725,-33.28085,-36.982388,-40.425423,-44.023457,-47.706047,-50.060608,-51.21479,-51.924458,-55.547897,-57.466965,-58.97212,-60.64678,-61.212128,-61.517155,-61.55092,-61.039192,-61.578213,-62.98714,-65.205055,-67.15794,-68.735634,-69.470085,-70.01671,-70.46849,-74.16194,-79.91812,-79.934044,-79.94356,-79.95146,-79.958664,-79.96523,-79.971405,-79.9738,-79.97617,-79.97852,-79.98078,-79.981926,-79.98304,-79.98414,-79.985214,-79.98625,-79.987274,-79.98826,-79.989204,-79.99011,-79.99097,-79.99177,-79.992516,-79.993195,-79.99381,-79.99434,-79.994774,-79.9951,-79.99531
/Users/yunhwang/Desktop/Stethoscope_Project/Audio shared/ML test sound list/RAW sound_ML test sound list/WEBSS-007 TP7_seg-1.wav,WEBSS-007 TP7_seg-1_seg1,WEBSS-007 TP7_seg-1.wav,0,-26.88693,-28.14594,-29.504381,-32.990467,-37.589184,-38.13123,-40.95282,-46.16646,-49.638554,-50.24286,-51.672115,-52.371994,-51.93012,-52.672367,-54.99396,-56.021534,-55.83014,-55.61396,-55.46447,-56.47563,-58.18968,-60.015476,-61.311314,-62.081264,-61.874443,-62.553463,-63.387505,-64.787674,-65.28643,-65.20224,-66.50071,-68.01999,-68.528656,-68.81984,-71.98471,-79.74371,-79.83796,-79.84789,-79.85609,-79.86358,-79.87039,-79.87686,-79.881516,-79.88571,-79.88978,-79.89373,-79.89756,-79.901276,-79.90489,-79.90841,-79.91176,-79.91505,-79.91819,-79.92118,-79.92406,-79.92676,-79.92929,-79.93101,-79.9324,-79.93364,-79.934715,-79.9356,-79.93627,-79.93669
/Users/yunhwang/Desktop/Stethoscope_Project/Audio shared/ML test sound list/RAW sound_ML test sound list/WEBSS-007 TP7_seg-1.wav,WEBSS-007 TP7_seg-1_seg2,WEBSS-007 TP7_seg-1.wav,1,-29.142094,-29.600208,-31.02058,-34.503925,-37.258175,-37.34341,-39.777924,-45.541485,-49.373425,-49.983646,-49.27683,-51.326473,-52.082615,-52.463657,-54.00059,-54.19063,-54.281395,-52.651344,-56.12605,-57.235897,-58.065907,-61.135082,-62.12852,-62.125088,-63.695225,-64.30546,-65.09365,-65.22387,-65.48628,-65.899925,-66.48333,-66.6929,-66.77217,-67.55449,-71.7549,-79.67998,-79.782036,-79.78853,-79.794556,-79.80053,-79.80624,-79.81186,-79.81733,-79.822685,-79.82793,-79.83306,-79.83804,-79.841644,-79.84517,-79.8486,-79.8519,-79.85513,-79.85823,-79.86118,-79.86402,-79.8667,-79.8692,-79.87153,-79.87365,-79.875534,-79.877174,-79.87851,-79.87954,-79.88018
/Users/yunhwang/Desktop/Stethoscope_Project/Audio shared/ML test sound list/RAW sound_ML test sound list/WEBSS-007 TP7_seg-1.wav,WEBSS-007 TP7_seg-1_seg3,WEBSS-007 TP7_seg-1.wav,2,-29.96956,-31.503363,-31.885689,-33.640373,-35.71302,-35.630005,-39.966526,-47.14135,-50.23036,-51.797844,-53.437,-52.97282,-53.030228,-54.11866,-55.933876,-56.426804,-54.626873,-54.604073,-56.740105,-59.532734,-61.005802,-62.3873,-63.138977,-63.70347,-64.36875,-65.37941,-66.49169,-67.15942,-67.46842,-68.61767,-69.12084,-69.43632,-68.39962,-68.28973,-71.83034,-79.81415,-79.89986,-79.903496,-79.906815,-79.91007,-79.913155,-79.91617,-79.91909,-79.92193,-79.924706,-79.92741,-79.93002,-79.93257,-79.93505,-79.93747,-79.93977,-79.94203,-79.944176,-79.946236,-79.9482,-79.95004,-79.951775,-79.95338,-79.954834,-79.95612,-79.95725,-79.95817,-79.95886,-79.95931
/Users/yunhwang/Desktop/Stethoscope_Project/Audio shared/ML test sound list/RAW sound_ML test sound list/KP006_WWS.wav,KP006_WWS_seg1,KP006_WWS.wav,0,-13.649935,-25.566479,-34.974358,-40.235706,-42.28653,-43.424908,-45.732197,-47.304424,-49.134808,-50.86419,-51.790073,-52.444977,-53.20351,-52.84964,-54.15302,-55.347015,-55.713696,-56.81893,-59.50221,-60.06734,-60.681885,-62.340904,-63.19282,-63.97186,-64.002975,-64.58613,-65.92207,-66.670074,-67.048386,-67.21988,-67.13106,-68.28423,-68.352844,-68.80879,-72.84657,-79.797165,-79.863884,-79.87139,-79.87751,-79.88309,-79.88815,-79.892944,-79.89749,-79.90185,-79.90604,-79.910095,-79.91401,-79.91778,-79.92146,-79.925026,-79.92843,-79.93175,-79.93491,-79.937935,-79.94082,-79.94355,-79.94609,-79.94845,-79.9506,-79.9525,-79.95416,-79.955505,-79.95654,-79.95719
/Users/yunhwang/Desktop/Stethoscope_Project/Audio shared/ML test sound list/RAW sound_ML test sound list/KP006_WWS.wav,KP006_WWS_seg2,KP006_WWS.wav,1,-16.182186,-29.744951,-38.743614,-43.2693,-44.860752,-45.792282,-47.513966,-49.889473,-51.587215,-52.464527,-53.32201,-53.996155,-55.859894,-56.00297,-56.812595,-58.00633,-58.392822,-59.19641,-61.44017,-62.554226,-62.786304,-64.352844,-65.91656,-66.898865,-66.2985,-66.66929,-67.619125,-68.57421,-69.11709,-69.183174,-69.207344,-69.73434,-69.974625,-70.25327,-74.434074,-79.461945,-79.878235,-79.88228,-79.88608,-79.88992,-79.89364,-79.89734,-79.900986,-79.90457,-79.90812,-79.91163,-79.915054,-79.91842,-79.92172,-79.92497,-79.928085,-79.93116,-79.934105,-79.93693,-79.93966,-79.94222,-79.94464,-79.946884,-79.94893,-79.95075,-79.952354,-79.95365,-79.954636,-79.95527
/Users/yunhwang/Desktop/Stethoscope_Project/Audio shared/ML test sound list/RAW sound_ML test sound list/KP006_WWS.wav,KP006_WWS_seg3,KP006_WWS.wav,2,-14.563408,-28.18619,-36.59603,-40.807396,-41.563774,-42.633385,-45.136925,-46.605,-47.569633,-48.824444,-49.78712,-50.2123,-51.54256,-51.64933,-52.2616,-53.162746,-53.49542,-54.852192,-57.70081,-59.21127,-60.288956,-61.670895,-62.67625,-63.67012,-62.33507,-63.578255,-64.39089,-65.07539,-65.648384,-65.936386,-65.947495,-66.99364,-67.71027,-67.8204,-72.303825,-79.86866,-79.88407,-79.89325,-79.90083,-79.907776,-79.91206,-79.91453,-79.91695,-79.91933,-79.921684,-79.92401,-79.92629,-79.92853,-79.930725,-79.932884,-79.93495,-79.937,-79.93896,-79.940834,-79.94265,-79.94436,-79.94596,-79.94746,-79.94882,-79.950035,-79.951096,-79.95196,-79.95262,-79.95304
/Users/yunhwang/Desktop/Stethoscope_Project/Audio shared/ML test sound list/RAW sound_ML test sound list/WEBSS-007 TP1_seg-1.wav,WEBSS-007 TP1_seg-1_seg1,WEBSS-007 TP1_seg-1.wav,0,-18.293129,-19.774656,-19.691422,-19.729942,-22.503166,-26.722942,-30.85717,-34.00249,-36.57164,-39.480366,-41.15079,-42.720184,-45.002018,-46.92398,-47.84179,-48.199818,-46.44155,-44.934326,-46.64611,-49.431393,-50.792225,-51.703648,-51.293644,-50.413525,-51.09677,-50.050976,-49.105137,-48.682625,-50.230133,-52.19061,-53.87072,-54.555843,-55.425976,-54.791744,-57.31468,-74.39556,-79.85512,-79.8622,-79.86768,-79.872444,-79.87665,-79.880516,-79.88411,-79.88748,-79.89068,-79.89373,-79.89664,-79.89942,-79.90211,-79.90468,-79.90713,-79.90949,-79.91175,-79.91388,-79.915924,-79.91782,-79.9196,-79.92125,-79.92275,-79.92407,-79.92522,-79.926155,-79.926865,-79.927315
/Users/yunhwang/Desktop/Stethoscope_Project/Audio shared/ML test sound list/RAW sound_ML test sound list/WEBSS-007 TP1_seg-1.wav,WEBSS-007 TP1_seg-1_seg2,WEBSS-007 TP1_seg-1.wav,1,-29.47002,-30.947618,-31.143541,-31.292866,-33.514996,-36.99951,-41.51979,-44.87403,-47.560192,-49.219624,-50.743954,-52.155766,-54.103653,-56.353577,-57.247093,-58.161964,-57.21729,-56.866558,-58.56366,-60.136127,-60.95925,-60.987595,-60.395584,-60.28382,-60.705185,-59.893394,-59.564583,-58.72664,-59.646988,-61.58759,-63.45072,-65.002846,-65.955894,-65.39031,-67.30892,-79.89948,-79.9913,-79.99269,-79.99399,-79.99529,-79.99656,-79.997826,-79.99908,-80.0,-80.0,-80.0,-80.0,-80.0,-80.0,-80.0,-80.0,-80.0,-80.0,-80.0,-80.0,-80.0,-80.0,-80.0,-80.0,-80.0,-80.0,-80.0,-80.0,-80.0
/Users/yunhwang/Desktop/Stethoscope_Project/Audio shared/ML test sound list/RAW sound_ML test sound list/WEBSS-007 TP1_seg-1.wav,WEBSS-007 TP1_seg-1_seg3,WEBSS-007 TP1_seg-1.wav,2,-16.93717,-18.203344,-18.715721,-19.908659,-22.197296,-25.962734,-30.088915,-33.726395,-36.5279,-38.338196,-39.51907,-41.167397,-43.25519,-45.340305,-45.79536,-46.356205,-45.475807,-44.47585,-44.617195,-46.14449,-47.60306,-48.27096,-47.86073,-47.965313,-49.022865,-47.994926,-47.537323,-46.679604,-47.058464,-49.43651,-51.35566,-53.2184,-53.72289,-53.17042,-55.463192,-72.85211,-79.861244,-79.87315,-79.88096,-79.88805,-79.8945,-79.9006,-79.90637,-79.91188,-79.91717,-79.922264,-79.927155,-79.931854,-79.9364,-79.94078,-79.944954,-79.949,-79.95283,-79.95544,-79.95727,-79.959,-79.96064,-79.96215,-79.96353,-79.96476,-79.96583,-79.966705,-79.96737,-79.96779
/Users/yunhwang/Desktop/Stethoscope_Project/Audio shared/ML test sound list/RAW sound_ML test sound list/WEBSS-003 TP1_seg-1.wav,WEBSS-003 TP1_seg-1_seg1,WEBSS-003 TP1_seg-1.wav,0,-14.090992,-17.0054,-20.749775,-25.58635,-28.923729,-32.168987,-32.687267,-33.50151,-35.979435,-37.82747,-39.357197,-40.818417,-42.069378,-42.444527,-42.560417,-42.656204,-43.399292,-43.82416,-44.54266,-45.409805,-45.49456,-45.819542,-46.313904,-47.55511,-49.62723,-51.317444,-52.90575,-53.55493,-53.76021,-54.319725,-55.010612,-55.69752,-57.04116,-57.867985,-61.3935,-77.904816,-79.77475,-79.78415,-79.79193,-79.79909,-79.805595,-79.8118,-79.81772,-79.82338,-79.828865,-79.834175,-79.83931,-79.84428,-79.84911,-79.853806,-79.85829,-79.86267,-79.86685,-79.87084,-79.87467,-79.87827,-79.881645,-79.88477,-79.88762,-79.890144,-79.89235,-79.894135,-79.89551,-79.89636
/Users/yunhwang/Desktop/Stethoscope_Project/Audio shared/ML test sound list/RAW sound_ML test sound list/WEBSS-003 TP1_seg-1.wav,WEBSS-003 TP1_seg-1_seg2,WEBSS-003 TP1_seg-1.wav,1,-11.409062,-16.959038,-20.381151,-23.683924,-27.232553,-30.482132,-31.931257,-33.090477,-35.652245,-37.68766,-39.034126,-40.01905,-40.978565,-42.285942,-42.78973,-42.5402,-43.1445,-43.82521,-44.16291,-44.945953,-44.87498,-45.309246,-46.238033,-47.741062,-49.914528,-51.436493,-52.88265,-53.78601,-53.589874,-54.07262,-54.52086,-55.44597,-56.677853,-57.447628,-60.8066,-77.06126,-79.791794,-79.79652,-79.80118,-79.80602,-79.81075,-79.81509,-79.81867,-79.82221,-79.82571,-79.82918,-79.83258,-79.835915,-79.839195,-79.842415,-79.84551,-79.848564,-79.8515,-79.85432,-79.857025,-79.85959,-79.862,-79.864235,-79.86628,-79.868095,-79.86968,-79.87097,-79.87197,-79.87259
/Users/yunhwang/Desktop/Stethoscope_Project/Audio shared/ML test sound list/RAW sound_ML test sound list/WEBSS-003 TP1_seg-1.wav,WEBSS-003 TP1_seg-1_seg3,WEBSS-003 TP1_seg-1.wav,2,-13.015462,-17.176859,-19.431635,-23.219843,-27.24812,-29.589163,-31.061495,-30.761518,-31.930567,-34.59463,-35.94006,-35.27826,-35.07406,-37.636982,-39.09996,-39.472443,-39.325012,-40.391857,-41.102394,-42.0655,-42.298153,-43.21751,-44.59283,-45.95602,-47.567936,-49.000095,-50.07608,-51.33537,-51.558376,-52.19716,-53.016575,-54.17605,-55.56627,-56.357704,-59.95454,-76.91809,-79.84527,-79.85991,-79.86858,-79.8752,-79.8813,-79.887115,-79.89266,-79.89797,-79.903114,-79.90808,-79.91286,-79.91747,-79.921936,-79.926254,-79.930374,-79.93437,-79.93817,-79.941795,-79.94525,-79.94848,-79.95149,-79.95314,-79.95448,-79.95569,-79.95674,-79.957596,-79.95825,-79.958664
/Users/yunhwang/Desktop/Stethoscope_Project/Audio shared/ML test sound list/RAW sound_ML test sound list/KP012_WWS_2.wav,KP012_WWS_2_seg1,KP012_WWS_2.wav,0,-14.084122,-25.840067,-33.98538,-39.629032,-44.470192,-48.3487,-50.230106,-52.680878,-55.062275,-55.92676,-56.716877,-57.201878,-58.65197,-59.910942,-60.73244,-62.08585,-64.13547,-65.77838,-67.03397,-68.07515,-68.92416,-69.8355,-70.92081,-71.53382,-72.055244,-72.72068,-72.92337,-72.91483,-72.15117,-71.53998,-72.598495,-73.59353,-72.911674,-72.1026,-77.355415,-79.862015,-79.89074,-79.89812,-79.904144,-79.90963,-79.91461,-79.91934,-79.92382,-79.928116,-79.93226,-79.936264,-79.94014,-79.94388,-79.947525,-79.95105,-79.954285,-79.95644,-79.9585,-79.96047,-79.96236,-79.96414,-79.96581,-79.96736,-79.968765,-79.970024,-79.97111,-79.97199,-79.97267,-79.97311
/Users/yunhwang/Desktop/Stethoscope_Project/Audio shared/ML test sound list/RAW sound_ML test sound list/KP012_WWS_2.wav,KP012_WWS_2_seg2,KP012_WWS_2.wav,1,-9.598952,-21.266853,-28.895346,-33.70803,-38.18418,-42.295,-44.062138,-46.566895,-48.643696,-50.057808,-50.79396,-51.547985,-52.54884,-53.688835,-54.649075,-56.067253,-57.962025,-59.633537,-60.987556,-62.216442,-62.99587,-64.25984,-65.36064,-65.65578,-66.270065,-66.65095,-66.77722,-67.10106,-66.19129,-65.35512,-66.6371,-67.37005,-67.23078,-66.4153,-71.96385,-79.76036,-79.84408,-79.84766,-79.85119,-79.85486,-79.85844,-79.86203,-79.86559,-79.8691,-79.8726,-79.876045,-79.87944,-79.88276,-79.88603,-79.889244,-79.89234,-79.89539,-79.898315,-79.90113,-79.90384,-79.9064,-79.908806,-79.91103,-79.91308,-79.914894,-79.91648,-79.91777,-79.91876,-79.91938
/Users/yunhwang/Desktop/Stethoscope_Project/Audio shared/ML test sound list/RAW sound_ML test sound list/KP012_WWS_2.wav,KP012_WWS_2_seg3,KP012_WWS_2.wav,2,-12.193291,-23.685854,-31.323875,-36.16689,-40.84208,-44.40214,-45.751705,-48.45115,-51.121166,-52.13715,-52.787003,-53.863544,-55.08737,-56.249245,-57.3315,-58.439697,-60.69498,-62.132687,-63.80415,-64.64249,-65.29806,-66.91936,-67.87732,-68.521255,-69.139305,-69.33566,-69.58379,-69.365746,-68.77889,-67.877174,-68.93003,-69.93394,-69.69516,-69.09697,-74.315186,-79.77851,-79.86676,-79.88207,-79.893394,-79.90027,-79.90656,-79.91254,-79.918205,-79.92362,-79.92885,-79.93388,-79.938736,-79.943405,-79.94794,-79.95229,-79.95646,-79.9605,-79.96434,-79.96799,-79.97147,-79.97473,-79.97777,-79.980255,-79.98172,-79.98232,-79.98285,-79.983284,-79.98361,-79.98382
/Users/yunhwang/Desktop/Stethoscope_Project/Audio shared/ML test sound list/RAW sound_ML test sound list/KP007_WWS.wav,KP007_WWS_seg1,KP007_WWS.wav,0,-12.312395,-24.851505,-30.468859,-33.54923,-36.813236,-40.54647,-43.305717,-45.306484,-47.274406,-47.617706,-48.128777,-48.34326,-48.37386,-48.907597,-50.014347,-51.191326,-53.227516,-55.538445,-57.76858,-59.014194,-60.21427,-61.624374,-62.556442,-62.616745,-62.875137,-63.347855,-63.354446,-63.13397,-62.648876,-61.767826,-62.406925,-62.79126,-62.515656,-62.528698,-66.77604,-78.487595,-79.71662,-79.72575,-79.733315,-79.740295,-79.74668,-79.75277,-79.75858,-79.76417,-79.76958,-79.77483,-79.7799,-79.78482,-79.78961,-79.794266,-79.79871,-79.80307,-79.806656,-79.80968,-79.812584,-79.81531,-79.817856,-79.82022,-79.822365,-79.82428,-79.82594,-79.827286,-79.82832,-79.82897
/Users/yunhwang/Desktop/Stethoscope_Project/Audio shared/ML test sound list/RAW sound_ML test sound list/KP007_WWS.wav,KP007_WWS_seg2,KP007_WWS.wav,1,-12.485924,-25.817053,-32.223564,-36.151306,-38.69179,-42.161503,-44.862095,-46.760456,-48.31588,-48.622765,-49.182144,-49.11238,-49.935543,-50.43724,-50.80329,-51.093697,-54.161648,-56.086468,-58.130543,-59.80723,-61.293045,-62.743652,-63.670727,-63.96719,-64.45835,-64.54531,-64.59679,-64.166016,-63.42361,-62.97248,-63.402008,-64.23182,-63.808533,-64.17666,-68.803825,-78.82523,-79.80822,-79.8134,-79.818344,-79.823395,-79.82828,-79.83315,-79.83796,-79.842705,-79.8474,-79.852036,-79.85659,-79.861046,-79.86515,-79.86838,-79.87149,-79.87455,-79.877495,-79.88032,-79.88303,-79.8856,-79.888,-79.89025,-79.892296,-79.89412,-79.895706,-79.897,-79.898,-79.89863
/Users/yunhwang/Desktop/Stethoscope_Project/Audio shared/ML test sound list/RAW sound_ML test sound list/KP007_WWS.wav,KP007_WWS_seg3,KP007_WWS.wav,2,-12.62355,-24.239578,-29.871378,-33.134773,-35.940308,-39.572636,-41.80558,-43.83784,-45.711494,-46.43973,-46.83669,-47.27596,-47.65206,-48.282703,-48.954853,-49.62797,-52.238213,-54.389877,-56.25568,-57.92204,-59.18653,-60.525173,-61.37883,-61.956333,-62.518345,-62.748222,-62.766685,-62.49887,-61.68747,-60.989304,-61.20712,-61.525616,-61.75061,-62.18614,-66.86319,-78.543144,-79.84151,-79.85052,-79.858025,-79.86491,-79.87119,-79.877144,-79.8828,-79.88821,-79.89341,-79.89842,-79.90112,-79.903336,-79.90552,-79.90766,-79.90973,-79.91176,-79.91371,-79.91559,-79.9174,-79.9191,-79.9207,-79.922195,-79.92355,-79.92477,-79.92582,-79.92668,-79.92734,-79.92775
/Users/yunhwang/Desktop/Stethoscope_Project/Audio shared/ML test sound list/RAW sound_ML test sound list/WEBSS-002 TP 3_seg-1.wav,WEBSS-002 TP 3_seg-1_seg1,WEBSS-002 TP 3_seg-1.wav,0,-12.338045,-18.66887,-24.636684,-29.4179,-31.888958,-34.079617,-36.419106,-39.42848,-42.177017,-44.628925,-47.37136,-50.553547,-52.25836,-53.623234,-54.10484,-54.30726,-54.310715,-53.968967,-53.516235,-53.370537,-53.15213,-52.84171,-52.78975,-52.701023,-52.336887,-52.526512,-53.221046,-54.085724,-54.65106,-55.73317,-57.914635,-61.288795,-63.785374,-65.424385,-69.82317,-79.79367,-79.81611,-79.82487,-79.83219,-79.839,-79.8451,-79.84991,-79.85447,-79.858826,-79.86303,-79.867096,-79.87101,-79.874794,-79.87847,-79.88204,-79.88544,-79.88876,-79.89194,-79.89496,-79.89786,-79.90058,-79.90312,-79.90548,-79.90764,-79.909546,-79.9112,-79.91255,-79.91359,-79.91424
/Users/yunhwang/Desktop/Stethoscope_Project/Audio shared/ML test sound list/RAW sound_ML test sound list/WEBSS-002 TP 3_seg-1.wav,WEBSS-002 TP 3_seg-1_seg2,WEBSS-002 TP 3_seg-1.wav,1,-12.405764,-18.996399,-25.116993,-29.62866,-32.649353,-34.226864,-36.14123,-39.503326,-42.369457,-44.231693,-47.124187,-50.394836,-52.68266,-53.79906,-54.55358,-54.75866,-54.69972,-54.50001,-53.66791,-53.103184,-52.696606,-52.52762,-52.644382,-51.646206,-51.8564,-52.92271,-53.36297,-53.999725,-54.116676,-55.00477,-57.438335,-61.072346,-63.202774,-64.74147,-68.6941,-79.81096,-79.835976,-79.84099,-79.84586,-79.85087,-79.85573,-79.860596,-79.8654,-79.86959,-79.87309,-79.87656,-79.87995,-79.88328,-79.886566,-79.889786,-79.89288,-79.89594,-79.89888,-79.901695,-79.90441,-79.906975,-79.909386,-79.91161,-79.913666,-79.91548,-79.91707,-79.918365,-79.91936,-79.919975
/Users/yunhwang/Desktop/Stethoscope_Project/Audio shared/ML test sound list/RAW sound_ML test sound list/WEBSS-002 TP 3_seg-1.wav,WEBSS-002 TP 3_seg-1_seg3,WEBSS-002 TP 3_seg-1.wav,2,-10.08973,-16.235033,-23.523907,-27.724953,-31.354145,-33.30768,-34.727875,-38.202244,-41.117767,-43.38123,-46.240734,-48.920425,-50.691105,-51.319763,-52.41699,-53.00939,-53.22341,-52.717888,-52.19223,-51.843353,-51.11127,-50.267628,-49.61039,-48.799202,-48.646748,-47.437744,-48.436707,-49.84109,-50.90922,-52.96908,-55.762604,-58.633087,-60.421562,-61.880753,-65.53294,-79.64426,-79.832855,-79.84243,-79.85034,-79.85751,-79.86404,-79.87019,-79.87601,-79.88155,-79.88688,-79.89201,-79.89693,-79.90166,-79.906235,-79.91065,-79.91485,-79.91829,-79.920265,-79.922165,-79.923996,-79.92572,-79.92734,-79.92885,-79.93022,-79.93145,-79.93252,-79.93338,-79.93405,-79.93447
/Users/yunhwang/Desktop/Stethoscope_Project/Audio shared/ML test sound list/RAW sound_ML test sound list/WEBSS-003 TP3 _seg-1.wav,WEBSS-003 TP3 _seg-1_seg1,WEBSS-003 TP3 _seg-1.wav,0,-15.2626705,-19.905293,-23.953669,-28.526377,-33.23241,-36.059475,-38.3376,-40.80782,-42.353508,-43.711845,-44.946106,-45.839577,-46.807453,-47.854362,-48.32027,-46.840897,-45.222458,-44.581356,-45.293285,-45.300037,-47.170883,-48.84,-50.789474,-51.571617,-53.151203,-52.63618,-54.2736,-54.782997,-55.618523,-56.383354,-58.44851,-59.919178,-60.96615,-62.237495,-66.57208,-79.62052,-79.88152,-79.889305,-79.89566,-79.90143,-79.90665,-79.91159,-79.91626,-79.92072,-79.92501,-79.92916,-79.93316,-79.937004,-79.94074,-79.94437,-79.947815,-79.95119,-79.9544,-79.956505,-79.95842,-79.96021,-79.9619,-79.963455,-79.964874,-79.96614,-79.96724,-79.968124,-79.96881,-79.969246
/Users/yunhwang/Desktop/Stethoscope_Project/Audio shared/ML test sound list/RAW sound_ML test sound list/WEBSS-003 TP3 _seg-1.wav,WEBSS-003 TP3 _seg-1_seg2,WEBSS-003 TP3 _seg-1.wav,1,-25.924498,-30.562618,-34.25746,-38.15428,-43.041546,-45.335155,-48.01102,-50.81758,-51.032867,-52.697598,-54.34153,-54.839844,-56.078487,-56.65832,-56.97037,-55.540512,-54.468662,-54.572853,-55.79595,-55.540222,-56.938915,-58.524715,-60.193863,-60.88763,-62.101986,-61.59124,-62.854565,-63.643364,-64.21471,-65.59781,-67.132126,-68.49276,-69.866005,-71.26933,-75.2752,-79.95787,-79.96057,-79.96274,-79.96493,-79.96724,-79.96951,-79.97182,-79.97411,-79.976395,-79.97867,-79.98092,-79.98313,-79.98531,-79.987465,-79.98958,-79.991615,-79.99363,-79.99556,-79.99693,-79.997826,-79.99868,-79.99948,-80.0,-80.0,-80.0,-80.0,-80.0,-80.0,-80.0
/Users/yunhwang/Desktop/Stethoscope_Project/Audio shared/ML test sound list/RAW sound_ML test sound list/WEBSS-003 TP3 _seg-1.wav,WEBSS-003 TP3 _seg-1_seg3,WEBSS-003 TP3 _seg-1.wav,2,-10.45183,-15.994987,-17.614006,-19.921854,-25.586071,-29.279816,-31.971865,-33.96455,-34.802505,-36.015076,-37.5163,-38.83127,-39.144512,-39.847046,-40.60443,-40.22212,-39.502193,-39.35774,-40.49834,-41.17376,-41.87967,-42.92495,-44.386215,-44.721127,-46.643333,-46.637436,-48.838272,-50.062347,-50.989326,-51.38529,-52.45627,-53.735497,-54.618423,-55.769196,-60.551167,-77.691895,-79.84229,-79.85126,-79.85875,-79.865616,-79.871895,-79.87786,-79.88354,-79.888954,-79.89238,-79.89468,-79.896935,-79.89914,-79.90133,-79.903465,-79.905525,-79.907555,-79.90951,-79.91137,-79.91318,-79.91488,-79.91648,-79.91797,-79.91933,-79.92054,-79.92159,-79.922455,-79.92312,-79.92354
/Users/yunhwang/Desktop/Stethoscope_Project/Audio shared/ML test sound list/RAW sound_ML test sound list/KP012_WWS_1.wav,KP012_WWS_1_seg1,KP012_WWS_1.wav,0,-13.299215,-22.867645,-29.449297,-34.239952,-39.001736,-42.59217,-43.80845,-46.189857,-49.211468,-50.715473,-51.429962,-51.706993,-53.23985,-54.385807,-55.405506,-56.195374,-58.32202,-60.68591,-62.301872,-63.949368,-65.36061,-66.51694,-67.50534,-68.13642,-68.98737,-68.68179,-68.97172,-69.48377,-68.667336,-68.016754,-68.67423,-69.747444,-69.71985,-70.04748,-75.26881,-79.76862,-79.84966,-79.857544,-79.863914,-79.869675,-79.87488,-79.87979,-79.88444,-79.888855,-79.89312,-79.89723,-79.9012,-79.905014,-79.90872,-79.912315,-79.91574,-79.91909,-79.92227,-79.925316,-79.92823,-79.93096,-79.93352,-79.93589,-79.93805,-79.93996,-79.94163,-79.94298,-79.94402,-79.94468
/Users/yunhwang/Desktop/Stethoscope_Project/Audio shared/ML test sound list/RAW sound_ML test sound list/KP012_WWS_1.wav,KP012_WWS_1_seg2,KP012_WWS_1.wav,1,-14.363005,-25.20734,-32.501022,-37.258995,-42.338703,-46.16267,-47.890602,-50.49252,-52.603523,-54.173187,-55.12301,-55.845234,-56.930286,-58.265392,-59.346645,-60.29826,-62.04272,-63.941692,-65.499794,-66.96121,-68.039665,-69.36348,-70.35203,-70.74592,-71.14047,-71.26313,-71.742966,-72.00115,-71.40409,-70.92223,-71.65931,-72.74087,-72.14086,-71.94867,-77.02076,-79.79334,-79.896835,-79.90079,-79.90454,-79.908356,-79.912056,-79.91574,-79.91938,-79.92295,-79.92649,-79.92999,-79.93342,-79.936775,-79.94009,-79.94331,-79.94643,-79.94951,-79.95245,-79.95527,-79.95799,-79.96056,-79.96298,-79.965225,-79.96727,-79.96897,-79.97003,-79.970894,-79.97156,-79.97197
/Users/yunhwang/Desktop/Stethoscope_Project/Audio shared/ML test sound list/RAW sound_ML test sound list/KP012_WWS_1.wav,KP012_WWS_1_seg3,KP012_WWS_1.wav,2,-11.7075205,-21.795397,-28.570814,-33.82303,-39.072647,-43.151863,-45.800602,-48.40397,-51.01525,-52.037865,-52.68639,-53.972355,-54.958355,-56.15313,-56.96502,-57.6075,-59.511505,-61.2901,-62.4068,-63.71919,-64.80364,-65.76355,-66.775055,-67.148346,-67.48268,-67.88352,-68.563675,-68.74425,-68.18975,-67.59224,-68.56097,-69.511795,-69.36357,-69.301605,-74.41305,-79.177505,-79.88653,-79.895454,-79.90293,-79.9098,-79.91607,-79.92204,-79.92771,-79.93313,-79.93836,-79.943405,-79.94825,-79.952934,-79.95526,-79.957405,-79.95947,-79.96151,-79.96346,-79.96534,-79.96715,-79.96885,-79.97046,-79.971954,-79.97331,-79.974525,-79.975586,-79.97644,-79.977104,-79.97752
/Users/yunhwang/Desktop/Stethoscope_Project/Audio shared/ML test sound list/RAW sound_ML test sound list/WEBSS-002 TP 4_seg-1.wav,WEBSS-002 TP 4_seg-1_seg1,WEBSS-002 TP 4_seg-1.wav,0,-10.553524,-17.170824,-24.042433,-28.351444,-30.960064,-33.178375,-36.509457,-38.332203,-40.76318,-44.998993,-48.37436,-51.04382,-53.330498,-55.63436,-56.845036,-57.138954,-58.2994,-59.170372,-59.092197,-59.688313,-59.995846,-60.223312,-59.89345,-58.410873,-57.46095,-57.248825,-57.377476,-58.0594,-59.068172,-61.08318,-63.327938,-65.33368,-66.84163,-68.1629,-71.846,-79.7323,-79.7474,-79.75641,-79.763954,-79.77094,-79.77736,-79.783066,-79.78769,-79.79209,-79.79634,-79.80045,-79.8044,-79.80822,-79.81192,-79.815506,-79.818924,-79.82227,-79.82546,-79.82849,-79.8314,-79.83414,-79.836685,-79.83906,-79.84122,-79.843124,-79.844795,-79.846146,-79.84718,-79.84783
/Users/yunhwang/Desktop/Stethoscope_Project/Audio shared/ML test sound list/RAW sound_ML test sound list/WEBSS-002 TP 4_seg-1.wav,WEBSS-002 TP 4_seg-1_seg2,WEBSS-002 TP 4_seg-1.wav,1,-11.042595,-19.404661,-25.350416,-30.161137,-32.792526,-35.00234,-38.001347,-41.17666,-42.87829,-45.665073,-49.125233,-52.267254,-54.864796,-56.380154,-57.902096,-59.489243,-59.85869,-60.447845,-60.623604,-61.141285,-60.68891,-60.548397,-60.974876,-60.271786,-58.87007,-58.244884,-57.83069,-57.721115,-59.061127,-61.427578,-63.91473,-66.14452,-67.883995,-68.786476,-72.2898,-79.75658,-79.76142,-79.766464,-79.77136,-79.77641,-79.7813,-79.7862,-79.79103,-79.7958,-79.80052,-79.80518,-79.80975,-79.81423,-79.81864,-79.82296,-79.82712,-79.831215,-79.835144,-79.83891,-79.84254,-79.84597,-79.84919,-79.85219,-79.85492,-79.857346,-79.859474,-79.8612,-79.862526,-79.86336
/Users/yunhwang/Desktop/Stethoscope_Project/Audio shared/ML test sound list/RAW sound_ML test sound list/WEBSS-002 TP 4_seg-1.wav,WEBSS-002 TP 4_seg-1_seg3,WEBSS-002 TP 4_seg-1.wav,2,-10.204485,-18.711216,-26.61753,-30.967009,-33.43811,-35.726418,-38.497334,-41.903965,-44.03746,-46.327938,-49.30458,-52.03725,-54.95978,-56.310616,-57.169235,-58.154015,-59.388798,-59.856224,-59.828293,-60.696217,-61.161415,-60.969597,-59.980606,-58.232803,-57.49798,-56.8151,-56.826454,-57.184517,-58.57163,-60.645973,-62.995964,-65.22031,-66.54573,-67.47191,-71.27359,-79.7063,-79.73491,-79.75045,-79.76313,-79.77038,-79.77673,-79.78274,-79.788445,-79.79389,-79.79913,-79.8042,-79.80906,-79.81374,-79.818275,-79.82266,-79.82683,-79.83088,-79.834724,-79.83839,-79.841866,-79.84512,-79.84817,-79.850975,-79.85352,-79.85562,-79.85668,-79.857544,-79.8582,-79.85862
/Users/yunhwang/Desktop/Stethoscope_Project/Audio shared/ML test sound list/RAW sound_ML test sound list/WEBSS-006 TP3_seg-1.wav,WEBSS-006 TP3_seg-1_seg1,WEBSS-006 TP3_seg-1.wav,0,-16.619644,-28.149055,-34.001175,-37.809303,-41.54013,-44.331894,-46.958683,-49.682827,-51.66796,-53.040424,-53.95391,-55.07043,-56.106586,-56.643883,-58.17065,-59.56189,-62.03345,-64.3939,-65.75728,-67.10669,-68.48261,-69.68344,-70.692314,-71.71281,-72.78511,-73.78345,-74.68006,-75.25735,-76.19996,-77.16497,-77.67959,-78.18362,-78.46253,-78.50115,-79.51472,-79.8913,-79.90478,-79.91297,-79.91791,-79.922615,-79.92699,-79.93123,-79.935326,-79.939285,-79.94315,-79.94694,-79.94966,-79.95212,-79.95432,-79.9554,-79.95643,-79.95746,-79.95843,-79.95937,-79.96027,-79.96113,-79.96194,-79.962685,-79.96336,-79.96397,-79.9645,-79.96493,-79.96526,-79.96547
/Users/yunhwang/Desktop/Stethoscope_Project/Audio shared/ML test sound list/RAW sound_ML test sound list/WEBSS-006 TP3_seg-1.wav,WEBSS-006 TP3_seg-1_seg2,WEBSS-006 TP3_seg-1.wav,1,-11.057385,-21.915232,-27.234194,-30.060238,-33.398598,-36.497757,-39.60368,-42.16138,-43.59056,-44.892227,-46.056892,-47.294624,-48.587692,-49.400154,-50.60797,-52.651806,-55.131577,-57.8794,-59.986435,-61.692917,-63.01699,-64.36984,-65.46791,-66.623314,-67.7027,-68.59619,-69.37207,-69.80343,-71.0479,-72.08113,-72.5618,-74.05002,-74.34941,-73.98565,-77.02218,-79.840034,-79.84361,-79.84733,-79.85093,-79.85464,-79.85824,-79.86185,-79.86542,-79.868935,-79.87243,-79.875885,-79.87928,-79.8826,-79.88588,-79.88909,-79.89175,-79.89379,-79.895744,-79.89763,-79.89944,-79.901146,-79.902756,-79.90424,-79.90562,-79.90682,-79.90788,-79.908745,-79.90941,-79.90982
/Users/yunhwang/Desktop/Stethoscope_Project/Audio shared/ML test sound list/RAW sound_ML test sound list/WEBSS-006 TP3_seg-1.wav,WEBSS-006 TP3_seg-1_seg3,WEBSS-006 TP3_seg-1.wav,2,-10.869382,-22.313108,-27.943953,-31.520788,-35.18218,-38.451115,-41.88325,-44.635895,-46.303402,-47.555225,-48.68152,-49.789536,-51.152245,-52.337646,-53.462055,-55.21012,-57.530025,-59.945145,-62.1866,-63.451714,-64.695335,-65.94197,-66.949196,-67.76358,-68.31205,-69.379234,-69.82092,-70.414246,-71.41453,-72.172714,-73.73804,-74.83882,-75.18467,-74.94707,-77.76224,-79.82602,-79.85398,-79.86825,-79.87958,-79.88958,-79.89852,-79.90682,-79.914566,-79.92186,-79.92878,-79.93539,-79.941666,-79.946014,-79.94944,-79.95273,-79.95585,-79.95886,-79.96172,-79.96443,-79.96669,-79.968254,-79.96969,-79.971,-79.97219,-79.973236,-79.97414,-79.97487,-79.97542,-79.97576
/Users/yunhwang/Desktop/Stethoscope_Project/Audio shared/ML test sound list/RAW sound_ML test sound list/KP005_WWS.wav,KP005_WWS_seg1,KP005_WWS.wav,0,-10.9389105,-24.605566,-28.970335,-30.608364,-32.49557,-35.793964,-38.366817,-40.21069,-43.000916,-43.694733,-43.364914,-44.835606,-45.781483,-46.7658,-47.820953,-49.29873,-51.312153,-53.639477,-55.37938,-56.71614,-57.52596,-58.546307,-59.22711,-59.550682,-59.883373,-59.99874,-60.027645,-60.075386,-59.606934,-59.10123,-59.952225,-60.365192,-60.24252,-60.19546,-63.922424,-79.25972,-79.7999,-79.80796,-79.81497,-79.821594,-79.827736,-79.83366,-79.83934,-79.84481,-79.85014,-79.855316,-79.85899,-79.86254,-79.86601,-79.8694,-79.87265,-79.87584,-79.87888,-79.8818,-79.8846,-79.88723,-79.88971,-79.892006,-79.8941,-79.89596,-79.89758,-79.8989,-79.89991,-79.90055
/Users/yunhwang/Desktop/Stethoscope_Project/Audio shared/ML test sound list/RAW sound_ML test sound list/KP005_WWS.wav,KP005_WWS_seg2,KP005_WWS.wav,1,-9.278794,-23.29443,-27.530184,-29.243582,-31.182589,-34.647514,-37.26042,-39.602173,-41.680584,-42.27898,-42.638744,-43.662323,-45.066174,-45.87008,-46.814312,-48.13284,-50.21076,-52.418343,-54.048367,-54.671974,-55.72715,-56.68093,-57.50387,-58.028927,-58.04988,-58.281487,-58.306484,-58.051754,-57.124477,-56.3275,-57.47633,-58.08683,-58.030163,-58.13255,-61.661568,-78.082924,-79.775925,-79.77958,-79.7831,-79.786736,-79.790276,-79.793846,-79.79737,-79.800865,-79.80435,-79.807785,-79.81116,-79.81447,-79.81774,-79.820946,-79.82403,-79.82708,-79.829994,-79.8328,-79.83551,-79.83806,-79.84047,-79.8427,-79.844185,-79.8454,-79.84646,-79.84732,-79.847984,-79.8484
/Users/yunhwang/Desktop/Stethoscope_Project/Audio shared/ML test sound list/RAW sound_ML test sound list/KP005_WWS.wav,KP005_WWS_seg3,KP005_WWS.wav,2,-9.897113,-23.171537,-27.640718,-29.850615,-31.332506,-34.254913,-36.708866,-39.0296,-41.582302,-42.204903,-41.699818,-42.582363,-43.661755,-44.614388,-45.27076,-46.723038,-49.669994,-51.639763,-53.580246,-54.560753,-55.967472,-57.240738,-57.899075,-58.43952,-58.701626,-58.7067,-58.801666,-58.336113,-57.787678,-57.411915,-58.221252,-58.85978,-59.18017,-58.973167,-62.70627,-78.93181,-79.97694,-79.97917,-79.98103,-79.98216,-79.983284,-79.98442,-79.98556,-79.98669,-79.987816,-79.988945,-79.99004,-79.991135,-79.9922,-79.99326,-79.994286,-79.995285,-79.996254,-79.99718,-79.99808,-79.998924,-79.99972,-80.0,-80.0,-80.0,-80.0,-80.0,-80.0,-80.0
/Users/yunhwang/Desktop/Stethoscope_Project/Audio shared/ML test sound list/RAW sound_ML test sound list/KP004_WWS.wav,KP004_WWS_seg1,KP004_WWS.wav,0,-9.777743,-21.175959,-27.92505,-33.087917,-35.962765,-37.53135,-40.278435,-42.811382,-44.609634,-45.797604,-46.622143,-48.197327,-48.8427,-49.199524,-48.809906,-49.752335,-50.751038,-51.95016,-53.077488,-54.13225,-55.010372,-56.236507,-57.299908,-57.87612,-57.925045,-58.500076,-58.83247,-59.15376,-59.13935,-59.039948,-59.049232,-60.281242,-61.027893,-61.732204,-65.726814,-79.10089,-79.81798,-79.82754,-79.835365,-79.84253,-79.84905,-79.855255,-79.86116,-79.86681,-79.872284,-79.877594,-79.88261,-79.886444,-79.89017,-79.89377,-79.89722,-79.90057,-79.90376,-79.90681,-79.90972,-79.91247,-79.91502,-79.917404,-79.91956,-79.92148,-79.92315,-79.9245,-79.925545,-79.92619
/Users/yunhwang/Desktop/Stethoscope_Project/Audio shared/ML test sound list/RAW sound_ML test sound list/KP004_WWS.wav,KP004_WWS_seg2,KP004_WWS.wav,1,-11.421716,-23.841204,-30.822565,-35.413013,-37.6675,-39.6065,-42.0355,-44.424625,-46.28084,-47.956364,-49.238445,-49.84239,-50.76686,-51.221333,-51.22688,-52.046856,-52.804386,-54.295204,-55.329247,-56.394882,-57.302017,-58.400692,-59.675518,-60.61716,-60.658398,-61.24587,-61.676254,-61.887997,-61.939423,-61.78662,-61.735287,-62.77979,-63.049633,-64.25662,-68.45167,-79.467606,-79.85792,-79.862,-79.86582,-79.869675,-79.873375,-79.877075,-79.88071,-79.88428,-79.88782,-79.89131,-79.89473,-79.89808,-79.90138,-79.90462,-79.90772,-79.91079,-79.913734,-79.91656,-79.91927,-79.92184,-79.924255,-79.92649,-79.92854,-79.93036,-79.931946,-79.93324,-79.934235,-79.93486
/Users/yunhwang/Desktop/Stethoscope_Project/Audio shared/ML test sound list/RAW sound_ML test sound list/KP004_WWS.wav,KP004_WWS_seg3,KP004_WWS.wav,2,-10.79805,-23.017626,-30.278296,-34.861767,-37.04194,-39.19548,-41.649643,-44.683563,-46.34311,-47.3515,-48.473007,-49.70832,-50.585163,-50.644726,-50.713783,-51.671726,-52.721756,-53.853485,-55.229813,-56.199257,-56.862556,-58.122215,-59.5266,-59.97761,-60.586624,-60.827564,-61.1442,-61.312748,-61.283478,-61.366165,-61.38035,-62.301525,-63.197483,-63.965668,-67.69779,-79.59131,-79.88761,-79.89695,-79.90463,-79.91163,-79.917984,-79.923996,-79.92706,-79.92943,-79.93176,-79.934074,-79.93634,-79.93856,-79.94075,-79.942894,-79.94496,-79.947,-79.94895,-79.95083,-79.95263,-79.95434,-79.95595,-79.95743,-79.95879,-79.96001,-79.96106,-79.96192,-79.962585,-79.963005
/Users/yunhwang/Desktop/Stethoscope_Project/Audio shared/ML test sound list/RAW sound_ML test sound list/WEBSS-006 TP8_seg-1.wav,WEBSS-006 TP8_seg-1_seg1,WEBSS-006 TP8_seg-1.wav,0,-9.687923,-19.102858,-23.486456,-28.461723,-32.17166,-34.705227,-37.794792,-40.04433,-41.532597,-42.603943,-44.093693,-45.8048,-46.984367,-48.003437,-49.16239,-50.491787,-52.052086,-53.384293,-54.81941,-57.75307,-59.476246,-60.713097,-61.78618,-63.30204,-64.464096,-65.41465,-66.54497,-67.50115,-68.24857,-69.45733,-70.5825,-71.74091,-72.70825,-73.63487,-76.758,-79.578926,-79.913315,-79.92014,-79.9249,-79.92911,-79.9331,-79.937035,-79.94002,-79.94258,-79.94508,-79.94753,-79.94993,-79.952255,-79.954544,-79.95677,-79.958916,-79.96101,-79.96303,-79.96402,-79.96493,-79.96579,-79.96659,-79.96734,-79.968025,-79.96863,-79.96916,-79.9696,-79.96993,-79.97014
/Users/yunhwang/Desktop/Stethoscope_Project/Audio shared/ML test sound list/RAW sound_ML test sound list/WEBSS-006 TP8_seg-1.wav,WEBSS-006 TP8_seg-1_seg2,WEBSS-006 TP8_seg-1.wav,1,-9.157055,-20.231417,-25.432178,-30.19381,-34.45505,-36.873352,-39.617783,-41.751198,-43.171787,-44.148987,-45.732395,-47.31837,-48.363644,-49.48457,-50.529526,-52.375717,-54.207058,-55.44208,-56.889927,-59.266716,-61.07781,-62.21027,-63.468544,-64.32687,-65.48263,-66.33959,-67.32904,-68.35003,-69.186516,-70.35719,-71.486885,-72.54468,-73.27094,-73.605896,-77.227936,-79.72791,-79.733246,-79.73844,-79.743416,-79.748505,-79.75342,-79.75834,-79.763176,-79.76796,-79.77268,-79.77736,-79.78192,-79.78641,-79.790825,-79.79514,-79.79931,-79.803406,-79.80734,-79.81111,-79.81474,-79.81817,-79.82139,-79.824394,-79.827126,-79.82955,-79.83168,-79.833405,-79.83473,-79.83557
/Users/yunhwang/Desktop/Stethoscope_Project/Audio shared/ML test sound list/RAW sound_ML test sound list/WEBSS-006 TP8_seg-1.wav,WEBSS-006 TP8_seg-1_seg3,WEBSS-006 TP8_seg-1.wav,2,-9.95906,-23.094637,-28.659111,-33.488754,-36.68757,-39.157124,-42.057026,-43.87136,-44.879276,-46.000526,-47.127625,-48.2548,-49.712025,-50.7472,-52.1239,-53.74373,-55.00725,-56.056473,-57.16556,-60.22358,-62.152607,-63.044815,-64.397415,-65.43263,-66.811485,-67.818245,-68.80419,-69.40339,-70.23333,-71.62497,-72.64963,-73.72589,-74.38285,-75.08484,-78.11309,-79.75835,-79.77267,-79.781746,-79.78932,-79.796265,-79.80261,-79.80862,-79.81433,-79.81978,-79.82503,-79.8278,-79.83008,-79.83232,-79.83452,-79.83668,-79.83876,-79.840805,-79.84277,-79.84466,-79.84647,-79.84818,-79.84979,-79.85129,-79.85266,-79.853874,-79.854935,-79.8558,-79.85646,-79.85688
