file_path,filename,original_filename,segment_index,mfcc_0,mfcc_1,mfcc_2,mfcc_3,mfcc_4,mfcc_5,mfcc_6,mfcc_7,mfcc_8,mfcc_9,mfcc_10,mfcc_11,mfcc_12
/Users/yunhwang/Desktop/Stethoscope_Project/Audio shared/ML test sound list/RAW sound_ML test sound list/KP001_WWS.wav,KP001_WWS_seg1,KP001_WWS.wav,0,-428.9826821791969,158.0273997197634,85.02538488827135,41.81624883201605,33.17203025264371,25.445020781938034,10.971865187696851,5.893732207464843,9.310753366089896,7.077390902807819,0.16451333058519618,-1.6188132714507308,-0.3107674913780717
/Users/yunhwang/Desktop/Stethoscope_Project/Audio shared/ML test sound list/RAW sound_ML test sound list/KP001_WWS.wav,KP001_WWS_seg2,KP001_WWS.wav,1,-417.6979649213678,138.6110869499844,83.32265610985336,45.17203774244539,31.54778277300588,22.65715023559718,11.625482784984035,6.908256000329004,8.263311856656644,6.7304471752607595,1.6002964102167758,-1.1153668587970813,-1.293365928462159
/Users/yunhwang/Desktop/Stethoscope_Project/Audio shared/ML test sound list/RAW sound_ML test sound list/KP001_WWS.wav,KP001_WWS_seg3,KP001_WWS.wav,2,-531.8669076550075,150.56013925353489,61.467604079554114,24.92448712853537,31.536987552052214,24.60026639858552,4.168092076646987,3.271483623925558,14.453621821845266,11.496626506945473,1.806369475861083,3.404303705509732,7.410195944153312
/Users/yunhwang/Desktop/Stethoscope_Project/Audio shared/ML test sound list/RAW sound_ML test sound list/KP011_WWS.wav,KP011_WWS_seg1,KP011_WWS.wav,0,-357.9019648941572,226.7253245487815,45.83247036820884,-13.007567898676049,25.458482875264114,30.832071793495142,-1.973882803406166,-2.3842124155316675,18.376523319728598,11.205184381898606,-5.980677025136816,0.9328036232118411,10.7255532626753
/Users/yunhwang/Desktop/Stethoscope_Project/Audio shared/ML test sound list/RAW sound_ML test sound list/KP011_WWS.wav,KP011_WWS_seg2,KP011_WWS.wav,1,-351.3495030857211,227.23133336663815,46.0652638881368,-12.664146602886971,26.100194723025684,31.084024924405387,-2.364292272577152,-2.833407199624703,18.22071105397238,10.982575968884229,-6.538845325306951,0.2744513806465406,10.208240941383401
/Users/yunhwang/Desktop/Stethoscope_Project/Audio shared/ML test sound list/RAW sound_ML test sound list/KP011_WWS.wav,KP011_WWS_seg3,KP011_WWS.wav,2,-342.67085040979083,209.9810827230958,47.43644842491943,-8.521316638967669,23.65619978815755,28.99735251297542,-0.08841101130839826,-1.6960895942321799,16.74310581559099,11.47529322130512,-4.253517729457613,0.45873660970940816,9.420198435584728
/Users/yunhwang/Desktop/Stethoscope_Project/Audio shared/ML test sound list/RAW sound_ML test sound list/WEBSS-005 TP6_seg-1.wav,WEBSS-005 TP6_seg-1_seg1,WEBSS-005 TP6_seg-1.wav,0,-339.95734233812294,209.56964978230064,81.07333018147722,15.64004779361079,17.89666652557094,17.730358360120437,-2.3400039294632173,-8.611484862388465,2.7871913397930386,6.664193931186368,0.9407057831087456,0.43180413709193816,2.7295122840261477
/Users/yunhwang/Desktop/Stethoscope_Project/Audio shared/ML test sound list/RAW sound_ML test sound list/WEBSS-005 TP6_seg-1.wav,WEBSS-005 TP6_seg-1_seg2,WEBSS-005 TP6_seg-1.wav,1,-353.88006547478267,203.73584350085392,76.4024579354833,12.957295831527954,17.27041474044492,18.672124069883115,-0.39517363485569174,-5.897745262442917,6.002007785520775,9.67856926465748,2.971652922497538,1.326777398217646,3.0602429115194636
/Users/yunhwang/Desktop/Stethoscope_Project/Audio shared/ML test sound list/RAW sound_ML test sound list/WEBSS-005 TP6_seg-1.wav,WEBSS-005 TP6_seg-1_seg3,WEBSS-005 TP6_seg-1.wav,2,-345.645240275955,221.71187723298453,73.67675376781534,6.250551616267296,18.082398379793798,20.583404708209095,-3.0868510216493172,-8.68568949770251,5.5399378555656975,7.627790151093367,-0.7677720802273871,0.3727449078165534,4.63928110061933
/Users/yunhwang/Desktop/Stethoscope_Project/Audio shared/ML test sound list/RAW sound_ML test sound list/KP008_WWS.wav,KP008_WWS_seg1,KP008_WWS.wav,0,-363.6896614248408,200.82955749939637,62.644818469353496,15.40417973167883,37.45481477540574,32.554432756776876,3.6198197755772235,4.796030016071886,20.78393593703531,11.67185545244561,-4.110565366004206,1.38637716220662,7.877135484250059
/Users/yunhwang/Desktop/Stethoscope_Project/Audio shared/ML test sound list/RAW sound_ML test sound list/KP008_WWS.wav,KP008_WWS_seg2,KP008_WWS.wav,1,-359.43039373492684,184.02888795385184,63.394772324534884,20.146970506904253,36.69024395910565,30.867366778876956,5.233227317647915,6.104029702413688,19.97222188563785,11.949904417216953,-2.2242550249010744,2.003474021804883,7.420527655389008
/Users/yunhwang/Desktop/Stethoscope_Project/Audio shared/ML test sound list/RAW sound_ML test sound list/KP008_WWS.wav,KP008_WWS_seg3,KP008_WWS.wav,2,-362.5906367558464,188.52323534900472,63.15709200880001,19.452344018203807,38.00184904984475,32.16952088338374,5.104528561983276,5.898077499418755,20.28357284149715,11.578810030745247,-3.331943731319562,1.5729600619638238,7.91827903519655
/Users/yunhwang/Desktop/Stethoscope_Project/Audio shared/ML test sound list/RAW sound_ML test sound list/KP009_WWS.wav,KP009_WWS_seg1,KP009_WWS.wav,0,-379.77565150947106,187.22013782168344,47.6217951805746,-1.3399346867402375,24.540237907207427,27.88290738009913,2.9350495404677606,2.1941850702847567,18.270970582226422,13.383715087993952,-0.6878767444960722,2.9597999383081985,10.541281590822752
/Users/yunhwang/Desktop/Stethoscope_Project/Audio shared/ML test sound list/RAW sound_ML test sound list/KP009_WWS.wav,KP009_WWS_seg2,KP009_WWS.wav,1,-388.1339210153343,173.56610544922376,51.646701399247654,5.2075963578169935,22.986003116821706,24.216429293531306,3.4938662610878253,3.905074556019309,18.05797387366959,13.273729910714327,0.24870848126702208,3.2939415780808963,10.60512222622098
/Users/yunhwang/Desktop/Stethoscope_Project/Audio shared/ML test sound list/RAW sound_ML test sound list/KP009_WWS.wav,KP009_WWS_seg3,KP009_WWS.wav,2,-392.3325585807018,182.29175906322837,50.2420500912399,0.7208890844745848,21.389790307867344,24.542850133294074,3.9230960564401176,5.1996622794101865,19.971156137388256,14.119700089768154,0.13717560312206864,3.525401327871371,10.975840490196788
/Users/yunhwang/Desktop/Stethoscope_Project/Audio shared/ML test sound list/RAW sound_ML test sound list/KP010_WWS.wav,KP010_WWS_seg1,KP010_WWS.wav,0,-332.17981151428404,201.8001397740364,53.15835655676367,0.6028427134459994,28.163460063268186,31.894577363455248,4.735984200996598,2.5262752177362526,18.380222214267842,12.51639853273235,-2.9082072015117673,0.4912296739524549,8.018061416679503
/Users/yunhwang/Desktop/Stethoscope_Project/Audio shared/ML test sound list/RAW sound_ML test sound list/KP010_WWS.wav,KP010_WWS_seg2,KP010_WWS.wav,1,-369.96199137697556,219.18786251788504,52.69283359902599,-2.033563939495275,32.349252509473914,35.78289790516693,3.798666889738232,1.6232265560692056,19.154635976421552,11.553887607192934,-4.447510412837575,1.9833103217475225,10.36807332969954
/Users/yunhwang/Desktop/Stethoscope_Project/Audio shared/ML test sound list/RAW sound_ML test sound list/KP010_WWS.wav,KP010_WWS_seg3,KP010_WWS.wav,2,-370.83294810408,218.19278014564793,52.60961177308818,-2.03364585685201,31.66704283964068,34.895564042953936,3.28345869160272,1.4894517006604613,19.288750989507694,11.879997089919115,-4.213276847101954,2.026819007978558,10.68640287393
/Users/yunhwang/Desktop/Stethoscope_Project/Audio shared/ML test sound list/RAW sound_ML test sound list/H004.wav,H004_seg1,H004.wav,0,-600.4508055371365,203.68134385544465,52.36356283701188,7.9480055623843455,40.53252275001623,36.87873787048199,2.7395863688828106,3.0100954854113655,20.409874458656347,9.6558561090778,-6.9149740945074,1.9357156959388024,11.21285359725412
/Users/yunhwang/Desktop/Stethoscope_Project/Audio shared/ML test sound list/RAW sound_ML test sound list/H004.wav,H004_seg2,H004.wav,1,-571.2988096135016,203.83344790031921,55.46482476289143,8.33103757334871,38.17156460561642,36.71063879649251,5.001574328172185,3.8378515412044445,20.204491887161815,11.48199085418053,-4.530217198208783,1.5037811885805148,9.432238779899105
/Users/yunhwang/Desktop/Stethoscope_Project/Audio shared/ML test sound list/RAW sound_ML test sound list/H004.wav,H004_seg3,H004.wav,2,-564.8454697168718,200.11913748958045,59.388799566206096,11.751945478419241,36.5488663229184,34.95818573364597,6.806751215762557,5.994263510409846,19.938333621759277,10.6818772592196,-4.062375413160602,2.3440514558963335,10.030088153436836
/Users/yunhwang/Desktop/Stethoscope_Project/Audio shared/ML test sound list/RAW sound_ML test sound list/WEBSS-007 TP4_seg-1.wav,WEBSS-007 TP4_seg-1_seg1,WEBSS-007 TP4_seg-1.wav,0,-448.56479375313785,164.67489642434194,57.73997568247781,14.34036558924927,26.178399190786582,25.428551566184826,8.041599097804582,7.495953839672712,14.838278727983885,6.003993490802261,-4.814885423095274,0.7988535204022217,6.85016404032795
/Users/yunhwang/Desktop/Stethoscope_Project/Audio shared/ML test sound list/RAW sound_ML test sound list/WEBSS-007 TP4_seg-1.wav,WEBSS-007 TP4_seg-1_seg2,WEBSS-007 TP4_seg-1.wav,1,-484.419642041915,174.09803876668957,58.418294204487836,11.391375786075184,25.256957253304805,26.77444794785017,9.034568097632262,8.18556319805265,17.05683703415124,9.22106906287707,-2.9872564216824666,0.8390552318490346,7.093823662516037
/Users/yunhwang/Desktop/Stethoscope_Project/Audio shared/ML test sound list/RAW sound_ML test sound list/WEBSS-007 TP4_seg-1.wav,WEBSS-007 TP4_seg-1_seg3,WEBSS-007 TP4_seg-1.wav,2,-443.8272776305775,149.08342511972162,56.875323829844476,14.283837863589998,20.238298297152905,21.829602052224505,10.005312571946043,8.398368462483358,13.305630564154058,7.300439006749333,-1.161355399093029,2.005964715637292,7.100584788483596
/Users/yunhwang/Desktop/Stethoscope_Project/Audio shared/ML test sound list/RAW sound_ML test sound list/KP003_WWS_2.wav,KP003_WWS_2_seg1,KP003_WWS_2.wav,0,-408.05398685636357,155.38835078722283,44.01277417192285,8.940996472519215,30.505682719459312,28.121697793678358,5.568961714647295,8.101497549419726,21.467461409325992,12.396459103497088,-1.3398657835559387,4.937735343022654,12.656313514550709
/Users/yunhwang/Desktop/Stethoscope_Project/Audio shared/ML test sound list/RAW sound_ML test sound list/KP003_WWS_2.wav,KP003_WWS_2_seg2,KP003_WWS_2.wav,1,-480.70422210522554,203.28556517436903,40.61596561568049,-2.4474200892803846,37.200685894875576,34.24219625844928,-0.18048880556283875,5.8204789263705,27.483101230125413,13.422349778783346,-6.41686251214741,5.007355146359417,16.833966781848794
/Users/yunhwang/Desktop/Stethoscope_Project/Audio shared/ML test sound list/RAW sound_ML test sound list/KP003_WWS_2.wav,KP003_WWS_2_seg3,KP003_WWS_2.wav,2,-388.01309935461177,154.94494709132323,47.78320132889766,11.2812818997888,29.044709478112328,26.046325986622833,5.333376471499103,8.329880644605318,20.92671077067325,11.730821469186214,-1.8740388003545865,4.265112745389077,12.554655162922698
/Users/yunhwang/Desktop/Stethoscope_Project/Audio shared/ML test sound list/RAW sound_ML test sound list/KP002_WWS.wav,KP002_WWS_seg1,KP002_WWS.wav,0,-455.85738706003815,160.90707442024964,59.257610437945246,14.669455349814598,22.74899616405107,22.976064605862994,8.438468316840112,8.62546788163604,17.44233655785666,11.929774477311199,1.387622233522618,3.510354917434882,8.228791715382497
/Users/yunhwang/Desktop/Stethoscope_Project/Audio shared/ML test sound list/RAW sound_ML test sound list/KP002_WWS.wav,KP002_WWS_seg2,KP002_WWS.wav,1,-525.6661906884918,206.02496473433905,47.42377418445947,-3.8595626708052504,27.40134223611232,27.831326952757394,-0.39857388541650773,4.5861786861872424,24.704427822131613,14.528013040877958,-3.516122362073489,3.1197572811090675,11.248022717320346
/Users/yunhwang/Desktop/Stethoscope_Project/Audio shared/ML test sound list/RAW sound_ML test sound list/KP002_WWS.wav,KP002_WWS_seg3,KP002_WWS.wav,2,-518.8900343431923,198.42257793276593,50.35630127373003,0.8429699521060594,27.724808462320514,27.49719772981697,1.4267662380778463,5.536442157200596,23.330718526093357,13.702305518190258,-2.6326678293760555,3.7423096568571275,11.075188281985604
/Users/yunhwang/Desktop/Stethoscope_Project/Audio shared/ML test sound list/RAW sound_ML test sound list/KP003_WWS_1.wav,KP003_WWS_1_seg1,KP003_WWS_1.wav,0,-650.1163556027927,192.3155757240632,36.09454904448209,-7.43154329889966,29.336166543255857,27.59134754210258,-4.185591011755427,1.8071244831778694,24.09865936303181,13.792587929259799,-3.769568060417149,5.515979355183525,14.83767784671709
/Users/yunhwang/Desktop/Stethoscope_Project/Audio shared/ML test sound list/RAW sound_ML test sound list/KP003_WWS_1.wav,KP003_WWS_1_seg2,KP003_WWS_1.wav,1,-670.0346786259839,210.43500243898708,31.87495101437757,-15.80585144681191,29.18342399065575,28.998145698404418,-5.869315232635378,2.7926841783917467,29.09345827992887,16.71549998324858,-4.168551000465567,5.449085055851353,14.513384473915487
/Users/yunhwang/Desktop/Stethoscope_Project/Audio shared/ML test sound list/RAW sound_ML test sound list/KP003_WWS_1.wav,KP003_WWS_1_seg3,KP003_WWS_1.wav,2,-509.7269504572311,92.09280079601903,47.2160012634672,22.526316588350145,19.5658099847652,16.44309964711342,9.659872463507794,8.893871656819613,11.20813417826378,8.282179645876356,4.072226249489184,5.07785688271394,6.918744975348662
/Users/yunhwang/Desktop/Stethoscope_Project/Audio shared/ML test sound list/RAW sound_ML test sound list/H002.wav,H002_seg1,H002.wav,0,-563.1256935832062,150.62533881496108,55.850405661875,24.004877503286675,38.44457875703673,32.352590163745035,9.641821515126093,8.973481313538532,18.805205659548314,10.931823023648882,-0.44604759419532236,4.837489541294563,10.956544096702915
/Users/yunhwang/Desktop/Stethoscope_Project/Audio shared/ML test sound list/RAW sound_ML test sound list/H002.wav,H002_seg2,H002.wav,1,-552.8689815929819,154.1765908153501,55.3710659546795,20.701483943654832,35.501290336715115,30.439446665597796,7.740781641841354,6.972442748876262,17.56978623537412,10.445802578166145,-1.139916634691492,3.6332678534424607,9.797047848042403
/Users/yunhwang/Desktop/Stethoscope_Project/Audio shared/ML test sound list/RAW sound_ML test sound list/H002.wav,H002_seg3,H002.wav,2,-604.4698786452799,190.58963580469515,49.67080899661523,11.210127982732669,43.254610230055334,37.68430631271923,4.01138780604788,5.80086194905522,23.50224581555525,12.136262215761207,-4.701584277843081,4.1953075115649705,13.155991629779072
/Users/yunhwang/Desktop/Stethoscope_Project/Audio shared/ML test sound list/RAW sound_ML test sound list/H003.wav,H003_seg1,H003.wav,0,-392.3812984173881,114.67970264559374,60.61287981043242,32.93137536818581,31.58886634764176,28.625123158127,19.50514487190603,17.10014620590183,18.722982001475536,14.207398604139355,8.159056931178787,8.606890176084613,10.23091774251059
/Users/yunhwang/Desktop/Stethoscope_Project/Audio shared/ML test sound list/RAW sound_ML test sound list/H003.wav,H003_seg2,H003.wav,1,-400.2316085822278,118.44066976020656,61.2433590813045,32.62859578974893,31.824461553738747,28.029821610309327,17.949699968456972,16.399443914997047,19.174873133610962,14.249312670218337,7.465042228375803,8.239622818266065,10.161136374569148
/Users/yunhwang/Desktop/Stethoscope_Project/Audio shared/ML test sound list/RAW sound_ML test sound list/H003.wav,H003_seg3,H003.wav,2,-391.71464086460804,115.93927161856648,61.39624961289297,33.14146601580533,31.61946976011476,28.640634148014747,19.475310204275402,16.993221144930715,18.59557291394287,14.036475231072188,7.863408685248151,8.27337540607812,10.005526841247084
/Users/yunhwang/Desktop/Stethoscope_Project/Audio shared/ML test sound list/RAW sound_ML test sound list/H001.wav,H001_seg1,H001.wav,0,-373.9839028374933,175.79433581340038,54.37323865935566,3.638506869781027,22.549177249375322,33.000545354159456,16.756585935695416,10.414727589820746,17.856695860548722,14.43566898035922,4.153628905014527,6.677503061985441,14.64454840851058
/Users/yunhwang/Desktop/Stethoscope_Project/Audio shared/ML test sound list/RAW sound_ML test sound list/H001.wav,H001_seg2,H001.wav,1,-367.0070110427852,176.95484927305716,58.677945955414174,7.149465415197364,22.700279865100264,31.77071293386421,16.162302543653368,9.887540636864584,16.608047175306,13.114623606376414,3.2578916366683313,5.8528425195609195,13.865259694813487
/Users/yunhwang/Desktop/Stethoscope_Project/Audio shared/ML test sound list/RAW sound_ML test sound list/H001.wav,H001_seg3,H001.wav,2,-367.72138279258263,177.3297057373375,56.98516329637797,4.975658782398623,21.67978326719643,31.876531918427307,16.20906378956583,9.62467140061385,16.989696364469662,14.58122252273098,5.012594094560565,7.137368726069436,14.808459545610894
/Users/yunhwang/Desktop/Stethoscope_Project/Audio shared/ML test sound list/RAW sound_ML test sound list/WEBSS-005 TP1_seg-1.wav,WEBSS-005 TP1_seg-1_seg1,WEBSS-005 TP1_seg-1.wav,0,-346.07995137893437,202.4175833805618,86.94438422310243,23.814507751024674,19.09830026750205,14.218314075103786,-6.1497332286331465,-13.403956179039582,-3.842515225185012,0.46779927006484046,-3.5625128568058892,-3.310952364283612,0.4096587884017167
/Users/yunhwang/Desktop/Stethoscope_Project/Audio shared/ML test sound list/RAW sound_ML test sound list/WEBSS-005 TP1_seg-1.wav,WEBSS-005 TP1_seg-1_seg2,WEBSS-005 TP1_seg-1.wav,1,-332.50869001316266,195.97079342421802,93.71650048912403,30.497987600301208,18.163146946465673,12.189085409007184,-4.677125632030666,-12.56413789043666,-5.185057224706771,1.3014241794323231,-0.012613892992158988,-1.6129762373554175,-0.5568331197342361
/Users/yunhwang/Desktop/Stethoscope_Project/Audio shared/ML test sound list/RAW sound_ML test sound list/WEBSS-005 TP1_seg-1.wav,WEBSS-005 TP1_seg-1_seg3,WEBSS-005 TP1_seg-1.wav,2,-334.06101370579177,194.8365959466453,91.79755913393211,28.63767170735402,16.931804160365942,11.02520444272772,-5.3727070673279185,-12.151694944798837,-4.587205612324403,0.7710526095026601,-1.099318148708044,-1.8684802222968888,-0.11260871790008972
/Users/yunhwang/Desktop/Stethoscope_Project/Audio shared/ML test sound list/RAW sound_ML test sound list/WEBSS-007 TP7_seg-1.wav,WEBSS-007 TP7_seg-1_seg1,WEBSS-007 TP7_seg-1.wav,0,-362.4524017701674,142.589635069829,55.899808988215206,14.902240659381219,20.924763766376895,24.20125564466708,12.461668362505266,7.635111252990374,10.808442371106718,6.760151177547582,-1.0943224929153774,-0.9540552871205995,2.4810667965535216
/Users/yunhwang/Desktop/Stethoscope_Project/Audio shared/ML test sound list/RAW sound_ML test sound list/WEBSS-007 TP7_seg-1.wav,WEBSS-007 TP7_seg-1_seg2,WEBSS-007 TP7_seg-1.wav,1,-341.27803979680266,148.2920554042554,54.22290386416433,12.070821211898902,19.130513697074196,20.221004628767698,7.666427444491949,7.178550927697054,13.470489075026622,6.382165944130526,-4.874391790721336,-3.1604234207165165,2.6250550889818873
/Users/yunhwang/Desktop/Stethoscope_Project/Audio shared/ML test sound list/RAW sound_ML test sound list/WEBSS-007 TP7_seg-1.wav,WEBSS-007 TP7_seg-1_seg3,WEBSS-007 TP7_seg-1.wav,2,-316.05342340856964,141.56631388164644,58.19467367758631,17.145012087569736,19.13893426002396,19.48656120172456,9.719728362566594,8.33395579306832,11.05083077385525,3.9087517835430035,-4.83804755563478,-3.7049909164151904,-0.9065620758644178
/Users/yunhwang/Desktop/Stethoscope_Project/Audio shared/ML test sound list/RAW sound_ML test sound list/KP006_WWS.wav,KP006_WWS_seg1,KP006_WWS.wav,0,-517.3579861056271,147.1708058703942,57.503598138658916,16.6785828112303,22.566408468085072,23.342569088439788,11.133503048117714,10.6459101152688,18.185694272311775,14.420102334430583,5.741251899649066,6.775102546976817,10.232232375657755
/Users/yunhwang/Desktop/Stethoscope_Project/Audio shared/ML test sound list/RAW sound_ML test sound list/KP006_WWS.wav,KP006_WWS_seg2,KP006_WWS.wav,1,-514.5523754670024,134.8961396256449,56.849830028446895,19.14792481458437,21.277349446449325,20.630982212587423,10.30763565490999,10.148359988538395,16.46453380631252,13.041984718522539,5.594386780414498,6.625394951550334,9.973413004573953
/Users/yunhwang/Desktop/Stethoscope_Project/Audio shared/ML test sound list/RAW sound_ML test sound list/KP006_WWS.wav,KP006_WWS_seg3,KP006_WWS.wav,2,-528.5515192092818,151.03274742519213,54.466772974533626,11.551442739638684,19.375139731281468,20.543015210867832,7.1938021472125255,7.7945388500267985,18.077481820186506,15.061374331394752,4.924873536529208,5.140627051069424,9.303172450095795
/Users/yunhwang/Desktop/Stethoscope_Project/Audio shared/ML test sound list/RAW sound_ML test sound list/WEBSS-007 TP1_seg-1.wav,WEBSS-007 TP1_seg-1_seg1,WEBSS-007 TP1_seg-1.wav,0,-359.0468466095138,206.15689466481925,40.67085549519783,-2.130187455484284,41.44363579427458,39.5590774013534,-2.089196560054609,-5.480178590466044,15.215296318700885,7.0616149249866105,-11.41754474433632,-5.500244956364352,4.060762791568345
/Users/yunhwang/Desktop/Stethoscope_Project/Audio shared/ML test sound list/RAW sound_ML test sound list/WEBSS-007 TP1_seg-1.wav,WEBSS-007 TP1_seg-1_seg2,WEBSS-007 TP1_seg-1.wav,1,-307.8234895927605,147.48415907844958,47.18070231730167,13.36636972561681,32.54968464875647,30.409192419636906,3.7443300680416947,-3.5081100931175473,7.457539398101901,6.5000675565826525,-3.5565938822544356,-3.8902991384442176,0.34334129094714055
/Users/yunhwang/Desktop/Stethoscope_Project/Audio shared/ML test sound list/RAW sound_ML test sound list/WEBSS-007 TP1_seg-1.wav,WEBSS-007 TP1_seg-1_seg3,WEBSS-007 TP1_seg-1.wav,2,-372.25584805447426,208.43013755957784,36.16731991182636,-6.709079523411109,41.45830310955469,41.58542618130889,-1.2606953529605132,-5.273602670173334,15.824310288621176,7.45878017267896,-11.101379879722582,-4.03979081279654,6.356104215976336
/Users/yunhwang/Desktop/Stethoscope_Project/Audio shared/ML test sound list/RAW sound_ML test sound list/WEBSS-003 TP1_seg-1.wav,WEBSS-003 TP1_seg-1_seg1,WEBSS-003 TP1_seg-1.wav,0,-355.32975611359143,194.19123336093764,44.57906334932051,-7.0743101480454476,23.58687592046059,31.532479486626286,7.0085194975443,3.4175869640781085,15.237164443684286,7.68555428682237,-4.608359810320889,3.1238316531410315,11.787213944227899
/Users/yunhwang/Desktop/Stethoscope_Project/Audio shared/ML test sound list/RAW sound_ML test sound list/WEBSS-003 TP1_seg-1.wav,WEBSS-003 TP1_seg-1_seg2,WEBSS-003 TP1_seg-1.wav,1,-373.5377218874931,212.28080259526823,44.46679582390163,-9.867063362038705,27.173475365404652,34.434048459084536,5.415307359851314,3.209044952541654,17.82197140185033,7.903810535822263,-6.6932843118004195,3.389365452987638,13.705851071008539
/Users/yunhwang/Desktop/Stethoscope_Project/Audio shared/ML test sound list/RAW sound_ML test sound list/WEBSS-003 TP1_seg-1.wav,WEBSS-003 TP1_seg-1_seg3,WEBSS-003 TP1_seg-1.wav,2,-339.808066994679,214.69598314254915,42.55467487623921,-15.73600721453218,20.476723891998386,29.57088143046165,2.150536039171154,0.6625470292112022,16.924559276038792,9.247876075467005,-5.096244729161372,3.316111632204444,12.923223062084437
/Users/yunhwang/Desktop/Stethoscope_Project/Audio shared/ML test sound list/RAW sound_ML test sound list/KP012_WWS_2.wav,KP012_WWS_2_seg1,KP012_WWS_2.wav,0,-429.5510416812622,128.42214357023076,69.56815931770926,36.5489655262675,30.317223783539138,23.294863103424298,13.368977085548742,14.27010104390602,20.011265751439492,16.66249900236875,9.267350453599258,8.80739074459452,10.732730800262349
/Users/yunhwang/Desktop/Stethoscope_Project/Audio shared/ML test sound list/RAW sound_ML test sound list/KP012_WWS_2.wav,KP012_WWS_2_seg2,KP012_WWS_2.wav,1,-445.36530232081003,147.07972924175897,66.6250934520888,29.878683838831577,31.57836504545898,25.23542846051137,10.020320498294975,11.548704162235644,21.399436951072346,17.047151763605427,6.556925356462216,7.1996066097404245,11.217986970380172
/Users/yunhwang/Desktop/Stethoscope_Project/Audio shared/ML test sound list/RAW sound_ML test sound list/KP012_WWS_2.wav,KP012_WWS_2_seg3,KP012_WWS_2.wav,2,-427.76060702224385,132.15628850032778,68.95849430532783,35.10418596582223,29.93012915960082,22.4254375215711,11.172564224897286,12.405933821050708,19.378924328181675,15.910755651355576,7.522415842394026,7.121019136141396,10.013200920495146
/Users/yunhwang/Desktop/Stethoscope_Project/Audio shared/ML test sound list/RAW sound_ML test sound list/KP007_WWS.wav,KP007_WWS_seg1,KP007_WWS.wav,0,-412.56452753494796,171.06421981801282,52.78848560712376,12.608583368885208,30.18477028260991,23.536741597885936,-0.09749509324967483,6.9708583685974,25.971098166060013,18.008034466878797,1.4822170859578372,4.996679381326919,11.248325900723119
/Users/yunhwang/Desktop/Stethoscope_Project/Audio shared/ML test sound list/RAW sound_ML test sound list/KP007_WWS.wav,KP007_WWS_seg2,KP007_WWS.wav,1,-399.1048057610197,158.6998095277063,54.30205467860845,15.312332359855404,27.209119586397758,21.40093837545392,2.0589378392113886,8.563213201045546,25.387188590101967,18.730662727261244,3.216563817007186,4.783788965918611,10.672213514864454
/Users/yunhwang/Desktop/Stethoscope_Project/Audio shared/ML test sound list/RAW sound_ML test sound list/KP007_WWS.wav,KP007_WWS_seg3,KP007_WWS.wav,2,-398.30080340031884,167.5849965644269,53.445585012325786,13.12924835123233,28.483206488684672,22.124524776042502,-0.06061372762976458,6.778401776925731,25.04932807578361,17.301393832642763,0.7375017784039553,3.892900831050628,11.017236625677187
/Users/yunhwang/Desktop/Stethoscope_Project/Audio shared/ML test sound list/RAW sound_ML test sound list/WEBSS-002 TP 3_seg-1.wav,WEBSS-002 TP 3_seg-1_seg1,WEBSS-002 TP 3_seg-1.wav,0,-330.27113005649255,177.0642448282785,46.948970905473864,5.498521316814564,39.28458895544661,47.45392812103027,14.088307600007374,-2.914050628784363,7.7604637371822145,10.243990440619216,0.09145695406785395,0.07463097220969432,7.861330722537729
/Users/yunhwang/Desktop/Stethoscope_Project/Audio shared/ML test sound list/RAW sound_ML test sound list/WEBSS-002 TP 3_seg-1.wav,WEBSS-002 TP 3_seg-1_seg2,WEBSS-002 TP 3_seg-1.wav,1,-335.64731217643947,178.67961271490813,44.82630854534464,4.165153515448179,40.340465608992716,48.087423122712565,13.151060724174783,-3.5858153968234334,7.6970045595912095,9.563024701773498,-0.5226457395946302,0.9919217175205135,9.377627090332462
/Users/yunhwang/Desktop/Stethoscope_Project/Audio shared/ML test sound list/RAW sound_ML test sound list/WEBSS-002 TP 3_seg-1.wav,WEBSS-002 TP 3_seg-1_seg3,WEBSS-002 TP 3_seg-1.wav,2,-343.99367278671247,185.40407136350993,39.97155484383993,0.0060051257829948045,43.73312517646466,52.43224927916817,12.88969781510793,-5.152410699491153,8.50663106162051,11.768260296132198,1.593829152149864,2.348510018260644,8.641344089297238
/Users/yunhwang/Desktop/Stethoscope_Project/Audio shared/ML test sound list/RAW sound_ML test sound list/WEBSS-003 TP3 _seg-1.wav,WEBSS-003 TP3 _seg-1_seg1,WEBSS-003 TP3 _seg-1.wav,0,-376.04196423187926,191.31455104712748,41.42868978382866,-9.88212231580594,24.451179918149602,37.380888887004865,13.956172979390946,7.803957700585435,18.370024255850645,10.821314966591645,-4.271655671997718,-0.12291629172984975,10.062970455770737
/Users/yunhwang/Desktop/Stethoscope_Project/Audio shared/ML test sound list/RAW sound_ML test sound list/WEBSS-003 TP3 _seg-1.wav,WEBSS-003 TP3 _seg-1_seg2,WEBSS-003 TP3 _seg-1.wav,1,-322.78526749387436,138.04945966294125,46.23998209838961,4.6370357643666935,17.472954332157375,28.39782545003156,17.792534820274795,9.756752324839722,12.165500453376117,9.741905910257595,1.452044617985926,0.13148147358434908,5.1387038423739115
/Users/yunhwang/Desktop/Stethoscope_Project/Audio shared/ML test sound list/RAW sound_ML test sound list/WEBSS-003 TP3 _seg-1.wav,WEBSS-003 TP3 _seg-1_seg3,WEBSS-003 TP3 _seg-1.wav,2,-390.7688915119173,218.3515002076679,39.82329496694572,-16.80989451722348,26.169407530311585,37.77281221164249,7.501646731701451,3.509185177053553,19.284895391992574,10.348866173954061,-6.154173269535867,1.5717926243232283,11.884102878983105
/Users/yunhwang/Desktop/Stethoscope_Project/Audio shared/ML test sound list/RAW sound_ML test sound list/KP012_WWS_1.wav,KP012_WWS_1_seg1,KP012_WWS_1.wav,0,-443.2370763753113,142.43313429815717,71.7404659441393,33.28770787253245,27.740340041316255,20.75714064193751,9.403210005506736,11.212730631206613,19.389296682411487,16.050570079570697,6.568789161137193,5.346118118311878,8.279232628446042
/Users/yunhwang/Desktop/Stethoscope_Project/Audio shared/ML test sound list/RAW sound_ML test sound list/KP012_WWS_1.wav,KP012_WWS_1_seg2,KP012_WWS_1.wav,1,-448.4935886767404,132.39318773975225,71.08561943403947,36.18666969472001,29.208083280491586,22.162983785131424,12.155077459999763,13.0100057829439,19.081385192959683,15.962187684298735,8.082772588011347,6.856011432322689,8.756961757040374
/Users/yunhwang/Desktop/Stethoscope_Project/Audio shared/ML test sound list/RAW sound_ML test sound list/KP012_WWS_1.wav,KP012_WWS_1_seg3,KP012_WWS_1.wav,2,-457.2963476632826,150.54018930396796,67.46192774802057,30.046483304826168,33.00232900951168,27.760275525868593,12.261414040827242,12.558784173708787,21.36735704685761,16.730190668781358,6.254382474900981,6.57151075643959,10.164975718804172
/Users/yunhwang/Desktop/Stethoscope_Project/Audio shared/ML test sound list/RAW sound_ML test sound list/WEBSS-002 TP 4_seg-1.wav,WEBSS-002 TP 4_seg-1_seg1,WEBSS-002 TP 4_seg-1.wav,0,-333.7301085210527,162.97587999063205,64.42243782837053,26.228331151057333,41.902983150285316,41.29410010304943,12.395177039452838,-2.8470389933823155,5.7931085793743895,11.092497344766114,4.671105783573861,1.5407086616244121,4.68846864215717
/Users/yunhwang/Desktop/Stethoscope_Project/Audio shared/ML test sound list/RAW sound_ML test sound list/WEBSS-002 TP 4_seg-1.wav,WEBSS-002 TP 4_seg-1_seg2,WEBSS-002 TP 4_seg-1.wav,1,-340.5720741752478,161.52615638731913,62.38251660246104,25.6590824403645,42.98642835513959,41.88499617862539,11.447376361118566,-3.742330416363599,6.325193637991524,12.30840335909356,5.409579830368615,1.968472422729429,5.5891097032907515
/Users/yunhwang/Desktop/Stethoscope_Project/Audio shared/ML test sound list/RAW sound_ML test sound list/WEBSS-002 TP 4_seg-1.wav,WEBSS-002 TP 4_seg-1_seg3,WEBSS-002 TP 4_seg-1.wav,2,-360.57986651583275,165.99334103300177,57.6797194764709,21.354726946757623,44.10679725534389,43.76506459306229,11.057564485658844,-3.4463102156135133,8.567394806519433,14.002324758256892,6.059024338263093,3.0406616819023453,6.184184281387684
/Users/yunhwang/Desktop/Stethoscope_Project/Audio shared/ML test sound list/RAW sound_ML test sound list/WEBSS-006 TP3_seg-1.wav,WEBSS-006 TP3_seg-1_seg1,WEBSS-006 TP3_seg-1.wav,0,-386.39574165174264,129.60572841170787,80.69553800011185,38.41173439476071,18.6768650436625,14.46614648911278,14.140244545795337,13.58035809456964,12.962351200566602,11.81466814582411,9.688135083575068,7.272961564065492,5.257096109684787
/Users/yunhwang/Desktop/Stethoscope_Project/Audio shared/ML test sound list/RAW sound_ML test sound list/WEBSS-006 TP3_seg-1.wav,WEBSS-006 TP3_seg-1_seg2,WEBSS-006 TP3_seg-1.wav,1,-402.9997307445716,161.48904397293796,85.71770187353053,32.58544986944533,16.9588343379618,14.881882237344158,11.062150344335647,10.06742598684342,12.905039552229029,12.705962279316754,8.778619294955531,6.05944494340351,4.890262192260861
/Users/yunhwang/Desktop/Stethoscope_Project/Audio shared/ML test sound list/RAW sound_ML test sound list/WEBSS-006 TP3_seg-1.wav,WEBSS-006 TP3_seg-1_seg3,WEBSS-006 TP3_seg-1.wav,2,-409.70957105513907,151.0801711774582,84.30605987551708,36.067075273842846,20.558021124059636,17.75171648744677,13.477336200889322,11.242758846468007,13.157265373057179,13.58230447703911,10.226992687253334,6.68264502572063,4.827255012384244
/Users/yunhwang/Desktop/Stethoscope_Project/Audio shared/ML test sound list/RAW sound_ML test sound list/KP005_WWS.wav,KP005_WWS_seg1,KP005_WWS.wav,0,-336.0412845981557,170.43214504891952,54.1429239362008,13.792898970759913,30.03936635613312,22.6842153624635,-1.9592457865694546,2.9562085218074254,20.957647962250295,14.676806031007086,0.3332725071961773,4.300387668891345,10.33163065995175
/Users/yunhwang/Desktop/Stethoscope_Project/Audio shared/ML test sound list/RAW sound_ML test sound list/KP005_WWS.wav,KP005_WWS_seg2,KP005_WWS.wav,1,-366.931137968516,187.73726542913522,48.87845113603973,7.5603034902819894,34.59682440392274,27.13488718229426,-4.38104641595593,1.5627774333600613,23.864003370099176,15.382594841911056,-2.2439545469101425,4.181275396300535,12.766687432973663
/Users/yunhwang/Desktop/Stethoscope_Project/Audio shared/ML test sound list/RAW sound_ML test sound list/KP005_WWS.wav,KP005_WWS_seg3,KP005_WWS.wav,2,-346.2586734924207,186.12739302048573,51.93791547493755,7.975643138785709,30.353545151659315,23.525797933020268,-4.6671160360198805,1.8209705714000044,23.538106950815898,16.198749193800843,-0.8784029784261166,3.820327608275989,11.317471115195662
/Users/yunhwang/Desktop/Stethoscope_Project/Audio shared/ML test sound list/RAW sound_ML test sound list/KP004_WWS.wav,KP004_WWS_seg1,KP004_WWS.wav,0,-349.63322510862054,168.51440839484488,49.17446626240812,8.534802259702152,30.240353791829634,30.20311580540414,7.139756443806322,7.781727237270147,22.185990919006535,15.43950366744059,0.6873071497614969,3.9843937995025893,11.543538077036793
/Users/yunhwang/Desktop/Stethoscope_Project/Audio shared/ML test sound list/RAW sound_ML test sound list/KP004_WWS.wav,KP004_WWS_seg2,KP004_WWS.wav,1,-352.9263993500894,173.62935100444292,49.86923321742932,7.70435362184542,29.91222966308777,29.722761847527202,6.242114893030385,7.509999694661595,22.351637394936734,14.802410834951221,-0.3891932157950582,3.86019909904395,12.105247554698273
/Users/yunhwang/Desktop/Stethoscope_Project/Audio shared/ML test sound list/RAW sound_ML test sound list/KP004_WWS.wav,KP004_WWS_seg3,KP004_WWS.wav,2,-362.24282842459075,174.61489132855274,49.816784207720545,7.693337516673737,30.53995460211403,30.269276544342098,6.263435767818267,7.439772503755432,22.6582652191056,15.378897435314368,0.0985740200482079,4.0504516534255055,12.03738486959543
/Users/yunhwang/Desktop/Stethoscope_Project/Audio shared/ML test sound list/RAW sound_ML test sound list/WEBSS-006 TP8_seg-1.wav,WEBSS-006 TP8_seg-1_seg1,WEBSS-006 TP8_seg-1.wav,0,-378.3365475958168,174.1830555730553,83.10403676087759,25.37439492871372,16.1667743774432,18.886516213044793,13.758612205620889,10.649376249815255,13.229548636481791,12.242827396112425,6.8727059948068145,4.6393096473504,5.620729684151659
/Users/yunhwang/Desktop/Stethoscope_Project/Audio shared/ML test sound list/RAW sound_ML test sound list/WEBSS-006 TP8_seg-1.wav,WEBSS-006 TP8_seg-1_seg2,WEBSS-006 TP8_seg-1.wav,1,-400.6846994190193,167.41304038718297,82.38413215281147,27.525697394242062,17.477860953471087,19.197969076485112,14.037698112851762,10.868400882898284,13.461686353429455,13.21478029909192,8.596617381027249,6.17622817479723,6.499974285592545
/Users/yunhwang/Desktop/Stethoscope_Project/Audio shared/ML test sound list/RAW sound_ML test sound list/WEBSS-006 TP8_seg-1.wav,WEBSS-006 TP8_seg-1_seg3,WEBSS-006 TP8_seg-1.wav,2,-399.9126446141309,156.00929934551306,80.4252529724998,27.946480350418305,15.00833261844465,16.90331980420733,14.86526695370153,12.376911204100445,13.347964949880485,12.897821200431432,9.250706851276046,6.789566672127488,6.869448507576663
