path,y_true,y_pred,prob_nonbreathing,prob_breathing,seed
/Users/yunhwang/Desktop/Stethoscope_Project/Development/9.2) Reference/BreathingTiles_mel_paper/H004_Breathing_11.00s.png,1,0,0.579699,0.42030105,46
/Users/yunhwang/Desktop/Stethoscope_Project/Development/9.2) Reference/BreathingTiles_mel_paper/H001_Breathing_10.00s.png,1,1,0.04800585,0.9519942,46
/Users/yunhwang/Desktop/Stethoscope_Project/Development/9.2) Reference/BreathingTiles_mel_paper/KP019_WWS_1_NonBreathing_3.50s.png,0,0,0.89703584,0.102964185,46
/Users/yunhwang/Desktop/Stethoscope_Project/Development/9.2) Reference/BreathingTiles_mel_paper/KP013_WWS_Breathing_15.50s.png,1,1,0.13420732,0.8657927,46
/Users/yunhwang/Desktop/Stethoscope_Project/Development/9.2) Reference/BreathingTiles_mel_paper/KP019_WWS_1_NonBreathing_2.50s.png,0,0,0.96019804,0.03980192,46
/Users/yunhwang/Desktop/Stethoscope_Project/Development/9.2) Reference/BreathingTiles_mel_paper/H003_Breathing_10.50s.png,1,0,0.8299503,0.17004973,46
/Users/yunhwang/Desktop/Stethoscope_Project/Development/9.2) Reference/BreathingTiles_mel_paper/KP005_WWS_Breathing_8.00s.png,1,1,0.1763793,0.8236207,46
/Users/yunhwang/Desktop/Stethoscope_Project/Development/9.2) Reference/BreathingTiles_mel_paper/KP010_WWS_Breathing_24.50s.png,1,1,0.20359725,0.79640275,46
/Users/yunhwang/Desktop/Stethoscope_Project/Development/9.2) Reference/BreathingTiles_mel_paper/KP017_WWS_1_Breathing_21.50s.png,1,1,0.20435303,0.79564697,46
/Users/yunhwang/Desktop/Stethoscope_Project/Development/9.2) Reference/BreathingTiles_mel_paper/KP017_WWS_1_Breathing_1.00s.png,1,1,0.026211444,0.97378856,46
/Users/yunhwang/Desktop/Stethoscope_Project/Development/9.2) Reference/BreathingTiles_mel_paper/KP018_WWS_Breathing_8.00s.png,1,1,0.32238814,0.6776119,46
/Users/yunhwang/Desktop/Stethoscope_Project/Development/9.2) Reference/BreathingTiles_mel_paper/KP015_WWS_NonBreathing_11.00s.png,0,0,0.9544608,0.04553916,46
/Users/yunhwang/Desktop/Stethoscope_Project/Development/9.2) Reference/BreathingTiles_mel_paper/KP015_WWS_NonBreathing_19.50s.png,0,0,0.81873083,0.18126915,46
/Users/yunhwang/Desktop/Stethoscope_Project/Development/9.2) Reference/BreathingTiles_mel_paper/KP008_WWS_Breathing_5.50s.png,1,1,0.28047943,0.71952057,46
/Users/yunhwang/Desktop/Stethoscope_Project/Development/9.2) Reference/BreathingTiles_mel_paper/H004_Breathing_21.50s.png,1,1,0.024168022,0.975832,46
/Users/yunhwang/Desktop/Stethoscope_Project/Development/9.2) Reference/BreathingTiles_mel_paper/KP009_WWS_NonBreathing_11.00s.png,0,0,0.7911317,0.20886834,46
/Users/yunhwang/Desktop/Stethoscope_Project/Development/9.2) Reference/BreathingTiles_mel_paper/KP016_WWS_Breathing_10.50s.png,1,1,0.32497805,0.6750219,46
/Users/yunhwang/Desktop/Stethoscope_Project/Development/9.2) Reference/BreathingTiles_mel_paper/KP014_WWS_NonBreathing_3.00s.png,0,0,0.815471,0.18452907,46
/Users/yunhwang/Desktop/Stethoscope_Project/Development/9.2) Reference/BreathingTiles_mel_paper/KP019_WWS_2_NonBreathing_21.00s.png,0,0,0.72641534,0.27358463,46
/Users/yunhwang/Desktop/Stethoscope_Project/Development/9.2) Reference/BreathingTiles_mel_paper/KP017_WWS_2_NonBreathing_6.00s.png,0,0,0.6286128,0.3713872,46
/Users/yunhwang/Desktop/Stethoscope_Project/Development/9.2) Reference/BreathingTiles_mel_paper/KP019_WWS_2_NonBreathing_23.50s.png,0,0,0.75759876,0.24240126,46
/Users/yunhwang/Desktop/Stethoscope_Project/Development/9.2) Reference/BreathingTiles_mel_paper/KP020_WWS_2_Breathing_15.50s.png,1,1,0.074648194,0.92535174,46
/Users/yunhwang/Desktop/Stethoscope_Project/Development/9.2) Reference/BreathingTiles_mel_paper/KP020_WWS_1_Breathing_5.00s.png,1,0,0.51721853,0.48278147,46
/Users/yunhwang/Desktop/Stethoscope_Project/Development/9.2) Reference/BreathingTiles_mel_paper/KP019_WWS_2_NonBreathing_20.50s.png,0,0,0.7569106,0.24308938,46
/Users/yunhwang/Desktop/Stethoscope_Project/Development/9.2) Reference/BreathingTiles_mel_paper/KP006_WWS_NonBreathing_26.50s.png,0,0,0.6683471,0.33165285,46
/Users/yunhwang/Desktop/Stethoscope_Project/Development/9.2) Reference/BreathingTiles_mel_paper/KP017_WWS_2_NonBreathing_19.00s.png,0,0,0.9795436,0.0204563,46
/Users/yunhwang/Desktop/Stethoscope_Project/Development/9.2) Reference/BreathingTiles_mel_paper/KP011_WWS_NonBreathing_7.00s.png,0,0,0.53828734,0.46171266,46
/Users/yunhwang/Desktop/Stethoscope_Project/Development/9.2) Reference/BreathingTiles_mel_paper/KP014_WWS_NonBreathing_8.50s.png,0,0,0.83424735,0.16575271,46
/Users/yunhwang/Desktop/Stethoscope_Project/Development/9.2) Reference/BreathingTiles_mel_paper/KP019_WWS_2_NonBreathing_5.00s.png,0,0,0.83995,0.16004993,46
/Users/yunhwang/Desktop/Stethoscope_Project/Development/9.2) Reference/BreathingTiles_mel_paper/KP014_WWS_NonBreathing_9.00s.png,0,0,0.8782208,0.12177916,46
/Users/yunhwang/Desktop/Stethoscope_Project/Development/9.2) Reference/BreathingTiles_mel_paper/KP017_WWS_2_NonBreathing_11.00s.png,0,1,0.32498348,0.67501646,46
/Users/yunhwang/Desktop/Stethoscope_Project/Development/9.2) Reference/BreathingTiles_mel_paper/KP020_WWS_2_NonBreathing_20.50s.png,0,0,0.69518334,0.30481663,46
/Users/yunhwang/Desktop/Stethoscope_Project/Development/9.2) Reference/BreathingTiles_mel_paper/KP021_WWS_2_Breathing_20.00s.png,1,1,0.07471076,0.9252893,46
/Users/yunhwang/Desktop/Stethoscope_Project/Development/9.2) Reference/BreathingTiles_mel_paper/KP014_WWS_NonBreathing_7.00s.png,0,0,0.66138047,0.33861953,46
/Users/yunhwang/Desktop/Stethoscope_Project/Development/9.2) Reference/BreathingTiles_mel_paper/KP003_WWS_1_Breathing_10.00s.png,1,1,0.48516548,0.5148345,46
/Users/yunhwang/Desktop/Stethoscope_Project/Development/9.2) Reference/BreathingTiles_mel_paper/H004_Breathing_18.50s.png,1,1,0.10966757,0.89033246,46
/Users/yunhwang/Desktop/Stethoscope_Project/Development/9.2) Reference/BreathingTiles_mel_paper/KP018_WWS_NonBreathing_19.00s.png,0,0,0.8236043,0.17639576,46
/Users/yunhwang/Desktop/Stethoscope_Project/Development/9.2) Reference/BreathingTiles_mel_paper/KP011_WWS_Breathing_9.50s.png,1,1,0.0593494,0.9406506,46
/Users/yunhwang/Desktop/Stethoscope_Project/Development/9.2) Reference/BreathingTiles_mel_paper/KP001_WWS_NonBreathing_2.00s.png,0,0,0.57676953,0.42323044,46
/Users/yunhwang/Desktop/Stethoscope_Project/Development/9.2) Reference/BreathingTiles_mel_paper/H001_NonBreathing_7.50s.png,0,0,0.95987153,0.040128537,46
/Users/yunhwang/Desktop/Stethoscope_Project/Development/9.2) Reference/BreathingTiles_mel_paper/KP019_WWS_2_NonBreathing_4.00s.png,0,0,0.8292638,0.17073618,46
/Users/yunhwang/Desktop/Stethoscope_Project/Development/9.2) Reference/BreathingTiles_mel_paper/H003_NonBreathing_1.00s.png,0,1,0.39104038,0.60895956,46
/Users/yunhwang/Desktop/Stethoscope_Project/Development/9.2) Reference/BreathingTiles_mel_paper/KP008_WWS_Breathing_1.00s.png,1,1,0.13130215,0.8686979,46
/Users/yunhwang/Desktop/Stethoscope_Project/Development/9.2) Reference/BreathingTiles_mel_paper/KP019_WWS_1_Breathing_27.50s.png,1,1,0.35454878,0.6454512,46
/Users/yunhwang/Desktop/Stethoscope_Project/Development/9.2) Reference/BreathingTiles_mel_paper/KP008_WWS_Breathing_15.50s.png,1,1,0.17964594,0.8203541,46
/Users/yunhwang/Desktop/Stethoscope_Project/Development/9.2) Reference/BreathingTiles_mel_paper/KP021_WWS_1_NonBreathing_25.50s.png,0,0,0.8422406,0.15775941,46
/Users/yunhwang/Desktop/Stethoscope_Project/Development/9.2) Reference/BreathingTiles_mel_paper/KP019_WWS_1_NonBreathing_25.00s.png,0,0,0.91752636,0.082473606,46
/Users/yunhwang/Desktop/Stethoscope_Project/Development/9.2) Reference/BreathingTiles_mel_paper/H003_Breathing_10.00s.png,1,0,0.56406426,0.43593574,46
/Users/yunhwang/Desktop/Stethoscope_Project/Development/9.2) Reference/BreathingTiles_mel_paper/KP010_WWS_Breathing_4.50s.png,1,1,0.12376355,0.8762365,46
/Users/yunhwang/Desktop/Stethoscope_Project/Development/9.2) Reference/BreathingTiles_mel_paper/KP017_WWS_1_Breathing_21.00s.png,1,1,0.060322154,0.9396779,46
/Users/yunhwang/Desktop/Stethoscope_Project/Development/9.2) Reference/BreathingTiles_mel_paper/KP006_WWS_NonBreathing_5.50s.png,0,0,0.8278019,0.17219812,46
/Users/yunhwang/Desktop/Stethoscope_Project/Development/9.2) Reference/BreathingTiles_mel_paper/H003_NonBreathing_1.50s.png,0,0,0.56376624,0.43623382,46
/Users/yunhwang/Desktop/Stethoscope_Project/Development/9.2) Reference/BreathingTiles_mel_paper/KP015_WWS_NonBreathing_27.00s.png,0,1,0.48559216,0.5144079,46
/Users/yunhwang/Desktop/Stethoscope_Project/Development/9.2) Reference/BreathingTiles_mel_paper/KP004_WWS_Breathing_4.50s.png,1,1,0.03782219,0.9621778,46
/Users/yunhwang/Desktop/Stethoscope_Project/Development/9.2) Reference/BreathingTiles_mel_paper/KP006_WWS_NonBreathing_12.00s.png,0,0,0.8936034,0.10639659,46
/Users/yunhwang/Desktop/Stethoscope_Project/Development/9.2) Reference/BreathingTiles_mel_paper/KP019_WWS_2_NonBreathing_8.50s.png,0,0,0.9158644,0.08413566,46
/Users/yunhwang/Desktop/Stethoscope_Project/Development/9.2) Reference/BreathingTiles_mel_paper/KP015_WWS_NonBreathing_24.00s.png,0,0,0.67507786,0.32492208,46
/Users/yunhwang/Desktop/Stethoscope_Project/Development/9.2) Reference/BreathingTiles_mel_paper/KP021_WWS_1_Breathing_12.50s.png,1,1,0.061595593,0.9384044,46
/Users/yunhwang/Desktop/Stethoscope_Project/Development/9.2) Reference/BreathingTiles_mel_paper/KP004_WWS_Breathing_12.00s.png,1,0,0.62902516,0.37097478,46
/Users/yunhwang/Desktop/Stethoscope_Project/Development/9.2) Reference/BreathingTiles_mel_paper/KP009_WWS_NonBreathing_27.50s.png,0,0,0.6090799,0.39092013,46
/Users/yunhwang/Desktop/Stethoscope_Project/Development/9.2) Reference/BreathingTiles_mel_paper/KP001_WWS_NonBreathing_11.50s.png,0,0,0.6528562,0.34714386,46
/Users/yunhwang/Desktop/Stethoscope_Project/Development/9.2) Reference/BreathingTiles_mel_paper/KP013_WWS_Breathing_4.50s.png,1,1,0.35084486,0.6491552,46
/Users/yunhwang/Desktop/Stethoscope_Project/Development/9.2) Reference/BreathingTiles_mel_paper/KP017_WWS_1_Breathing_18.50s.png,1,1,0.4999973,0.50000274,46
/Users/yunhwang/Desktop/Stethoscope_Project/Development/9.2) Reference/BreathingTiles_mel_paper/KP019_WWS_2_NonBreathing_12.00s.png,0,0,0.65332395,0.34667608,46
/Users/yunhwang/Desktop/Stethoscope_Project/Development/9.2) Reference/BreathingTiles_mel_paper/KP020_WWS_1_Breathing_8.00s.png,1,1,0.3146613,0.6853386,46
/Users/yunhwang/Desktop/Stethoscope_Project/Development/9.2) Reference/BreathingTiles_mel_paper/KP019_WWS_1_NonBreathing_15.50s.png,0,0,0.64015824,0.35984176,46
/Users/yunhwang/Desktop/Stethoscope_Project/Development/9.2) Reference/BreathingTiles_mel_paper/KP006_WWS_NonBreathing_22.00s.png,0,0,0.8044201,0.1955799,46
/Users/yunhwang/Desktop/Stethoscope_Project/Development/9.2) Reference/BreathingTiles_mel_paper/KP017_WWS_2_NonBreathing_3.00s.png,0,0,0.50028926,0.49971077,46
/Users/yunhwang/Desktop/Stethoscope_Project/Development/9.2) Reference/BreathingTiles_mel_paper/KP020_WWS_1_Breathing_18.50s.png,1,1,0.07122285,0.9287771,46
/Users/yunhwang/Desktop/Stethoscope_Project/Development/9.2) Reference/BreathingTiles_mel_paper/KP015_WWS_NonBreathing_6.50s.png,0,0,0.6692934,0.33070663,46
/Users/yunhwang/Desktop/Stethoscope_Project/Development/9.2) Reference/BreathingTiles_mel_paper/KP017_WWS_2_Breathing_1.00s.png,1,1,0.27616683,0.72383314,46
/Users/yunhwang/Desktop/Stethoscope_Project/Development/9.2) Reference/BreathingTiles_mel_paper/H002_Breathing_9.00s.png,1,0,0.80362695,0.19637303,46
/Users/yunhwang/Desktop/Stethoscope_Project/Development/9.2) Reference/BreathingTiles_mel_paper/KP013_WWS_Breathing_13.00s.png,1,0,0.55218554,0.4478145,46
/Users/yunhwang/Desktop/Stethoscope_Project/Development/9.2) Reference/BreathingTiles_mel_paper/KP021_WWS_2_Breathing_1.50s.png,1,1,0.31119883,0.68880117,46
/Users/yunhwang/Desktop/Stethoscope_Project/Development/9.2) Reference/BreathingTiles_mel_paper/KP004_WWS_NonBreathing_16.00s.png,0,0,0.6275836,0.37241632,46
/Users/yunhwang/Desktop/Stethoscope_Project/Development/9.2) Reference/BreathingTiles_mel_paper/KP017_WWS_2_NonBreathing_22.00s.png,0,1,0.42096472,0.5790353,46
/Users/yunhwang/Desktop/Stethoscope_Project/Development/9.2) Reference/BreathingTiles_mel_paper/KP017_WWS_2_NonBreathing_22.50s.png,0,1,0.27146724,0.7285328,46
/Users/yunhwang/Desktop/Stethoscope_Project/Development/9.2) Reference/BreathingTiles_mel_paper/KP006_WWS_NonBreathing_19.50s.png,0,0,0.63609827,0.3639018,46
/Users/yunhwang/Desktop/Stethoscope_Project/Development/9.2) Reference/BreathingTiles_mel_paper/H002_Breathing_9.50s.png,1,1,0.2583748,0.74162513,46
/Users/yunhwang/Desktop/Stethoscope_Project/Development/9.2) Reference/BreathingTiles_mel_paper/KP009_WWS_NonBreathing_21.50s.png,0,0,0.94565964,0.05434041,46
/Users/yunhwang/Desktop/Stethoscope_Project/Development/9.2) Reference/BreathingTiles_mel_paper/KP004_WWS_Breathing_23.00s.png,1,0,0.59087676,0.40912318,46
/Users/yunhwang/Desktop/Stethoscope_Project/Development/9.2) Reference/BreathingTiles_mel_paper/KP013_WWS_Breathing_17.00s.png,1,1,0.22827339,0.7717266,46
/Users/yunhwang/Desktop/Stethoscope_Project/Development/9.2) Reference/BreathingTiles_mel_paper/KP019_WWS_2_NonBreathing_13.00s.png,0,0,0.8046999,0.19530007,46
/Users/yunhwang/Desktop/Stethoscope_Project/Development/9.2) Reference/BreathingTiles_mel_paper/KP008_WWS_Breathing_23.00s.png,1,1,0.018703131,0.98129684,46
/Users/yunhwang/Desktop/Stethoscope_Project/Development/9.2) Reference/BreathingTiles_mel_paper/KP021_WWS_2_Breathing_6.00s.png,1,1,0.029240936,0.9707591,46
/Users/yunhwang/Desktop/Stethoscope_Project/Development/9.2) Reference/BreathingTiles_mel_paper/KP006_WWS_NonBreathing_5.00s.png,0,0,0.72906935,0.27093062,46
/Users/yunhwang/Desktop/Stethoscope_Project/Development/9.2) Reference/BreathingTiles_mel_paper/KP017_WWS_1_NonBreathing_24.00s.png,0,0,0.6149108,0.38508922,46
/Users/yunhwang/Desktop/Stethoscope_Project/Development/9.2) Reference/BreathingTiles_mel_paper/KP009_WWS_NonBreathing_28.00s.png,0,0,0.80624014,0.19375987,46
/Users/yunhwang/Desktop/Stethoscope_Project/Development/9.2) Reference/BreathingTiles_mel_paper/KP010_WWS_NonBreathing_26.00s.png,0,0,0.826144,0.17385599,46
/Users/yunhwang/Desktop/Stethoscope_Project/Development/9.2) Reference/BreathingTiles_mel_paper/KP009_WWS_NonBreathing_16.00s.png,0,1,0.2931778,0.70682216,46
/Users/yunhwang/Desktop/Stethoscope_Project/Development/9.2) Reference/BreathingTiles_mel_paper/KP005_WWS_Breathing_4.00s.png,1,1,0.11917396,0.880826,46
/Users/yunhwang/Desktop/Stethoscope_Project/Development/9.2) Reference/BreathingTiles_mel_paper/KP008_WWS_Breathing_10.50s.png,1,1,0.08541566,0.91458434,46
/Users/yunhwang/Desktop/Stethoscope_Project/Development/9.2) Reference/BreathingTiles_mel_paper/KP014_WWS_NonBreathing_28.00s.png,0,0,0.55536973,0.44463024,46
/Users/yunhwang/Desktop/Stethoscope_Project/Development/9.2) Reference/BreathingTiles_mel_paper/H001_NonBreathing_15.50s.png,0,0,0.84989315,0.15010682,46
/Users/yunhwang/Desktop/Stethoscope_Project/Development/9.2) Reference/BreathingTiles_mel_paper/KP020_WWS_1_Breathing_1.50s.png,1,1,0.41197214,0.5880279,46
/Users/yunhwang/Desktop/Stethoscope_Project/Development/9.2) Reference/BreathingTiles_mel_paper/KP003_WWS_1_NonBreathing_19.50s.png,0,0,0.7230086,0.27699143,46
/Users/yunhwang/Desktop/Stethoscope_Project/Development/9.2) Reference/BreathingTiles_mel_paper/KP019_WWS_2_NonBreathing_7.00s.png,0,0,0.8928629,0.10713701,46
/Users/yunhwang/Desktop/Stethoscope_Project/Development/9.2) Reference/BreathingTiles_mel_paper/KP008_WWS_Breathing_12.00s.png,1,0,0.81428725,0.18571275,46
/Users/yunhwang/Desktop/Stethoscope_Project/Development/9.2) Reference/BreathingTiles_mel_paper/KP010_WWS_NonBreathing_28.00s.png,0,1,0.15259402,0.84740597,46
/Users/yunhwang/Desktop/Stethoscope_Project/Development/9.2) Reference/BreathingTiles_mel_paper/H003_NonBreathing_3.50s.png,0,0,0.5727044,0.4272956,46
/Users/yunhwang/Desktop/Stethoscope_Project/Development/9.2) Reference/BreathingTiles_mel_paper/KP021_WWS_1_NonBreathing_26.50s.png,0,0,0.59810996,0.40189,46
/Users/yunhwang/Desktop/Stethoscope_Project/Development/9.2) Reference/BreathingTiles_mel_paper/KP006_WWS_NonBreathing_6.50s.png,0,0,0.7842141,0.21578585,46
/Users/yunhwang/Desktop/Stethoscope_Project/Development/9.2) Reference/BreathingTiles_mel_paper/KP019_WWS_2_NonBreathing_15.00s.png,0,0,0.8801424,0.11985758,46
/Users/yunhwang/Desktop/Stethoscope_Project/Development/9.2) Reference/BreathingTiles_mel_paper/KP008_WWS_Breathing_6.50s.png,1,1,0.42375413,0.57624584,46
/Users/yunhwang/Desktop/Stethoscope_Project/Development/9.2) Reference/BreathingTiles_mel_paper/KP006_WWS_NonBreathing_3.00s.png,0,0,0.72991866,0.2700813,46
/Users/yunhwang/Desktop/Stethoscope_Project/Development/9.2) Reference/BreathingTiles_mel_paper/KP014_WWS_NonBreathing_12.50s.png,0,0,0.8344782,0.1655218,46
/Users/yunhwang/Desktop/Stethoscope_Project/Development/9.2) Reference/BreathingTiles_mel_paper/KP020_WWS_1_Breathing_24.50s.png,1,1,0.067466274,0.93253374,46
/Users/yunhwang/Desktop/Stethoscope_Project/Development/9.2) Reference/BreathingTiles_mel_paper/H001_Breathing_18.00s.png,1,1,0.109180816,0.8908192,46
/Users/yunhwang/Desktop/Stethoscope_Project/Development/9.2) Reference/BreathingTiles_mel_paper/H001_NonBreathing_12.50s.png,0,0,0.5099657,0.49003422,46
/Users/yunhwang/Desktop/Stethoscope_Project/Development/9.2) Reference/BreathingTiles_mel_paper/KP011_WWS_Breathing_23.50s.png,1,1,0.4956886,0.5043114,46
/Users/yunhwang/Desktop/Stethoscope_Project/Development/9.2) Reference/BreathingTiles_mel_paper/KP020_WWS_2_Breathing_13.50s.png,1,1,0.24666676,0.7533332,46
/Users/yunhwang/Desktop/Stethoscope_Project/Development/9.2) Reference/BreathingTiles_mel_paper/KP014_WWS_NonBreathing_26.50s.png,0,0,0.9386503,0.061349697,46
/Users/yunhwang/Desktop/Stethoscope_Project/Development/9.2) Reference/BreathingTiles_mel_paper/H004_Breathing_25.00s.png,1,1,0.016980376,0.98301965,46
/Users/yunhwang/Desktop/Stethoscope_Project/Development/9.2) Reference/BreathingTiles_mel_paper/KP019_WWS_1_NonBreathing_7.50s.png,0,0,0.9053882,0.09461186,46
/Users/yunhwang/Desktop/Stethoscope_Project/Development/9.2) Reference/BreathingTiles_mel_paper/KP017_WWS_2_NonBreathing_27.50s.png,0,0,0.7305495,0.26945052,46
/Users/yunhwang/Desktop/Stethoscope_Project/Development/9.2) Reference/BreathingTiles_mel_paper/KP015_WWS_NonBreathing_5.50s.png,0,0,0.87747025,0.12252968,46
/Users/yunhwang/Desktop/Stethoscope_Project/Development/9.2) Reference/BreathingTiles_mel_paper/KP014_WWS_NonBreathing_4.50s.png,0,0,0.85695744,0.14304255,46
/Users/yunhwang/Desktop/Stethoscope_Project/Development/9.2) Reference/BreathingTiles_mel_paper/H004_Breathing_19.00s.png,1,1,0.18510105,0.81489897,46
/Users/yunhwang/Desktop/Stethoscope_Project/Development/9.2) Reference/BreathingTiles_mel_paper/KP020_WWS_2_Breathing_2.00s.png,1,1,0.47019655,0.5298034,46
/Users/yunhwang/Desktop/Stethoscope_Project/Development/9.2) Reference/BreathingTiles_mel_paper/KP010_WWS_Breathing_21.00s.png,1,1,0.12300786,0.87699217,46
/Users/yunhwang/Desktop/Stethoscope_Project/Development/9.2) Reference/BreathingTiles_mel_paper/H004_Breathing_24.50s.png,1,1,0.018463342,0.9815367,46
/Users/yunhwang/Desktop/Stethoscope_Project/Development/9.2) Reference/BreathingTiles_mel_paper/KP020_WWS_1_Breathing_7.00s.png,1,1,0.047038533,0.95296144,46
/Users/yunhwang/Desktop/Stethoscope_Project/Development/9.2) Reference/BreathingTiles_mel_paper/KP020_WWS_2_Breathing_6.00s.png,1,1,0.421453,0.57854706,46
/Users/yunhwang/Desktop/Stethoscope_Project/Development/9.2) Reference/BreathingTiles_mel_paper/KP015_WWS_NonBreathing_1.50s.png,0,0,0.87012917,0.12987086,46
/Users/yunhwang/Desktop/Stethoscope_Project/Development/9.2) Reference/BreathingTiles_mel_paper/KP019_WWS_2_NonBreathing_9.00s.png,0,0,0.920218,0.07978197,46
/Users/yunhwang/Desktop/Stethoscope_Project/Development/9.2) Reference/BreathingTiles_mel_paper/KP017_WWS_1_Breathing_23.00s.png,1,1,0.4004783,0.5995217,46
/Users/yunhwang/Desktop/Stethoscope_Project/Development/9.2) Reference/BreathingTiles_mel_paper/KP019_WWS_2_NonBreathing_25.00s.png,0,0,0.72885066,0.27114937,46
/Users/yunhwang/Desktop/Stethoscope_Project/Development/9.2) Reference/BreathingTiles_mel_paper/KP004_WWS_Breathing_11.50s.png,1,0,0.9056309,0.094369076,46
/Users/yunhwang/Desktop/Stethoscope_Project/Development/9.2) Reference/BreathingTiles_mel_paper/KP004_WWS_Breathing_2.50s.png,1,1,0.21490496,0.785095,46
/Users/yunhwang/Desktop/Stethoscope_Project/Development/9.2) Reference/BreathingTiles_mel_paper/KP019_WWS_2_NonBreathing_9.50s.png,0,0,0.5545799,0.4454201,46
/Users/yunhwang/Desktop/Stethoscope_Project/Development/9.2) Reference/BreathingTiles_mel_paper/KP020_WWS_2_NonBreathing_24.50s.png,0,1,0.3942885,0.6057115,46
/Users/yunhwang/Desktop/Stethoscope_Project/Development/9.2) Reference/BreathingTiles_mel_paper/KP001_WWS_Breathing_12.50s.png,1,1,0.09871959,0.9012804,46
/Users/yunhwang/Desktop/Stethoscope_Project/Development/9.2) Reference/BreathingTiles_mel_paper/KP010_WWS_Breathing_17.00s.png,1,1,0.21263172,0.78736824,46
/Users/yunhwang/Desktop/Stethoscope_Project/Development/9.2) Reference/BreathingTiles_mel_paper/KP019_WWS_2_Breathing_2.00s.png,1,1,0.19273384,0.8072662,46
/Users/yunhwang/Desktop/Stethoscope_Project/Development/9.2) Reference/BreathingTiles_mel_paper/KP019_WWS_2_NonBreathing_10.50s.png,0,0,0.5870003,0.41299972,46
/Users/yunhwang/Desktop/Stethoscope_Project/Development/9.2) Reference/BreathingTiles_mel_paper/H003_NonBreathing_22.00s.png,0,0,0.6010406,0.39895946,46
/Users/yunhwang/Desktop/Stethoscope_Project/Development/9.2) Reference/BreathingTiles_mel_paper/KP019_WWS_1_Breathing_5.50s.png,1,1,0.38455996,0.6154401,46
/Users/yunhwang/Desktop/Stethoscope_Project/Development/9.2) Reference/BreathingTiles_mel_paper/KP019_WWS_2_NonBreathing_7.50s.png,0,0,0.8814734,0.11852661,46
/Users/yunhwang/Desktop/Stethoscope_Project/Development/9.2) Reference/BreathingTiles_mel_paper/KP019_WWS_2_NonBreathing_25.50s.png,0,0,0.9276904,0.07230958,46
/Users/yunhwang/Desktop/Stethoscope_Project/Development/9.2) Reference/BreathingTiles_mel_paper/KP013_WWS_Breathing_2.00s.png,1,1,0.054176867,0.9458231,46
/Users/yunhwang/Desktop/Stethoscope_Project/Development/9.2) Reference/BreathingTiles_mel_paper/KP010_WWS_Breathing_14.00s.png,1,1,0.12210183,0.8778982,46
/Users/yunhwang/Desktop/Stethoscope_Project/Development/9.2) Reference/BreathingTiles_mel_paper/KP019_WWS_1_Breathing_28.00s.png,1,1,0.10649102,0.893509,46
/Users/yunhwang/Desktop/Stethoscope_Project/Development/9.2) Reference/BreathingTiles_mel_paper/KP016_WWS_Breathing_15.50s.png,1,1,0.27435064,0.72564936,46
/Users/yunhwang/Desktop/Stethoscope_Project/Development/9.2) Reference/BreathingTiles_mel_paper/KP019_WWS_1_Breathing_9.00s.png,1,1,0.08335271,0.9166473,46
/Users/yunhwang/Desktop/Stethoscope_Project/Development/9.2) Reference/BreathingTiles_mel_paper/KP018_WWS_NonBreathing_14.50s.png,0,0,0.72565407,0.27434596,46
/Users/yunhwang/Desktop/Stethoscope_Project/Development/9.2) Reference/BreathingTiles_mel_paper/KP018_WWS_Breathing_16.50s.png,1,1,0.3094678,0.69053227,46
/Users/yunhwang/Desktop/Stethoscope_Project/Development/9.2) Reference/BreathingTiles_mel_paper/KP003_WWS_1_NonBreathing_18.50s.png,0,1,0.22402078,0.7759792,46
/Users/yunhwang/Desktop/Stethoscope_Project/Development/9.2) Reference/BreathingTiles_mel_paper/KP018_WWS_Breathing_0.50s.png,1,1,0.15055001,0.84945005,46
/Users/yunhwang/Desktop/Stethoscope_Project/Development/9.2) Reference/BreathingTiles_mel_paper/KP020_WWS_2_Breathing_17.00s.png,1,1,0.46670756,0.5332925,46
/Users/yunhwang/Desktop/Stethoscope_Project/Development/9.2) Reference/BreathingTiles_mel_paper/KP021_WWS_1_Breathing_5.00s.png,1,1,0.37787125,0.6221288,46
/Users/yunhwang/Desktop/Stethoscope_Project/Development/9.2) Reference/BreathingTiles_mel_paper/KP015_WWS_NonBreathing_16.50s.png,0,0,0.9369663,0.06303369,46
/Users/yunhwang/Desktop/Stethoscope_Project/Development/9.2) Reference/BreathingTiles_mel_paper/KP016_WWS_Breathing_8.00s.png,1,1,0.3256675,0.6743325,46
/Users/yunhwang/Desktop/Stethoscope_Project/Development/9.2) Reference/BreathingTiles_mel_paper/KP009_WWS_NonBreathing_14.50s.png,0,0,0.819021,0.18097901,46
/Users/yunhwang/Desktop/Stethoscope_Project/Development/9.2) Reference/BreathingTiles_mel_paper/KP006_WWS_NonBreathing_7.50s.png,0,0,0.6555384,0.34446162,46
/Users/yunhwang/Desktop/Stethoscope_Project/Development/9.2) Reference/BreathingTiles_mel_paper/H001_NonBreathing_8.00s.png,0,0,0.8908355,0.10916451,46
/Users/yunhwang/Desktop/Stethoscope_Project/Development/9.2) Reference/BreathingTiles_mel_paper/KP017_WWS_1_Breathing_6.00s.png,1,0,0.5815014,0.4184986,46
/Users/yunhwang/Desktop/Stethoscope_Project/Development/9.2) Reference/BreathingTiles_mel_paper/KP013_WWS_Breathing_20.50s.png,1,1,0.18429452,0.81570554,46
/Users/yunhwang/Desktop/Stethoscope_Project/Development/9.2) Reference/BreathingTiles_mel_paper/KP008_WWS_Breathing_11.50s.png,1,1,0.41323993,0.58676004,46
/Users/yunhwang/Desktop/Stethoscope_Project/Development/9.2) Reference/BreathingTiles_mel_paper/KP006_WWS_NonBreathing_26.00s.png,0,0,0.66858584,0.33141416,46
/Users/yunhwang/Desktop/Stethoscope_Project/Development/9.2) Reference/BreathingTiles_mel_paper/H004_NonBreathing_6.50s.png,0,1,0.2923235,0.7076765,46
/Users/yunhwang/Desktop/Stethoscope_Project/Development/9.2) Reference/BreathingTiles_mel_paper/KP017_WWS_2_NonBreathing_12.50s.png,0,0,0.74988806,0.25011197,46
/Users/yunhwang/Desktop/Stethoscope_Project/Development/9.2) Reference/BreathingTiles_mel_paper/KP006_WWS_NonBreathing_23.50s.png,0,0,0.7668461,0.23315382,46
/Users/yunhwang/Desktop/Stethoscope_Project/Development/9.2) Reference/BreathingTiles_mel_paper/KP014_WWS_NonBreathing_10.50s.png,0,0,0.8771808,0.122819185,46
/Users/yunhwang/Desktop/Stethoscope_Project/Development/9.2) Reference/BreathingTiles_mel_paper/KP003_WWS_1_NonBreathing_22.00s.png,0,1,0.35996297,0.640037,46
/Users/yunhwang/Desktop/Stethoscope_Project/Development/9.2) Reference/BreathingTiles_mel_paper/KP017_WWS_2_NonBreathing_5.00s.png,0,0,0.6509442,0.34905586,46
/Users/yunhwang/Desktop/Stethoscope_Project/Development/9.2) Reference/BreathingTiles_mel_paper/H003_NonBreathing_0.50s.png,0,0,0.93011844,0.06988158,46
/Users/yunhwang/Desktop/Stethoscope_Project/Development/9.2) Reference/BreathingTiles_mel_paper/KP003_WWS_1_NonBreathing_24.50s.png,0,0,0.5603563,0.43964368,46
/Users/yunhwang/Desktop/Stethoscope_Project/Development/9.2) Reference/BreathingTiles_mel_paper/KP009_WWS_NonBreathing_6.50s.png,0,0,0.7099636,0.29003638,46
/Users/yunhwang/Desktop/Stethoscope_Project/Development/9.2) Reference/BreathingTiles_mel_paper/KP005_WWS_NonBreathing_18.50s.png,0,0,0.6475331,0.3524669,46
/Users/yunhwang/Desktop/Stethoscope_Project/Development/9.2) Reference/BreathingTiles_mel_paper/KP019_WWS_2_NonBreathing_6.50s.png,0,0,0.91040605,0.08959398,46
/Users/yunhwang/Desktop/Stethoscope_Project/Development/9.2) Reference/BreathingTiles_mel_paper/KP013_WWS_Breathing_23.50s.png,1,1,0.024346791,0.97565323,46
/Users/yunhwang/Desktop/Stethoscope_Project/Development/9.2) Reference/BreathingTiles_mel_paper/KP003_WWS_1_Breathing_12.00s.png,1,1,0.17647159,0.8235284,46
/Users/yunhwang/Desktop/Stethoscope_Project/Development/9.2) Reference/BreathingTiles_mel_paper/KP009_WWS_NonBreathing_17.50s.png,0,0,0.68254757,0.31745246,46
/Users/yunhwang/Desktop/Stethoscope_Project/Development/9.2) Reference/BreathingTiles_mel_paper/KP009_WWS_NonBreathing_27.00s.png,0,0,0.73383445,0.26616555,46
/Users/yunhwang/Desktop/Stethoscope_Project/Development/9.2) Reference/BreathingTiles_mel_paper/KP019_WWS_1_NonBreathing_16.50s.png,0,0,0.8296568,0.1703433,46
/Users/yunhwang/Desktop/Stethoscope_Project/Development/9.2) Reference/BreathingTiles_mel_paper/KP021_WWS_2_Breathing_25.50s.png,1,1,0.03652399,0.963476,46
/Users/yunhwang/Desktop/Stethoscope_Project/Development/9.2) Reference/BreathingTiles_mel_paper/H003_NonBreathing_8.50s.png,0,0,0.84512126,0.15487868,46
/Users/yunhwang/Desktop/Stethoscope_Project/Development/9.2) Reference/BreathingTiles_mel_paper/KP016_WWS_NonBreathing_14.00s.png,0,0,0.79793024,0.20206977,46
/Users/yunhwang/Desktop/Stethoscope_Project/Development/9.2) Reference/BreathingTiles_mel_paper/KP006_WWS_NonBreathing_2.50s.png,0,0,0.70983154,0.29016846,46
/Users/yunhwang/Desktop/Stethoscope_Project/Development/9.2) Reference/BreathingTiles_mel_paper/KP009_WWS_NonBreathing_6.00s.png,0,0,0.9013025,0.09869755,46
/Users/yunhwang/Desktop/Stethoscope_Project/Development/9.2) Reference/BreathingTiles_mel_paper/KP017_WWS_2_NonBreathing_24.00s.png,0,0,0.62026685,0.37973318,46
/Users/yunhwang/Desktop/Stethoscope_Project/Development/9.2) Reference/BreathingTiles_mel_paper/KP006_WWS_NonBreathing_25.50s.png,0,0,0.84818465,0.15181537,46
/Users/yunhwang/Desktop/Stethoscope_Project/Development/9.2) Reference/BreathingTiles_mel_paper/KP020_WWS_1_Breathing_16.00s.png,1,1,0.16538815,0.8346118,46
/Users/yunhwang/Desktop/Stethoscope_Project/Development/9.2) Reference/BreathingTiles_mel_paper/KP017_WWS_1_Breathing_25.00s.png,1,0,0.73932207,0.2606779,46
/Users/yunhwang/Desktop/Stethoscope_Project/Development/9.2) Reference/BreathingTiles_mel_paper/KP010_WWS_Breathing_23.00s.png,1,1,0.20552354,0.79447645,46
/Users/yunhwang/Desktop/Stethoscope_Project/Development/9.2) Reference/BreathingTiles_mel_paper/KP005_WWS_NonBreathing_10.50s.png,0,0,0.5503921,0.449608,46
/Users/yunhwang/Desktop/Stethoscope_Project/Development/9.2) Reference/BreathingTiles_mel_paper/KP007_WWS_Breathing_26.50s.png,1,1,0.38602862,0.61397135,46
/Users/yunhwang/Desktop/Stethoscope_Project/Development/9.2) Reference/BreathingTiles_mel_paper/KP005_WWS_NonBreathing_19.00s.png,0,0,0.5506728,0.44932717,46
/Users/yunhwang/Desktop/Stethoscope_Project/Development/9.2) Reference/BreathingTiles_mel_paper/KP018_WWS_Breathing_2.00s.png,1,0,0.50962216,0.4903778,46
/Users/yunhwang/Desktop/Stethoscope_Project/Development/9.2) Reference/BreathingTiles_mel_paper/KP019_WWS_1_NonBreathing_12.50s.png,0,0,0.62156487,0.37843522,46
/Users/yunhwang/Desktop/Stethoscope_Project/Development/9.2) Reference/BreathingTiles_mel_paper/KP015_WWS_NonBreathing_13.00s.png,0,0,0.7714381,0.2285619,46
/Users/yunhwang/Desktop/Stethoscope_Project/Development/9.2) Reference/BreathingTiles_mel_paper/H001_NonBreathing_16.50s.png,0,0,0.8748251,0.1251749,46
/Users/yunhwang/Desktop/Stethoscope_Project/Development/9.2) Reference/BreathingTiles_mel_paper/KP015_WWS_NonBreathing_17.00s.png,0,0,0.8240831,0.17591691,46
/Users/yunhwang/Desktop/Stethoscope_Project/Development/9.2) Reference/BreathingTiles_mel_paper/KP021_WWS_1_Breathing_11.00s.png,1,1,0.09750682,0.9024932,46
/Users/yunhwang/Desktop/Stethoscope_Project/Development/9.2) Reference/BreathingTiles_mel_paper/KP018_WWS_Breathing_12.50s.png,1,0,0.5379224,0.4620776,46
/Users/yunhwang/Desktop/Stethoscope_Project/Development/9.2) Reference/BreathingTiles_mel_paper/KP014_WWS_NonBreathing_15.50s.png,0,0,0.6626459,0.3373541,46
/Users/yunhwang/Desktop/Stethoscope_Project/Development/9.2) Reference/BreathingTiles_mel_paper/KP017_WWS_1_Breathing_5.00s.png,1,1,0.164027,0.835973,46
/Users/yunhwang/Desktop/Stethoscope_Project/Development/9.2) Reference/BreathingTiles_mel_paper/KP004_WWS_Breathing_18.50s.png,1,0,0.60117805,0.39882192,46
/Users/yunhwang/Desktop/Stethoscope_Project/Development/9.2) Reference/BreathingTiles_mel_paper/KP019_WWS_2_NonBreathing_5.50s.png,0,0,0.89571255,0.104287416,46
/Users/yunhwang/Desktop/Stethoscope_Project/Development/9.2) Reference/BreathingTiles_mel_paper/KP003_WWS_1_Breathing_13.50s.png,1,0,0.68868154,0.31131846,46
/Users/yunhwang/Desktop/Stethoscope_Project/Development/9.2) Reference/BreathingTiles_mel_paper/KP017_WWS_2_NonBreathing_9.00s.png,0,0,0.72738916,0.2726109,46
/Users/yunhwang/Desktop/Stethoscope_Project/Development/9.2) Reference/BreathingTiles_mel_paper/KP019_WWS_1_Breathing_26.50s.png,1,0,0.84479547,0.15520446,46
/Users/yunhwang/Desktop/Stethoscope_Project/Development/9.2) Reference/BreathingTiles_mel_paper/KP018_WWS_NonBreathing_14.00s.png,0,0,0.86221653,0.13778347,46
/Users/yunhwang/Desktop/Stethoscope_Project/Development/9.2) Reference/BreathingTiles_mel_paper/KP019_WWS_1_NonBreathing_3.00s.png,0,0,0.93651265,0.06348732,46
/Users/yunhwang/Desktop/Stethoscope_Project/Development/9.2) Reference/BreathingTiles_mel_paper/KP010_WWS_Breathing_25.00s.png,1,1,0.37938672,0.6206132,46
/Users/yunhwang/Desktop/Stethoscope_Project/Development/9.2) Reference/BreathingTiles_mel_paper/KP015_WWS_NonBreathing_10.00s.png,0,0,0.92329806,0.0767019,46
/Users/yunhwang/Desktop/Stethoscope_Project/Development/9.2) Reference/BreathingTiles_mel_paper/KP020_WWS_2_NonBreathing_4.00s.png,0,0,0.6113677,0.38863233,46
/Users/yunhwang/Desktop/Stethoscope_Project/Development/9.2) Reference/BreathingTiles_mel_paper/KP020_WWS_2_NonBreathing_18.50s.png,0,0,0.54946166,0.4505384,46
/Users/yunhwang/Desktop/Stethoscope_Project/Development/9.2) Reference/BreathingTiles_mel_paper/KP014_WWS_NonBreathing_23.00s.png,0,0,0.77877605,0.221224,46
/Users/yunhwang/Desktop/Stethoscope_Project/Development/9.2) Reference/BreathingTiles_mel_paper/KP008_WWS_Breathing_3.50s.png,1,1,0.048295338,0.95170474,46
/Users/yunhwang/Desktop/Stethoscope_Project/Development/9.2) Reference/BreathingTiles_mel_paper/KP017_WWS_1_NonBreathing_26.50s.png,0,0,0.59016156,0.40983853,46
/Users/yunhwang/Desktop/Stethoscope_Project/Development/9.2) Reference/BreathingTiles_mel_paper/KP021_WWS_1_NonBreathing_25.00s.png,0,0,0.6607603,0.33923975,46
/Users/yunhwang/Desktop/Stethoscope_Project/Development/9.2) Reference/BreathingTiles_mel_paper/KP019_WWS_1_Breathing_14.50s.png,1,1,0.44969717,0.5503028,46
/Users/yunhwang/Desktop/Stethoscope_Project/Development/9.2) Reference/BreathingTiles_mel_paper/KP011_WWS_Breathing_22.00s.png,1,1,0.060515944,0.93948406,46
/Users/yunhwang/Desktop/Stethoscope_Project/Development/9.2) Reference/BreathingTiles_mel_paper/KP016_WWS_Breathing_20.50s.png,1,0,0.5196815,0.4803184,46
/Users/yunhwang/Desktop/Stethoscope_Project/Development/9.2) Reference/BreathingTiles_mel_paper/KP005_WWS_NonBreathing_6.50s.png,0,0,0.83083576,0.1691643,46
/Users/yunhwang/Desktop/Stethoscope_Project/Development/9.2) Reference/BreathingTiles_mel_paper/KP006_WWS_NonBreathing_17.00s.png,0,0,0.54052055,0.45947936,46
/Users/yunhwang/Desktop/Stethoscope_Project/Development/9.2) Reference/BreathingTiles_mel_paper/H003_Breathing_26.50s.png,1,1,0.34999907,0.65000093,46
/Users/yunhwang/Desktop/Stethoscope_Project/Development/9.2) Reference/BreathingTiles_mel_paper/KP013_WWS_Breathing_5.00s.png,1,1,0.097021565,0.9029784,46
/Users/yunhwang/Desktop/Stethoscope_Project/Development/9.2) Reference/BreathingTiles_mel_paper/H004_Breathing_22.50s.png,1,1,0.11529769,0.88470227,46
/Users/yunhwang/Desktop/Stethoscope_Project/Development/9.2) Reference/BreathingTiles_mel_paper/KP019_WWS_1_Breathing_23.50s.png,1,1,0.43500072,0.5649993,46
/Users/yunhwang/Desktop/Stethoscope_Project/Development/9.2) Reference/BreathingTiles_mel_paper/KP003_WWS_1_NonBreathing_25.50s.png,0,0,0.7418848,0.25811523,46
/Users/yunhwang/Desktop/Stethoscope_Project/Development/9.2) Reference/BreathingTiles_mel_paper/KP014_WWS_NonBreathing_13.00s.png,0,0,0.78608906,0.21391088,46
/Users/yunhwang/Desktop/Stethoscope_Project/Development/9.2) Reference/BreathingTiles_mel_paper/KP017_WWS_2_NonBreathing_7.00s.png,0,0,0.71976364,0.28023633,46
/Users/yunhwang/Desktop/Stethoscope_Project/Development/9.2) Reference/BreathingTiles_mel_paper/H003_Breathing_9.50s.png,1,1,0.28063753,0.71936244,46
/Users/yunhwang/Desktop/Stethoscope_Project/Development/9.2) Reference/BreathingTiles_mel_paper/KP009_WWS_NonBreathing_26.50s.png,0,0,0.9126328,0.087367125,46
/Users/yunhwang/Desktop/Stethoscope_Project/Development/9.2) Reference/BreathingTiles_mel_paper/KP015_WWS_NonBreathing_3.50s.png,0,0,0.86910224,0.13089779,46
/Users/yunhwang/Desktop/Stethoscope_Project/Development/9.2) Reference/BreathingTiles_mel_paper/KP006_WWS_NonBreathing_9.50s.png,0,0,0.5102016,0.48979837,46
/Users/yunhwang/Desktop/Stethoscope_Project/Development/9.2) Reference/BreathingTiles_mel_paper/KP016_WWS_NonBreathing_24.50s.png,0,0,0.9027882,0.09721177,46
/Users/yunhwang/Desktop/Stethoscope_Project/Development/9.2) Reference/BreathingTiles_mel_paper/H003_NonBreathing_3.00s.png,0,0,0.513836,0.48616397,46
/Users/yunhwang/Desktop/Stethoscope_Project/Development/9.2) Reference/BreathingTiles_mel_paper/H001_NonBreathing_25.00s.png,0,0,0.8778448,0.12215511,46
/Users/yunhwang/Desktop/Stethoscope_Project/Development/9.2) Reference/BreathingTiles_mel_paper/KP019_WWS_2_NonBreathing_6.00s.png,0,0,0.69901955,0.3009804,46
/Users/yunhwang/Desktop/Stethoscope_Project/Development/9.2) Reference/BreathingTiles_mel_paper/KP008_WWS_Breathing_20.50s.png,1,1,0.07473146,0.9252686,46
/Users/yunhwang/Desktop/Stethoscope_Project/Development/9.2) Reference/BreathingTiles_mel_paper/KP019_WWS_2_NonBreathing_10.00s.png,0,1,0.31154257,0.68845737,46
/Users/yunhwang/Desktop/Stethoscope_Project/Development/9.2) Reference/BreathingTiles_mel_paper/KP006_WWS_NonBreathing_10.50s.png,0,1,0.49658406,0.50341594,46
/Users/yunhwang/Desktop/Stethoscope_Project/Development/9.2) Reference/BreathingTiles_mel_paper/KP006_WWS_NonBreathing_16.00s.png,0,0,0.828886,0.17111397,46
/Users/yunhwang/Desktop/Stethoscope_Project/Development/9.2) Reference/BreathingTiles_mel_paper/KP013_WWS_Breathing_12.50s.png,1,1,0.051941633,0.94805837,46
/Users/yunhwang/Desktop/Stethoscope_Project/Development/9.2) Reference/BreathingTiles_mel_paper/KP014_WWS_NonBreathing_18.50s.png,0,1,0.41473952,0.58526045,46
/Users/yunhwang/Desktop/Stethoscope_Project/Development/9.2) Reference/BreathingTiles_mel_paper/KP001_WWS_Breathing_21.00s.png,1,0,0.58320564,0.41679433,46
/Users/yunhwang/Desktop/Stethoscope_Project/Development/9.2) Reference/BreathingTiles_mel_paper/KP017_WWS_2_NonBreathing_26.50s.png,0,0,0.79571915,0.20428091,46
/Users/yunhwang/Desktop/Stethoscope_Project/Development/9.2) Reference/BreathingTiles_mel_paper/KP019_WWS_1_NonBreathing_12.00s.png,0,0,0.75674844,0.24325153,46
