file_path,filename,logmel_0,logmel_1,logmel_2,logmel_3,logmel_4,logmel_5,logmel_6,logmel_7,logmel_8,logmel_9,logmel_10,logmel_11,logmel_12,logmel_13,logmel_14,logmel_15,logmel_16,logmel_17,logmel_18,logmel_19,logmel_20,logmel_21,logmel_22,logmel_23,logmel_24,logmel_25,logmel_26,logmel_27,logmel_28,logmel_29,logmel_30,logmel_31,logmel_32,logmel_33,logmel_34,logmel_35,logmel_36,logmel_37,logmel_38,logmel_39,logmel_40,logmel_41,logmel_42,logmel_43,logmel_44,logmel_45,logmel_46,logmel_47,logmel_48,logmel_49,logmel_50,logmel_51,logmel_52,logmel_53,logmel_54,logmel_55,logmel_56,logmel_57,logmel_58,logmel_59,logmel_60,logmel_61,logmel_62,logmel_63
/Users/yunhwang/Desktop/Stethoscope_Project/Audio shared/ML test sound list/RAW sound_ML test sound list/KP001_WWS.wav,KP001_WWS.wav,-51.88686284420792,-38.936283707486396,-36.34536578780834,-38.957180481538295,-40.976622538749304,-44.831135887310495,-49.516150060347705,-53.52102413142866,-56.9935217173433,-59.20940660440628,-61.36108315404602,-62.87794644538036,-63.892861910239596,-65.1920763196234,-66.62729925731685,-67.97083315986988,-69.72035082414003,-71.08215275301266,-72.24882657138603,-72.92531809255026,-73.63867066459102,-74.07869336293216,-74.3822011185796,-74.45106442184033,-74.64980523192818,-75.15825293883383,-75.5529918424471,-75.74133890296704,-75.98539931858753,-76.14329177663805,-76.55108736242306,-77.05984622528061,-77.49898943316087,-77.9075724108739,-79.2614528051291,-80.0,-80.0,-80.0,-80.0,-80.0,-80.0,-80.0,-80.0,-80.0,-80.0,-80.0,-80.0,-80.0,-80.0,-80.0,-80.0,-80.0,-80.0,-80.0,-80.0,-80.0,-80.0,-80.0,-80.0,-80.0,-80.0,-80.0,-80.0,-80.0
/Users/yunhwang/Desktop/Stethoscope_Project/Audio shared/ML test sound list/RAW sound_ML test sound list/KP011_WWS.wav,KP011_WWS.wav,-38.6638384785965,-26.91037646293809,-25.92311628165591,-27.419897531297202,-29.462495094839102,-30.922576524155374,-33.707979547761234,-36.045877488307944,-37.45673381816936,-38.5535319806206,-39.58136510318774,-41.15124883702541,-42.3091019672571,-42.7901959617942,-43.37013072527642,-44.395682052062206,-45.45082203817656,-46.709267708118524,-47.907627484637814,-49.079947377137074,-50.1417186717362,-51.02699635548426,-51.94252789429264,-52.67849192316484,-53.606631914538625,-54.23558380695997,-54.8900307902459,-55.71980748587809,-56.425394523336635,-57.231693632411684,-58.58343179597209,-59.48940284292756,-60.939036145176885,-62.633249405921546,-67.46629853908519,-78.44829027995121,-79.9579764247948,-79.9642776493348,-79.97032181072059,-79.97639947738647,-79.98239241646937,-79.98639598625331,-79.98967727251858,-79.99241570727871,-79.99320043708211,-79.99378581251865,-79.99416495516498,-79.99453631314987,-79.99490224782663,-79.99526081510972,-79.99560567461954,-79.9959459190126,-79.9962723481675,-79.99658546789459,-79.99688723896813,-79.99717195441555,-79.99743974965897,-79.99768876224874,-79.99791606561396,-79.99811820964085,-79.9982948124505,-79.9984384652987,-79.99854895038389,-79.9986181804465
/Users/yunhwang/Desktop/Stethoscope_Project/Audio shared/ML test sound list/RAW sound_ML test sound list/WEBSS-005 TP6_seg-1.wav,WEBSS-005 TP6_seg-1.wav,-40.392891701335714,-26.738061122479788,-23.767231888589293,-21.866345610885077,-23.140116507502906,-28.632872596257783,-30.726745098703002,-32.195446925889,-33.570533764641304,-36.17500198035864,-37.66791021302611,-38.05729112986145,-38.605806505832014,-40.921582007603256,-44.01047008870975,-47.12718614650749,-49.29278107903603,-50.745289101269385,-52.41302968783701,-53.799881163775225,-54.983279234717884,-56.036179037948926,-56.536813561192034,-57.411886838194114,-58.02595989811065,-58.622627326030496,-58.877138528823984,-59.82946837199974,-61.55802199800055,-63.79012842783405,-65.75008544230282,-67.46258157016942,-68.70202084220605,-70.1392999933499,-74.36475839129854,-79.85018755242281,-79.90439918078692,-79.9107375384012,-79.91695341914459,-79.92319136435329,-79.92927928021601,-79.93444908886717,-79.93767397216959,-79.94074098237176,-79.94244093339206,-79.94322264372477,-79.9439886393782,-79.94473886959265,-79.94547789474146,-79.94620174247359,-79.9468976941693,-79.94758392569906,-79.9482420374797,-79.94887305624309,-79.9494809191319,-79.95005422956761,-79.95059327824109,-79.95109435583977,-79.95155162232881,-79.95195818700635,-79.95231328917794,-79.95260210800618,-79.9528241955083,-79.95296335271914
/Users/yunhwang/Desktop/Stethoscope_Project/Audio shared/ML test sound list/RAW sound_ML test sound list/KP008_WWS.wav,KP008_WWS.wav,-41.473967381398644,-26.64081285197854,-23.527896581837567,-25.446793818765574,-30.804227821655303,-36.37671280502275,-40.524488324432,-43.81093456750472,-47.19926237312411,-48.824146863081815,-49.84744831367986,-50.663458946214895,-51.42260739434141,-52.59475855249981,-53.7265461291156,-54.31341394558164,-56.13855186199055,-57.691006144087865,-59.12518734084429,-59.948510962070294,-60.3492397709825,-61.18891013098942,-62.26339399551498,-62.50527178534086,-63.21894207614565,-63.62033429686686,-63.882855873234924,-64.35090295188661,-64.56684252272606,-64.364032081816,-64.05564599042084,-64.27534755751373,-64.73541670596981,-64.76250603867817,-69.54244421887248,-79.93066358990359,-79.94789136283558,-79.95434140607681,-79.96090705879469,-79.96616636518327,-79.97007070264121,-79.97246923569713,-79.9732633244119,-79.974048263854,-79.97482734032512,-79.97559800783817,-79.97635422107557,-79.97709575929473,-79.97782704815063,-79.97854400518091,-79.97923380909651,-79.97991455683886,-79.9805677828586,-79.9811944509836,-79.98179844977042,-79.98236834134187,-79.98290437988065,-79.98340282779337,-79.98385782252228,-79.98426245645669,-79.98461595950819,-79.98490350835199,-79.98512466130545,-79.98526323682651
/Users/yunhwang/Desktop/Stethoscope_Project/Audio shared/ML test sound list/RAW sound_ML test sound list/KP009_WWS.wav,KP009_WWS.wav,-42.17658207426613,-30.89765969422301,-28.675540499835403,-31.386504472074034,-34.05148865366328,-36.2827668731565,-37.809474341255786,-39.3535606459244,-40.64029142859867,-41.80793073697971,-42.477423216388424,-43.5994246793068,-44.33327640109075,-45.344742951660876,-46.554450275850336,-46.904115176606574,-46.91335470823647,-48.582081875143764,-49.951245760803126,-51.57845902189992,-52.87423654374583,-54.109959072826456,-55.55469462235505,-56.01333168403787,-56.079309856797465,-56.44351135410907,-57.19944606876865,-57.8598448142133,-58.460195283291945,-58.78195964217907,-59.27397009104224,-60.61453257083256,-61.86596065314734,-62.625347649048216,-68.30554665197423,-79.15375309006575,-79.97746569366028,-79.98254079175776,-79.98759518306225,-79.99274590309449,-79.9957861527405,-79.99831706787157,-80.0,-80.0,-80.0,-80.0,-80.0,-80.0,-80.0,-80.0,-80.0,-80.0,-80.0,-80.0,-80.0,-80.0,-80.0,-80.0,-80.0,-80.0,-80.0,-80.0,-80.0,-80.0
/Users/yunhwang/Desktop/Stethoscope_Project/Audio shared/ML test sound list/RAW sound_ML test sound list/KP010_WWS.wav,KP010_WWS.wav,-36.35786322074498,-22.496850778095194,-20.703146209071573,-23.51794505310552,-27.151181433754292,-31.151989465034557,-34.4284469259181,-36.12334909583454,-37.642860767984544,-39.023864803187664,-40.08156033472559,-41.13277110329605,-42.2348239427859,-43.12045026681382,-43.99646403051034,-44.89376235838794,-45.38188423392086,-46.714758845937475,-48.1034958325295,-48.94107898071114,-50.02039363086163,-50.829339196433075,-51.65191564728752,-52.26163742610627,-52.94918028228207,-53.81216924152978,-54.596592971119875,-55.45391263123174,-55.86633581664441,-56.41594837472519,-57.24701008360643,-58.31209997385378,-59.734309128149064,-61.01665049692209,-65.47082456299158,-79.55856240002626,-79.92433210889337,-79.93075217304445,-79.93701419689782,-79.9433118499846,-79.94948744126417,-79.95552679085391,-79.96133951999998,-79.96687600107573,-79.97209865905968,-79.9758354712099,-79.97846147154365,-79.98085816959814,-79.98302507801112,-79.98425469346337,-79.98498075229966,-79.98569405103369,-79.98637645813514,-79.98702925927411,-79.98765658952162,-79.98824722323631,-79.98880160281917,-79.98931613539797,-79.9897850726562,-79.9902015910038,-79.99056496171704,-79.99086036319126,-79.99108730377523,-79.99122948557915
/Users/yunhwang/Desktop/Stethoscope_Project/Audio shared/ML test sound list/RAW sound_ML test sound list/H004.wav,H004.wav,-26.997472780794514,-16.005839149532335,-15.827872580183683,-18.931642622397515,-22.204001720828195,-24.767546614885116,-27.815748970963195,-31.261206109121247,-34.63592245826773,-37.04154318987657,-38.225628943121194,-39.64650469213663,-41.13715489248333,-42.150709547417875,-42.632839952263154,-43.91701249552462,-44.67414112054989,-45.436890588047234,-45.7715011100626,-46.61276022148484,-48.04724916941931,-49.39011866245522,-50.26954331675081,-50.447330396326755,-51.055667277177896,-50.7204340087618,-51.16960016638711,-52.43169612902298,-52.997668344986366,-53.60914284788004,-53.97811066261399,-54.253857447052674,-54.873530247001135,-55.68056467577684,-59.625565991981986,-77.55357132243888,-79.9258198930357,-79.93262931039082,-79.93895979508525,-79.94520662605274,-79.95129628355971,-79.95726250859902,-79.96304887790019,-79.96863276021769,-79.97196382892835,-79.97493104970842,-79.97774476754984,-79.97872263126078,-79.97948711946736,-79.98023238782312,-79.98094651111202,-79.98164823613821,-79.98231960894906,-79.9829620234995,-79.98357969178002,-79.98416143886205,-79.98470773360751,-79.98521500604691,-79.98567752443554,-79.98608848126227,-79.98644717230775,-79.98673881016354,-79.98696295471389,-79.98710338490535
/Users/yunhwang/Desktop/Stethoscope_Project/Audio shared/ML test sound list/RAW sound_ML test sound list/WEBSS-007 TP4_seg-1.wav,WEBSS-007 TP4_seg-1.wav,-52.56873813316998,-39.347462993031805,-35.87333349982596,-39.25113371472537,-43.31177831690186,-47.00744160676279,-51.14843491797379,-53.71287299251514,-54.82652224838208,-55.34855387196105,-56.80231115356171,-58.89265585695477,-59.96497819791185,-60.93531567641542,-61.19190284985043,-61.43292546079218,-61.47921833191037,-61.9245400903166,-62.45536467900812,-64.93074923870026,-65.84838653026789,-66.53347027687646,-67.59702347964367,-69.2076651045978,-70.02625574948408,-70.66806073391848,-71.49863999733289,-72.78372918660276,-73.20965903891108,-72.57224711812384,-72.03402289982685,-73.10280099830764,-73.92474969654516,-74.46784608100238,-76.63252485360958,-79.92854372947836,-80.0,-80.0,-80.0,-80.0,-80.0,-80.0,-80.0,-80.0,-80.0,-80.0,-80.0,-80.0,-80.0,-80.0,-80.0,-80.0,-80.0,-80.0,-80.0,-80.0,-80.0,-80.0,-80.0,-80.0,-80.0,-80.0,-80.0,-80.0
/Users/yunhwang/Desktop/Stethoscope_Project/Audio shared/ML test sound list/RAW sound_ML test sound list/KP003_WWS_2.wav,KP003_WWS_2.wav,-45.26557199678132,-33.65912953329869,-31.62080533179688,-34.47629668210912,-39.459470803187166,-43.06593539738645,-45.09879073395144,-46.47642673865407,-47.46144180450302,-48.98023935581918,-49.98476906860617,-50.594598151160035,-51.040536390612175,-52.97184007290247,-54.487393577683925,-54.608718409102224,-55.01865025042601,-55.29366199679801,-55.727158360485554,-56.121614692593425,-57.628446179220894,-59.760155249311055,-60.86936904435695,-61.49793444727329,-62.10702114186783,-62.41422290266984,-62.50081859970347,-62.72253401398804,-62.52098416247203,-62.466905109118166,-62.64667814776021,-62.638037972561655,-63.030984724146826,-63.75007858344645,-67.86885930382783,-78.98667604484886,-79.90835217556744,-79.91597618293125,-79.92347961752574,-79.93112492899259,-79.93882092923253,-79.94661941915125,-79.9544936541974,-79.96246697873735,-79.97016881009253,-79.97802888620225,-79.98619109800899,-79.99188757458317,-79.99577294773397,-79.99617730312895,-79.99656278586302,-79.99693909216302,-79.99729751337811,-79.99763901179074,-79.99796590018492,-79.9982727722618,-79.99856002288728,-79.99882599221125,-79.99906791460167,-79.99928246145531,-79.99946932176181,-79.99962111119176,-79.99973757833847,-79.99981052948924
/Users/yunhwang/Desktop/Stethoscope_Project/Audio shared/ML test sound list/RAW sound_ML test sound list/KP002_WWS.wav,KP002_WWS.wav,-46.076131596395804,-33.77532854289056,-33.8942389586404,-36.33907336893984,-38.88863316238825,-42.04177127846442,-44.126228879509085,-46.1474778797025,-45.80948039181419,-47.94626568406387,-50.74777051829916,-52.92263430131307,-52.5114945815502,-53.95767063788251,-46.245697442940696,-46.09042082051709,-56.65191189883289,-57.730420876127276,-57.83427520869968,-58.644986632073845,-59.60325237301967,-61.27664779734842,-62.492342571321714,-63.740160070168315,-64.12212870311284,-64.31802108232125,-65.1278998806017,-65.95028844079735,-66.27443104818994,-66.58445538524668,-66.74611114425859,-67.85107454811134,-67.81548904153912,-67.99469752485639,-72.97313340117836,-79.92069133806737,-79.94800669587013,-79.95341152113556,-79.95890545164647,-79.96457647159777,-79.97027068172702,-79.97595725074989,-79.9815537860265,-79.98701355622516,-79.99229786811838,-79.99521230254508,-79.99777376427225,-79.99997301675405,-80.0,-80.0,-80.0,-80.0,-80.0,-80.0,-80.0,-80.0,-80.0,-80.0,-80.0,-80.0,-80.0,-80.0,-80.0,-80.0
/Users/yunhwang/Desktop/Stethoscope_Project/Audio shared/ML test sound list/RAW sound_ML test sound list/KP003_WWS_1.wav,KP003_WWS_1.wav,-68.53785459181114,-57.24008629497284,-55.96023814731883,-59.24617156252597,-61.88062426711145,-65.24559037973494,-68.38568456216363,-69.01036313470858,-69.64732610943238,-69.65001773651053,-69.58532695392857,-70.38731812529475,-71.44799762659788,-71.3659219181745,-71.86794261318157,-72.34303555908329,-73.76842410835054,-75.48836762253461,-76.31795729708602,-76.73761312836189,-77.35662067709357,-77.51221829432498,-77.60047167311399,-78.00752288681856,-78.19605470240927,-78.45966187842019,-78.57886823647281,-78.5758236744722,-78.66290432330072,-78.56242417965584,-78.52500119421666,-78.70036674673757,-78.66155603702403,-78.91064395309307,-79.4166415984487,-79.96307776672884,-80.0,-80.0,-80.0,-80.0,-80.0,-80.0,-80.0,-80.0,-80.0,-80.0,-80.0,-80.0,-80.0,-80.0,-80.0,-80.0,-80.0,-80.0,-80.0,-80.0,-80.0,-80.0,-80.0,-80.0,-80.0,-80.0,-80.0,-80.0
/Users/yunhwang/Desktop/Stethoscope_Project/Audio shared/ML test sound list/RAW sound_ML test sound list/H002.wav,H002.wav,-50.74331700504241,-38.12081927631591,-36.7728724650642,-39.97345481273627,-43.78872171831379,-47.83420675439055,-51.40763340106609,-54.18682281105325,-56.346141857750176,-58.14696271768708,-60.049002134608884,-61.49726492903701,-62.658339536067736,-63.37566524355235,-64.43604050867408,-65.3535359384797,-66.30475470370878,-67.24400232211038,-67.74460931830095,-68.17221376662705,-68.74657587615378,-69.27575512412116,-70.03069029670995,-70.77695139287407,-71.3140863765316,-71.62045599091158,-71.90518188987312,-72.05727048356137,-72.00551152806858,-71.89760085241078,-72.03557811231907,-72.23795780748573,-72.63421969974216,-73.04561658666893,-76.50782482647122,-79.92450687110116,-79.98324981110352,-79.98839084580173,-79.99345744690083,-79.9961484016064,-79.9986764198715,-80.0,-80.0,-80.0,-80.0,-80.0,-80.0,-80.0,-80.0,-80.0,-80.0,-80.0,-80.0,-80.0,-80.0,-80.0,-80.0,-80.0,-80.0,-80.0,-80.0,-80.0,-80.0,-80.0
/Users/yunhwang/Desktop/Stethoscope_Project/Audio shared/ML test sound list/RAW sound_ML test sound list/H003.wav,H003.wav,-32.278880208531746,-22.71637376565962,-24.937794994682577,-30.22155269177994,-34.37465722120515,-38.48532340840063,-41.581920756760965,-44.01438662737962,-45.51495466809059,-46.91356908065327,-48.14217048236782,-49.34107604412748,-50.11029481576185,-50.672102097752266,-51.32913485273252,-52.167624550146186,-52.98458967368803,-54.08271020211319,-54.5071307945313,-54.67495482330812,-55.44541953231829,-56.697103499719184,-57.398746154416585,-58.17286727516249,-58.58917438282404,-58.8259578056547,-59.19682834219983,-59.67635416169187,-60.05040871589857,-60.01359404103301,-60.13558355739623,-60.318418805841276,-60.52767524599686,-60.970902210683576,-65.00610770856895,-79.60780646657255,-79.90870873507286,-79.91577977074935,-79.92322036626729,-79.93127251661348,-79.93995138460023,-79.9495592634831,-79.96055594299406,-79.97066327744466,-79.97493296910092,-79.97572999667172,-79.97561219556576,-79.9745675524422,-79.97431005726267,-79.97451434030786,-79.9749785631614,-79.97562392635461,-79.97635723965773,-79.97713709830168,-79.97794085383612,-79.97873183956423,-79.97949700783039,-79.98022165632435,-79.98089110122677,-79.98149130928117,-79.9820178287747,-79.98244652171469,-79.9827764908543,-79.98298332476891
/Users/yunhwang/Desktop/Stethoscope_Project/Audio shared/ML test sound list/RAW sound_ML test sound list/H001.wav,H001.wav,-37.020467596759964,-24.878009590096376,-23.103043570136848,-26.565641596544186,-32.68497310046375,-38.325558795100726,-41.15172784015877,-43.748601880251954,-43.49259865429467,-43.39386466795163,-42.88104738757484,-41.13969570311841,-42.83472274943459,-46.034951527967436,-48.51848126965606,-49.74438863894029,-51.06924267672064,-49.518785758945604,-46.82917854171567,-47.17114380827195,-46.19112791190843,-48.30289486673457,-52.831515342118855,-54.584930469417195,-55.057970805034536,-56.50150656231438,-57.30252148368251,-57.6887665088626,-57.26957068844454,-57.15921334122786,-59.42013945773294,-62.15284115317815,-64.4304589651351,-65.87621758128483,-70.188917396294,-79.92880271892096,-79.96463044688888,-79.97091851256272,-79.97718413771749,-79.982715145813,-79.98631376576311,-79.98967965910487,-79.99046282743004,-79.99123946014862,-79.99201209645318,-79.99277767613566,-79.99352979687919,-79.99393187466796,-79.99429612269104,-79.9946534451581,-79.99499737773468,-79.99533693523966,-79.99566285619083,-79.99597560095219,-79.99627709753987,-79.99656161385103,-79.99682926658919,-79.9970781789473,-79.9973054134178,-79.9975075114332,-79.99768408468276,-79.9978277194691,-79.9979381942771,-79.99800741921443
/Users/yunhwang/Desktop/Stethoscope_Project/Audio shared/ML test sound list/RAW sound_ML test sound list/WEBSS-005 TP1_seg-1.wav,WEBSS-005 TP1_seg-1.wav,-44.30917031609841,-30.75026586583083,-24.145384987861274,-23.97371130480946,-24.971336360236354,-26.238980023847674,-28.726392357676215,-28.66355868049427,-30.00781036250013,-34.69282381226338,-37.943077631387126,-41.064535181588276,-44.353998119002554,-47.97006568421041,-51.43374776826915,-53.266602136518635,-54.22622668868332,-55.56948424334427,-58.48896686392349,-61.27976216190874,-62.092546040508,-63.149596627265254,-63.897296245834035,-64.126862055089,-64.06614539680294,-63.76753338239718,-63.97373475248095,-65.39837279708524,-67.80674916259159,-69.7707438742904,-71.3550650302681,-72.55619332921809,-73.42958197496097,-74.53190093621109,-77.80660451164161,-79.93112828444484,-79.95334356637873,-79.96002861542368,-79.96721737972854,-79.97513907645552,-79.98381427988939,-79.99212688134693,-79.99702851565075,-79.99822573608272,-79.99861208374817,-79.99899459408299,-79.9993258695451,-79.99915002576051,-79.99913858628547,-79.99905800841616,-79.99910380521382,-79.99924304397594,-79.99943681707474,-79.9996643397803,-79.99991260592635,-80.0,-80.0,-80.0,-80.0,-80.0,-80.0,-80.0,-80.0,-80.0
/Users/yunhwang/Desktop/Stethoscope_Project/Audio shared/ML test sound list/RAW sound_ML test sound list/WEBSS-007 TP7_seg-1.wav,WEBSS-007 TP7_seg-1.wav,-52.18206039593904,-38.3477062604105,-34.57738371518292,-37.60617220250997,-41.31522589354014,-43.50831603415089,-47.21527909656139,-51.17640950434579,-53.75631005990551,-54.60109143177868,-55.548825680822716,-57.77236894430343,-59.71772631396355,-59.6477278810985,-59.974058626853974,-59.69301699948144,-58.68950859835333,-58.211956415074745,-61.057317189172906,-62.52393069381888,-62.826661748809876,-64.70307831348667,-65.63130717296247,-66.33004478074358,-68.13037044790829,-68.34945863855015,-68.70533444830083,-69.40029858625522,-70.31094056955365,-71.37634689048961,-71.62182003892336,-72.101519539856,-72.32979824546283,-72.86359207703708,-76.08632758612758,-79.96958156421383,-79.99915605150775,-80.0,-80.0,-80.0,-80.0,-80.0,-80.0,-80.0,-80.0,-80.0,-80.0,-80.0,-80.0,-80.0,-80.0,-80.0,-80.0,-80.0,-80.0,-80.0,-80.0,-80.0,-80.0,-80.0,-80.0,-80.0,-80.0,-80.0
/Users/yunhwang/Desktop/Stethoscope_Project/Audio shared/ML test sound list/RAW sound_ML test sound list/KP006_WWS.wav,KP006_WWS.wav,-37.091159135015275,-27.7682150401632,-28.42971768694489,-32.45250137414356,-33.909080832335476,-34.95602738106521,-37.15346152689721,-38.98003189272197,-40.486024894370836,-41.796488498638304,-42.71099799723339,-43.3026823235074,-44.60541816037125,-44.59672971435471,-45.52617032875915,-46.613870042225216,-46.988770699440266,-48.085388063491386,-50.68724111325849,-51.754423545951575,-52.410374567492575,-53.95110176101169,-55.08767667743678,-56.00673926915662,-55.36907163642909,-56.11670474770852,-57.17471640454441,-57.976570742436174,-58.50710977667729,-58.73533568078922,-58.81190013193984,-59.90233313791595,-60.539032525344155,-61.260113375685194,-66.01572892699156,-79.46223219978428,-79.9507702250731,-79.95569933361192,-79.96085938999016,-79.96623769145691,-79.97163751216378,-79.97676423074499,-79.98168495488548,-79.98644453025781,-79.99102020493503,-79.99449423120043,-79.99654680406186,-79.99846110873175,-80.0,-80.0,-80.0,-80.0,-80.0,-80.0,-80.0,-80.0,-80.0,-80.0,-80.0,-80.0,-80.0,-80.0,-80.0,-80.0
/Users/yunhwang/Desktop/Stethoscope_Project/Audio shared/ML test sound list/RAW sound_ML test sound list/WEBSS-007 TP1_seg-1.wav,WEBSS-007 TP1_seg-1.wav,-53.26634809329154,-38.79228435994086,-34.84834909729504,-35.0790616078562,-37.857110636698955,-41.350178450796356,-45.329869546817875,-48.43868764956618,-50.977684379817305,-53.01680269581792,-54.18526361273224,-55.535286836529224,-57.64865837653826,-59.735218123332665,-60.46819849880004,-60.82448307280341,-59.30911070270844,-58.47176227612906,-59.79396898317106,-61.58204934457826,-62.52571777728292,-63.036003346116246,-62.5304080627922,-62.205307247572904,-62.83678538951063,-61.66013168242154,-61.060801804710955,-60.359258695229634,-61.312054462773816,-63.40584140314604,-65.40481841551657,-66.93652877114816,-68.01279916025733,-68.07144342411901,-70.82698929511561,-79.92897835336416,-79.98020186889107,-79.98670209151453,-79.99365623036113,-79.9974687238625,-80.0,-80.0,-80.0,-80.0,-80.0,-80.0,-80.0,-80.0,-80.0,-80.0,-80.0,-80.0,-80.0,-80.0,-80.0,-80.0,-80.0,-80.0,-80.0,-80.0,-80.0,-80.0,-80.0,-80.0
/Users/yunhwang/Desktop/Stethoscope_Project/Audio shared/ML test sound list/RAW sound_ML test sound list/WEBSS-003 TP1_seg-1.wav,WEBSS-003 TP1_seg-1.wav,-40.657317296304704,-27.91583938298057,-25.64822659181512,-29.599570077801808,-33.568344679052295,-36.28399668851765,-37.160381928335184,-37.4694636288959,-39.55740400909391,-41.55181873854512,-42.854696326674144,-43.42260507167235,-44.02981300138431,-45.288522930102246,-45.87380118619639,-45.6230095266628,-45.95835242966515,-46.7078563101055,-47.14360722118104,-47.684722738786604,-47.663757666386246,-48.1666978251538,-49.00758440915416,-50.31833055127415,-52.275420433091526,-53.835577971968306,-55.32841617304356,-56.15020582430816,-56.16401700392828,-56.662049215920675,-57.46031359220123,-58.41546149093691,-60.08679417018129,-61.31569337663915,-65.24456161802424,-79.45310242654607,-79.957684214358,-79.96411605828202,-79.97024799897353,-79.97633493589078,-79.98224081160032,-79.98568516883358,-79.98880000891972,-79.99128017240572,-79.99204135511873,-79.99279486294597,-79.99353496910224,-79.99392888594853,-79.99428763101947,-79.99463981560545,-79.99497899851339,-79.9953141958538,-79.99563614225653,-79.99594528176833,-79.99624352759118,-79.99652513168297,-79.99679019402284,-79.99703682410845,-79.9972620731451,-79.9974624741101,-79.99763763528695,-79.9977801445612,-79.99788978888552,-79.99795849596418
/Users/yunhwang/Desktop/Stethoscope_Project/Audio shared/ML test sound list/RAW sound_ML test sound list/KP012_WWS_2.wav,KP012_WWS_2.wav,-32.378508121416495,-22.581619855707004,-23.17583249726819,-27.644355533633952,-32.32115424366994,-36.20569486845249,-37.94229269685356,-40.514802144498745,-42.94135567690588,-44.05631746009298,-44.78118880424857,-45.56691408767602,-46.76521804774739,-47.93489039882269,-48.86349249934748,-50.146509984885036,-52.234628877367676,-53.858575392955174,-55.31455170335576,-56.37517014932041,-57.12970476545758,-58.39085981363883,-59.42409751228081,-59.95210281886165,-60.559982218392214,-60.99183633284256,-61.2019791678589,-61.245244788121326,-60.546808102099725,-59.80439461557088,-61.02991637783135,-62.12009959634726,-62.09331968220812,-61.69500667490877,-67.6933834545942,-79.44828418892835,-79.94933692766519,-79.95450021652722,-79.95999589204224,-79.96579970594627,-79.97172827913018,-79.97774554375117,-79.98377474433795,-79.98978371618057,-79.99424964240153,-79.99738347865511,-79.99984737063663,-80.0,-80.0,-80.0,-80.0,-80.0,-80.0,-80.0,-80.0,-80.0,-80.0,-80.0,-80.0,-80.0,-80.0,-80.0,-80.0,-80.0
/Users/yunhwang/Desktop/Stethoscope_Project/Audio shared/ML test sound list/RAW sound_ML test sound list/KP007_WWS.wav,KP007_WWS.wav,-39.73215347553914,-28.2716943492507,-27.87273314280942,-30.812396167770473,-33.71040221665943,-37.29224973535547,-39.78002894345909,-41.69737744923919,-43.432438005975854,-43.89163101472028,-44.372124871932236,-44.63196621859327,-45.07692765758965,-45.7030304190754,-46.42149119946561,-47.15254318264384,-49.72851155533273,-51.872554005250066,-53.904200762777634,-55.42205984831506,-56.64859556890641,-58.06193358650359,-58.8962286001504,-59.20099166032243,-59.67675870821258,-59.97695689322859,-59.98248872718474,-59.62746759256132,-58.88614386149145,-58.21257827258273,-58.756666910300204,-59.45020581419629,-59.626517024700185,-60.29486081744353,-65.35759877946869,-77.8276234732342,-79.92456653814888,-79.93057398979984,-79.93690260397229,-79.94373632906368,-79.95108575226442,-79.95911695068094,-79.96807381917031,-79.97838566527241,-79.99004608348027,-79.99530831379964,-79.99389078930807,-79.99022090076613,-79.98759496340068,-79.98611060295397,-79.98534567766316,-79.98505894775768,-79.98506913721529,-79.98527061514162,-79.9855965219586,-79.9859868983437,-79.98640844417262,-79.98683444437958,-79.98724363026693,-79.98761958279547,-79.98795498584828,-79.9882295315024,-79.98844148362248,-79.98857448797679
/Users/yunhwang/Desktop/Stethoscope_Project/Audio shared/ML test sound list/RAW sound_ML test sound list/WEBSS-002 TP 3_seg-1.wav,WEBSS-002 TP 3_seg-1.wav,-36.33621798865118,-25.842971297750584,-25.95544790615498,-30.007531536983436,-32.860557575536696,-34.7068617267155,-36.57752712643635,-39.68958915461705,-42.42104479717965,-44.2790428732409,-46.750779933205315,-49.39571354800321,-51.13158929407246,-52.003046832125335,-52.759023112748885,-53.03043920763281,-53.14646560316681,-52.69308966135117,-52.12898399301315,-51.76222945630694,-51.353379089309136,-51.007174659521766,-50.839859481390995,-50.156506515622254,-49.97467691867054,-50.29382443576567,-50.92383670287757,-51.672344598980736,-52.08547275155934,-53.3945033329461,-55.94882981713301,-59.49888256351943,-61.94334675054448,-64.06164901114488,-68.56207218274076,-79.88080122378018,-79.95289847962857,-79.95971953930824,-79.96670452198147,-79.97414101594143,-79.98204669059108,-79.99063071964751,-79.9965241557829,-79.99968253201405,-80.0,-80.0,-80.0,-80.0,-80.0,-80.0,-80.0,-80.0,-80.0,-80.0,-80.0,-80.0,-80.0,-80.0,-80.0,-80.0,-80.0,-80.0,-80.0,-80.0
/Users/yunhwang/Desktop/Stethoscope_Project/Audio shared/ML test sound list/RAW sound_ML test sound list/WEBSS-003 TP3 _seg-1.wav,WEBSS-003 TP3 _seg-1.wav,-51.71659984109092,-39.942403138062716,-38.06691655680675,-40.177735102911235,-45.12160392553504,-49.31056965739692,-50.78517158645713,-52.94731265884719,-54.88166040272058,-55.75480356169945,-57.11605617224524,-59.44700851361704,-59.59759860861292,-59.96982067188855,-60.68088318658494,-58.49375703809719,-57.15966280580414,-57.98286410324526,-58.7533184732056,-59.11679458750618,-60.904851381048985,-61.616490076355994,-63.51559798283107,-63.82887179753579,-64.797771222892,-64.16045689427527,-65.82029054561906,-66.38599588816216,-66.99463009790445,-67.5694788725998,-69.33517963167543,-70.66718594718289,-71.90311681451858,-73.52971858156057,-77.92300165259172,-79.9956093876007,-79.99891472545595,-80.0,-80.0,-80.0,-80.0,-80.0,-80.0,-80.0,-80.0,-80.0,-80.0,-80.0,-80.0,-80.0,-80.0,-80.0,-80.0,-80.0,-80.0,-80.0,-80.0,-80.0,-80.0,-80.0,-80.0,-80.0,-80.0,-80.0
/Users/yunhwang/Desktop/Stethoscope_Project/Audio shared/ML test sound list/RAW sound_ML test sound list/KP012_WWS_1.wav,KP012_WWS_1.wav,-34.34158655192715,-23.9363660155935,-23.696751095954816,-28.02666599661648,-33.00728236256013,-36.879990401546294,-38.799645644770216,-41.37469831801709,-43.989515232656785,-45.336993969156644,-46.15655317480268,-46.92785010626791,-48.074091803871674,-49.22042761445485,-50.16373368657539,-50.97399876504488,-52.91812142959512,-54.93530459425577,-56.406224956804,-57.86491830338125,-59.058481612547475,-60.21478855938784,-61.18677287510541,-61.675126111937786,-62.22374695344713,-62.31404843456997,-62.80953057792464,-63.123151721173954,-62.47420692300591,-61.96325578017033,-62.86725894090099,-64.09390954554358,-64.14360153197308,-64.54467957899088,-70.5743938322232,-78.92376532773595,-79.94733936928303,-79.95290641342025,-79.95854565751593,-79.96437887266762,-79.97025988667369,-79.97616336126067,-79.98201248909264,-79.98776777582843,-79.9930401954081,-79.99586947476656,-79.99830538123966,-80.0,-80.0,-80.0,-80.0,-80.0,-80.0,-80.0,-80.0,-80.0,-80.0,-80.0,-80.0,-80.0,-80.0,-80.0,-80.0,-80.0
/Users/yunhwang/Desktop/Stethoscope_Project/Audio shared/ML test sound list/RAW sound_ML test sound list/WEBSS-002 TP 4_seg-1.wav,WEBSS-002 TP 4_seg-1.wav,-31.65307000800901,-21.00693117547792,-21.2804981413678,-25.23600611113902,-27.76479855816477,-29.968370282848912,-32.86484135701726,-36.16108513609801,-38.09680294316834,-40.885089797874926,-43.99523363490868,-46.75317432149835,-49.281928559750106,-50.87968320101097,-52.12547117835548,-53.34504778922867,-54.22415538969702,-54.70043879195757,-54.80336213240015,-55.44469647564002,-55.67060033009729,-55.629279464929205,-55.120733873063195,-53.74929520358189,-52.53412275224424,-51.99844444716585,-51.87157647256966,-52.12371282879437,-53.42580429364283,-55.74263984096857,-58.1493921221068,-60.531086434743074,-62.27405516699943,-63.79779639252371,-68.07569651032726,-79.77358965199228,-79.8674689390785,-79.87463533469493,-79.88220477923956,-79.89045381290717,-79.8994336152799,-79.90950329137,-79.92115239978806,-79.93437523499296,-79.94138323980741,-79.93762787832742,-79.93411532277942,-79.93232349950097,-79.93167108436718,-79.9317185964931,-79.9321806735662,-79.93293496399433,-79.93384281901523,-79.93483818635342,-79.93588396839486,-79.93692875548366,-79.93795293830199,-79.9389286119666,-79.9398258669695,-79.94062745802597,-79.94133009882275,-79.94190277701031,-79.94234376617543,-79.9426202523914
/Users/yunhwang/Desktop/Stethoscope_Project/Audio shared/ML test sound list/RAW sound_ML test sound list/WEBSS-006 TP3_seg-1.wav,WEBSS-006 TP3_seg-1.wav,-41.588208474823865,-31.119705429714404,-29.32370638405588,-32.24533501141467,-35.73787143556343,-38.699385208237636,-41.68848083474912,-44.16527161501653,-45.61485723813072,-46.8164433883158,-47.89966922622504,-49.034484845702444,-50.12813676324138,-50.989993149162174,-52.3138776526213,-54.08169680498559,-56.49036257205207,-58.88380911387733,-60.720890868650315,-61.92326829106208,-63.10411620332926,-64.2799864480777,-65.17713561877581,-66.03139689088081,-66.82857869316516,-67.91610926065209,-68.59666145923379,-69.2224003323737,-70.43140662205214,-71.5005279744813,-72.57609602902433,-73.79749581290679,-74.13582488251366,-74.29657593141918,-77.36689218099467,-79.93462748594972,-79.94187855984704,-79.94841047161218,-79.95510095483836,-79.95958733302132,-79.96361244828296,-79.96503715149551,-79.9658598169459,-79.96666991756017,-79.96747123306629,-79.96826160253802,-79.96903531708871,-79.96979243933671,-79.9705376186716,-79.97126696117176,-79.97196782255493,-79.97265843598571,-79.97332045508662,-79.97395495370417,-79.97456590735383,-79.97514195196374,-79.97568340731969,-79.97618658679903,-79.97664566847827,-79.97705377534943,-79.97741015441376,-79.9776999870449,-79.9779228204003,-79.97806244177569
/Users/yunhwang/Desktop/Stethoscope_Project/Audio shared/ML test sound list/RAW sound_ML test sound list/KP005_WWS.wav,KP005_WWS.wav,-29.711673849575774,-17.799328748475503,-15.463937843260263,-16.9380192168128,-18.711230511462205,-21.94359734028656,-24.49729808283792,-26.696497550190482,-29.200052413897236,-29.829363036533234,-29.669489301001892,-30.840114606662894,-32.05575305337482,-32.997773085194794,-33.93714695322655,-35.42627136883592,-37.782589179588754,-39.968009182820836,-41.73986382893266,-42.72051228734892,-43.795581192471154,-44.849889069388915,-45.530110787060735,-45.972061404562815,-46.14894249846582,-46.29039285269011,-46.293348575730555,-46.05584510570862,-45.32902299307582,-44.658512306365914,-45.67239765206572,-46.35056842653578,-46.56198829457788,-46.918576070809124,-51.153626745489994,-69.12184750514504,-79.94892908230354,-79.95787309810692,-79.96299728285172,-79.9678314755528,-79.97262872580244,-79.97734482050653,-79.98191055486862,-79.9862891303417,-79.99045260070399,-79.99398109582245,-79.99578909017877,-79.99743896850846,-79.99891881098384,-80.0,-80.0,-80.0,-80.0,-80.0,-80.0,-80.0,-80.0,-80.0,-80.0,-80.0,-80.0,-80.0,-80.0,-80.0
/Users/yunhwang/Desktop/Stethoscope_Project/Audio shared/ML test sound list/RAW sound_ML test sound list/KP004_WWS.wav,KP004_WWS.wav,-35.13138442289916,-24.795221512758392,-24.543134531155538,-28.976409251951555,-31.514128624636463,-33.409082704565314,-35.955956530768105,-38.602651300850766,-40.346792957642386,-41.65955431698212,-42.75041050814335,-43.89344683079843,-44.72263821286903,-45.022859006815054,-44.941386659879505,-45.82987583892444,-46.793981416677475,-48.10658503727518,-49.31460989399588,-50.280337498517476,-51.0787418169592,-52.24892245578321,-53.436491411123534,-54.14473179863969,-54.36229222010764,-54.810754010401524,-55.22961349807016,-55.49544811331377,-55.50529554553822,-55.42201540186331,-55.31244984727211,-56.477870644916514,-57.288705828529,-58.66021808705029,-63.076928835232266,-78.522812900316,-79.93136225828933,-79.9374005549505,-79.94330945757295,-79.94930928609176,-79.95525252352995,-79.9611342897393,-79.96687450076337,-79.97243319680035,-79.977275665127,-79.9802039200159,-79.98297488569641,-79.98543806659066,-79.98617383139069,-79.98689527310833,-79.98758946607613,-79.9882744314598,-79.98893164929328,-79.9895620546363,-79.99016951444763,-79.9907425775145,-79.9912814920957,-79.9917825158652,-79.99223978275654,-79.99264638161522,-79.99300153543135,-79.99329041019726,-79.99351254724517,-79.99362340427224
/Users/yunhwang/Desktop/Stethoscope_Project/Audio shared/ML test sound list/RAW sound_ML test sound list/WEBSS-006 TP8_seg-1.wav,WEBSS-006 TP8_seg-1.wav,-40.101880162215316,-28.397770754379486,-26.9292506535405,-30.953252150311876,-34.492399556968316,-36.78858998469585,-39.496431948920204,-41.454515976355395,-42.59237654565625,-43.59864581193966,-44.85237878701614,-46.226523659738234,-47.411928428756006,-48.49152283617913,-49.698808072443086,-51.300236544403816,-52.81588996067116,-53.70830474835251,-54.93886309717239,-57.89971959153706,-59.92392226447387,-61.08255470429019,-62.34818366128612,-63.51383457501244,-64.89887726528558,-65.94217994065504,-67.10139799223796,-68.09400169972504,-69.12348400551733,-70.55609322500219,-71.89818894835318,-73.30764248267066,-74.54702142684553,-75.70839823756927,-78.4447134043039,-79.85156096769758,-79.99101484923408,-79.99454926041446,-79.99683707387001,-79.99923912780805,-80.0,-80.0,-80.0,-80.0,-80.0,-80.0,-80.0,-80.0,-80.0,-80.0,-80.0,-80.0,-80.0,-80.0,-80.0,-80.0,-80.0,-80.0,-80.0,-80.0,-80.0,-80.0,-80.0,-80.0
