file_path,filename,logmel_0,logmel_1,logmel_2,logmel_3,logmel_4,logmel_5,logmel_6,logmel_7,logmel_8,logmel_9,logmel_10,logmel_11,logmel_12,logmel_13,logmel_14,logmel_15,logmel_16,logmel_17,logmel_18,logmel_19,logmel_20,logmel_21,logmel_22,logmel_23,logmel_24,logmel_25,logmel_26,logmel_27,logmel_28,logmel_29,logmel_30,logmel_31,logmel_32,logmel_33,logmel_34,logmel_35,logmel_36,logmel_37,logmel_38,logmel_39,logmel_40,logmel_41,logmel_42,logmel_43,logmel_44,logmel_45,logmel_46,logmel_47,logmel_48,logmel_49,logmel_50,logmel_51,logmel_52,logmel_53,logmel_54,logmel_55,logmel_56,logmel_57,logmel_58,logmel_59,logmel_60,logmel_61,logmel_62,logmel_63
/Users/yunhwang/Desktop/Stethoscope_Project/Audio shared/Hospital sound_raw 60sec/WEBSS007_7/WEBSS-007 TP5_60sec.wav,WEBSS-007 TP5_60sec.wav,-25.463135,-28.183784,-33.006058,-37.90043,-42.11777,-46.659843,-50.63368,-53.39693,-55.120728,-55.6559,-56.900894,-59.57173,-61.446377,-62.327984,-62.847652,-61.854046,-59.495792,-57.644444,-59.155334,-61.4816,-62.894726,-64.43549,-65.98274,-66.35054,-68.08122,-68.614296,-68.9288,-69.53282,-69.5785,-69.878784,-71.1564,-71.0009,-70.7026,-70.36191,-73.315094,-79.94347,-79.98939,-79.990486,-79.99135,-79.99209,-79.99275,-79.99337,-79.993935,-79.99447,-79.99499,-79.995476,-79.99594,-79.99639,-79.9968,-79.99702,-79.997215,-79.9974,-79.99758,-79.997765,-79.99793,-79.998085,-79.99824,-79.99837,-79.99849,-79.998604,-79.998695,-79.998764,-79.99883,-79.99887
/Users/yunhwang/Desktop/Stethoscope_Project/Audio shared/Hospital sound_raw 60sec/WEBSS007_7/WEBSS-007 TP3_60sec.wav,WEBSS-007 TP3_60sec.wav,-13.4167,-15.036023,-18.971682,-22.703138,-26.519,-30.449242,-34.514915,-37.535458,-40.066048,-42.055714,-43.254787,-44.49359,-45.723793,-47.14059,-48.1383,-48.25455,-47.861748,-47.244957,-48.390347,-49.794926,-50.637325,-52.79121,-53.79593,-54.444725,-56.167194,-56.89683,-57.4445,-57.8124,-57.913742,-57.78832,-57.98334,-57.16029,-57.406525,-57.479813,-60.68161,-76.66634,-79.971,-79.97427,-79.97682,-79.97903,-79.980896,-79.98209,-79.98321,-79.98425,-79.985245,-79.986176,-79.987076,-79.987656,-79.98809,-79.9885,-79.98891,-79.98929,-79.989655,-79.990005,-79.99034,-79.99065,-79.99094,-79.99121,-79.991455,-79.99167,-79.99186,-79.99202,-79.992134,-79.9922
/Users/yunhwang/Desktop/Stethoscope_Project/Audio shared/Hospital sound_raw 60sec/WEBSS007_7/WEBSS-007 TP4_60sec.wav,WEBSS-007 TP4_60sec.wav,-25.381197,-27.212923,-29.759449,-33.712227,-36.94313,-40.395874,-43.431644,-45.439217,-46.908195,-47.759895,-49.30662,-51.752583,-53.139244,-54.597572,-55.457924,-55.681194,-55.60778,-55.81286,-56.275562,-58.458622,-59.53864,-60.349182,-61.201702,-62.571136,-63.507603,-64.56737,-65.09897,-66.16031,-66.67933,-66.70046,-66.28917,-67.23027,-67.735985,-68.21538,-71.778915,-79.47358,-79.99473,-79.995834,-79.996704,-79.997116,-79.99745,-79.99775,-79.99804,-79.99831,-79.998566,-79.99882,-79.999054,-79.99927,-79.99949,-79.9997,-79.9999,-80.0,-80.0,-80.0,-80.0,-80.0,-80.0,-80.0,-80.0,-80.0,-80.0,-80.0,-80.0,-80.0
/Users/yunhwang/Desktop/Stethoscope_Project/Audio shared/Hospital sound_raw 60sec/WEBSS007_7/WEBSS-007 TP2_60sec.wav,WEBSS-007 TP2_60sec.wav,-28.696564,-30.094728,-33.972637,-37.205025,-39.934093,-43.050697,-46.02059,-49.22771,-51.16219,-53.170063,-54.071747,-54.96621,-56.31095,-57.295452,-57.60651,-56.44968,-54.64825,-53.911987,-53.786774,-55.484432,-57.46333,-57.636528,-57.844982,-58.016705,-57.346012,-56.35511,-55.765,-55.59976,-57.03398,-58.798904,-60.06657,-61.19427,-61.56903,-63.58115,-68.49341,-79.50705,-79.97866,-79.98149,-79.98368,-79.98519,-79.98653,-79.98774,-79.98886,-79.98991,-79.99089,-79.99181,-79.99269,-79.993515,-79.9943,-79.99504,-79.99575,-79.99642,-79.99692,-79.997215,-79.9975,-79.99775,-79.99799,-79.998215,-79.998405,-79.99858,-79.99873,-79.99885,-79.99895,-79.999
/Users/yunhwang/Desktop/Stethoscope_Project/Audio shared/Hospital sound_raw 60sec/WEBSS007_7/WEBSS-007 TP7_60sec.wav,WEBSS-007 TP7_60sec.wav,-31.408503,-32.994267,-34.6132,-37.753624,-41.427677,-42.834198,-45.3405,-50.03939,-53.32232,-54.210804,-55.31558,-56.32284,-56.351067,-56.3404,-58.42845,-58.612766,-57.288013,-58.136253,-59.073402,-61.26345,-62.442787,-64.43116,-65.26426,-65.66688,-66.50771,-67.15816,-66.37375,-67.49439,-69.27938,-69.9553,-70.342026,-70.12306,-70.402824,-71.483574,-74.63445,-79.91758,-79.99791,-79.99843,-79.99883,-79.99919,-79.99951,-79.9998,-80.0,-80.0,-80.0,-80.0,-80.0,-80.0,-80.0,-80.0,-80.0,-80.0,-80.0,-80.0,-80.0,-80.0,-80.0,-80.0,-80.0,-80.0,-80.0,-80.0,-80.0,-80.0
/Users/yunhwang/Desktop/Stethoscope_Project/Audio shared/Hospital sound_raw 60sec/WEBSS007_7/WEBSS-007 TP1_60sec.wav,WEBSS-007 TP1_60sec.wav,-28.216825,-29.816994,-29.915045,-30.73805,-33.01703,-36.78164,-40.9141,-44.269142,-46.875328,-48.91512,-50.636677,-52.378056,-54.3436,-56.271576,-57.14484,-57.552673,-56.55594,-55.983475,-56.723293,-58.695797,-60.11968,-60.464844,-60.17954,-60.059017,-60.873634,-60.20874,-59.778206,-59.032333,-59.597706,-61.465405,-63.205856,-64.727196,-65.21951,-64.57343,-67.01923,-79.844986,-79.99129,-79.9925,-79.99345,-79.99426,-79.99499,-79.99564,-79.996254,-79.9968,-79.99708,-79.99734,-79.99758,-79.99782,-79.99804,-79.99826,-79.99847,-79.998665,-79.99885,-79.99903,-79.99921,-79.99937,-79.99952,-79.99965,-79.99979,-79.99989,-79.999985,-80.0,-80.0,-80.0
/Users/yunhwang/Desktop/Stethoscope_Project/Audio shared/Hospital sound_raw 60sec/WEBSS007_7/WEBSS-007 TP6_60sec.wav,WEBSS-007 TP6_60sec.wav,-27.22968,-29.06877,-34.29678,-39.659126,-43.165546,-46.947903,-50.1419,-52.270504,-53.786346,-54.45313,-55.587612,-57.42254,-58.637936,-59.85835,-60.471813,-60.01201,-58.76055,-59.04866,-59.144314,-61.62796,-63.567425,-64.44456,-65.303085,-66.373024,-67.04386,-67.22404,-68.86987,-70.3143,-71.10286,-71.86597,-72.19643,-72.1363,-72.19802,-71.87898,-74.6404,-79.940216,-79.998566,-79.99913,-79.999565,-79.99995,-80.0,-80.0,-80.0,-80.0,-80.0,-80.0,-80.0,-80.0,-80.0,-80.0,-80.0,-80.0,-80.0,-80.0,-80.0,-80.0,-80.0,-80.0,-80.0,-80.0,-80.0,-80.0,-80.0,-80.0
/Users/yunhwang/Desktop/Stethoscope_Project/Audio shared/Hospital sound_raw 60sec/WEBSS003_6/WEBSS-003 TP3_60sec.wav,WEBSS-003 TP3_60sec.wav,-46.93404,-42.03261,-39.2765,-41.18346,-45.040783,-46.4474,-48.44782,-50.541695,-51.088795,-51.947643,-53.276985,-54.01609,-54.705032,-55.525352,-56.00853,-55.670494,-55.07142,-54.95119,-55.836926,-56.019154,-56.98305,-58.37559,-59.795677,-60.121067,-61.570736,-61.45674,-62.769577,-63.61064,-64.0886,-64.82964,-66.25433,-67.52215,-68.66249,-69.894264,-73.864876,-79.48874,-79.99302,-79.994354,-79.99535,-79.9962,-79.99686,-79.9972,-79.99752,-79.99781,-79.998085,-79.99835,-79.998604,-79.99883,-79.99907,-79.99928,-79.99949,-79.999695,-79.999886,-80.0,-80.0,-80.0,-80.0,-80.0,-80.0,-80.0,-80.0,-80.0,-80.0,-80.0
/Users/yunhwang/Desktop/Stethoscope_Project/Audio shared/Hospital sound_raw 60sec/WEBSS003_6/WEBSS-003 TP4_60sec.wav,WEBSS-003 TP4_60sec.wav,-18.177197,-23.524042,-27.061632,-29.504856,-33.79265,-37.88627,-40.689835,-42.677933,-44.2082,-44.969654,-46.525562,-47.62761,-48.528927,-49.552673,-50.1109,-50.355827,-50.226513,-50.684017,-51.046776,-51.59813,-53.590225,-54.886566,-55.911682,-57.19448,-58.508514,-59.10984,-60.791634,-62.41319,-63.714825,-64.75561,-65.9867,-67.243904,-68.16248,-69.234566,-73.03656,-79.12029,-79.987526,-79.98863,-79.98949,-79.99025,-79.99091,-79.99154,-79.9921,-79.99265,-79.99317,-79.99367,-79.99413,-79.99458,-79.995026,-79.99545,-79.99585,-79.99624,-79.99661,-79.99687,-79.99703,-79.99719,-79.997345,-79.997475,-79.997604,-79.99771,-79.9978,-79.99789,-79.99794,-79.997986
/Users/yunhwang/Desktop/Stethoscope_Project/Audio shared/Hospital sound_raw 60sec/WEBSS003_6/WEBSS-003 TP2_60sec.wav,WEBSS-003 TP2_60sec.wav,-51.98481,-49.191666,-49.11022,-49.90189,-51.759922,-54.380985,-56.78574,-57.64565,-57.71063,-58.008263,-59.605602,-61.34454,-61.736786,-61.88237,-61.731243,-60.63086,-59.87828,-59.498127,-60.476746,-61.021523,-60.954433,-61.77975,-63.4528,-64.37158,-65.1982,-65.315216,-65.68485,-65.75056,-63.56125,-65.45897,-67.83069,-69.44795,-70.875175,-71.5029,-74.68776,-79.99693,-80.0,-80.0,-80.0,-80.0,-80.0,-80.0,-80.0,-80.0,-80.0,-80.0,-80.0,-80.0,-80.0,-80.0,-80.0,-80.0,-80.0,-80.0,-80.0,-80.0,-80.0,-80.0,-80.0,-80.0,-80.0,-80.0,-80.0,-80.0
/Users/yunhwang/Desktop/Stethoscope_Project/Audio shared/Hospital sound_raw 60sec/WEBSS003_6/WEBSS-003 TP7_60sec.wav,WEBSS-003 TP7_60sec.wav,-14.74207,-18.720354,-24.093082,-28.21489,-31.586878,-33.988068,-36.087948,-37.477512,-37.528202,-37.633194,-39.157124,-41.023808,-42.083397,-42.96077,-43.42943,-43.368828,-42.366367,-42.83088,-43.548588,-44.999535,-46.719948,-47.98811,-48.784523,-49.898262,-51.371258,-52.333504,-53.502453,-54.449326,-55.526333,-56.860317,-58.18983,-59.69539,-60.45306,-61.485664,-65.44591,-79.037994,-79.98578,-79.98712,-79.987915,-79.98861,-79.98923,-79.98981,-79.99036,-79.990875,-79.99136,-79.99184,-79.99229,-79.99273,-79.99316,-79.99355,-79.99394,-79.99433,-79.99469,-79.99503,-79.99536,-79.99567,-79.99595,-79.996216,-79.99647,-79.99669,-79.996826,-79.9969,-79.99696,-79.996994
/Users/yunhwang/Desktop/Stethoscope_Project/Audio shared/Hospital sound_raw 60sec/WEBSS003_6/WEBSS-003 TP1_60sec.wav,WEBSS-003 TP1_60sec.wav,-16.63747,-21.104336,-24.093586,-27.692232,-31.351427,-34.08141,-35.34479,-36.102173,-38.144955,-40.065166,-41.5747,-42.46376,-43.365932,-44.49033,-45.10371,-45.147655,-45.475975,-46.205597,-46.76183,-47.61688,-47.813393,-48.198162,-48.876648,-50.370396,-52.374443,-54.050507,-55.404575,-56.256042,-56.512707,-57.022667,-57.6409,-58.45961,-59.770638,-60.684067,-64.05434,-79.215004,-79.97556,-79.97884,-79.98141,-79.98363,-79.98557,-79.98737,-79.98904,-79.990555,-79.99155,-79.992485,-79.993385,-79.99424,-79.995056,-79.99584,-79.996544,-79.99702,-79.9972,-79.997375,-79.99754,-79.9977,-79.99784,-79.99798,-79.9981,-79.99821,-79.9983,-79.998375,-79.998436,-79.99847
/Users/yunhwang/Desktop/Stethoscope_Project/Audio shared/Hospital sound_raw 60sec/WEBSS003_6/WEBSS-003 TP6_60sec.wav,WEBSS-003 TP6_60sec.wav,-20.33161,-26.2889,-32.315483,-35.52558,-39.607784,-43.066856,-44.65375,-45.941647,-44.661346,-45.1117,-47.245102,-48.822365,-50.366627,-51.53462,-51.566673,-51.7728,-51.367863,-52.34544,-52.106266,-53.133194,-55.071354,-55.900883,-57.08115,-59.10806,-60.534878,-61.11321,-62.544453,-64.017296,-65.12467,-66.109146,-67.16079,-68.86295,-70.26128,-71.4037,-75.2469,-79.97024,-79.98719,-79.98974,-79.991486,-79.993004,-79.99434,-79.99504,-79.99562,-79.99616,-79.99667,-79.99698,-79.99721,-79.99744,-79.99765,-79.99787,-79.99807,-79.99826,-79.99844,-79.99862,-79.99879,-79.99894,-79.999084,-79.99922,-79.99935,-79.99945,-79.99955,-79.999626,-79.99969,-79.999725
/Users/yunhwang/Desktop/Stethoscope_Project/Audio shared/Hospital sound_raw 60sec/WEBSS002_3/WEBSS-002 TP 3_60sec.wav,WEBSS-002 TP 3_60sec.wav,-20.50029,-27.475649,-34.246853,-38.49129,-41.15306,-43.041145,-45.025387,-48.219208,-50.74322,-53.01523,-56.033657,-58.966976,-60.93293,-61.9508,-62.540436,-62.990845,-63.055363,-62.80328,-62.425552,-62.23388,-61.77602,-61.42816,-61.31943,-60.75663,-60.232517,-59.815655,-60.342056,-61.463314,-62.57721,-64.170074,-66.540054,-69.52609,-71.61184,-73.03331,-76.850266,-79.965324,-79.987526,-79.98856,-79.98939,-79.990105,-79.990746,-79.99134,-79.991905,-79.99243,-79.99293,-79.99341,-79.99388,-79.994316,-79.99475,-79.99516,-79.99555,-79.99593,-79.9963,-79.99665,-79.99689,-79.99703,-79.997185,-79.997314,-79.99744,-79.99755,-79.99764,-79.99772,-79.99778,-79.99782
/Users/yunhwang/Desktop/Stethoscope_Project/Audio shared/Hospital sound_raw 60sec/WEBSS002_3/WEBSS-002 TP 4_60sec.wav,WEBSS-002 TP 4_60sec.wav,-16.705856,-24.588633,-31.882362,-36.301373,-38.41816,-40.49625,-43.552273,-46.647263,-48.888348,-51.660984,-54.9127,-57.756447,-60.09216,-61.820465,-62.873108,-63.89106,-64.8744,-65.47499,-65.72021,-66.23739,-66.31667,-66.347565,-66.09675,-65.04726,-64.03137,-63.41408,-63.12579,-63.81238,-65.11013,-67.63686,-70.047325,-72.0523,-73.42654,-74.28641,-77.64944,-79.99654,-79.99935,-80.0,-80.0,-80.0,-80.0,-80.0,-80.0,-80.0,-80.0,-80.0,-80.0,-80.0,-80.0,-80.0,-80.0,-80.0,-80.0,-80.0,-80.0,-80.0,-80.0,-80.0,-80.0,-80.0,-80.0,-80.0,-80.0,-80.0
/Users/yunhwang/Desktop/Stethoscope_Project/Audio shared/Hospital sound_raw 60sec/WEBSS002_3/WEBSS-002 TP 2_60sec.wav,WEBSS-002 TP 2_60sec.wav,-29.297611,-35.783665,-42.625805,-46.678764,-47.96535,-50.27502,-53.734543,-56.40435,-58.39818,-60.83429,-63.0115,-65.3117,-66.90285,-68.032555,-68.5454,-68.96192,-69.874054,-70.55949,-71.14102,-71.28996,-71.80739,-71.83964,-71.7004,-71.62654,-71.61437,-71.58839,-71.84409,-72.343025,-72.52252,-73.919304,-75.52056,-76.94037,-77.901985,-78.21022,-79.19079,-79.99828,-79.9999,-80.0,-80.0,-80.0,-80.0,-80.0,-80.0,-80.0,-80.0,-80.0,-80.0,-80.0,-80.0,-80.0,-80.0,-80.0,-80.0,-80.0,-80.0,-80.0,-80.0,-80.0,-80.0,-80.0,-80.0,-80.0,-80.0,-80.0
/Users/yunhwang/Desktop/Stethoscope_Project/Audio shared/Hospital sound_raw 60sec/WEBSS006_12/WEBSS-006 TP6_60sec.wav,WEBSS-006 TP6_60sec.wav,-28.0702,-38.06141,-45.7206,-49.417683,-52.496647,-54.85307,-57.484234,-59.19513,-60.437817,-61.76982,-62.520813,-62.727943,-63.49729,-64.525536,-65.58575,-66.85176,-68.43761,-70.60068,-72.64172,-74.30225,-75.56888,-76.50701,-77.30625,-77.804085,-77.94634,-78.39362,-78.78449,-78.8812,-78.95581,-79.07092,-79.16518,-79.22499,-79.219765,-79.310326,-79.477394,-79.88315,-79.99395,-79.99499,-79.9958,-79.99651,-79.99696,-79.99725,-79.997536,-79.997795,-79.99804,-79.99828,-79.99852,-79.99873,-79.99895,-79.99915,-79.99935,-79.99954,-79.99972,-79.9999,-80.0,-80.0,-80.0,-80.0,-80.0,-80.0,-80.0,-80.0,-80.0,-80.0
/Users/yunhwang/Desktop/Stethoscope_Project/Audio shared/Hospital sound_raw 60sec/WEBSS006_12/WEBSS-006 TP11_60sec.wav,WEBSS-006 TP11_60sec.wav,-15.014979,-26.18782,-34.768734,-39.609276,-43.753826,-46.458313,-48.615715,-50.306946,-51.54921,-52.73401,-54.303104,-55.424934,-56.687725,-58.669685,-60.856483,-62.171494,-62.72614,-63.273815,-64.63354,-67.612274,-69.65536,-71.16064,-72.447044,-72.208015,-72.79636,-75.149704,-76.18158,-76.60809,-76.879005,-77.3857,-77.75974,-78.158676,-78.419174,-78.598274,-79.33672,-79.88944,-79.97072,-79.973946,-79.97563,-79.97711,-79.97841,-79.979614,-79.98056,-79.981094,-79.9816,-79.98209,-79.98256,-79.98301,-79.983444,-79.98386,-79.98425,-79.984634,-79.985,-79.98535,-79.98568,-79.98599,-79.98629,-79.98656,-79.9868,-79.98702,-79.987206,-79.98736,-79.98747,-79.98756
/Users/yunhwang/Desktop/Stethoscope_Project/Audio shared/Hospital sound_raw 60sec/WEBSS006_12/WEBSS-006 TP1_60sec.wav,WEBSS-006 TP1_60sec.wav,-16.380758,-31.376045,-36.92534,-39.28098,-42.11892,-43.86975,-45.680412,-48.17051,-49.767242,-50.238453,-50.73659,-52.388317,-53.643356,-54.6186,-56.044292,-57.932884,-59.9724,-61.783695,-63.374474,-64.69309,-66.1864,-67.26651,-68.34862,-69.348206,-70.38172,-71.14071,-71.96193,-72.77992,-73.539696,-74.27622,-75.17334,-76.01544,-76.45527,-77.03705,-79.097466,-79.9642,-79.97011,-79.9734,-79.97599,-79.97822,-79.980194,-79.98202,-79.983475,-79.98454,-79.985565,-79.986534,-79.98746,-79.98832,-79.989174,-79.98994,-79.99036,-79.99075,-79.991135,-79.991486,-79.99184,-79.99216,-79.992455,-79.99273,-79.99298,-79.9932,-79.99339,-79.99355,-79.99367,-79.993744
/Users/yunhwang/Desktop/Stethoscope_Project/Audio shared/Hospital sound_raw 60sec/WEBSS006_12/WEBSS-006 TP7_60sec.wav,WEBSS-006 TP7_60sec.wav,-27.224367,-36.610775,-41.601112,-44.60794,-47.523804,-49.921936,-52.836014,-55.322628,-56.47339,-57.44734,-58.19029,-59.09092,-60.28206,-61.023975,-62.846157,-64.38326,-66.388664,-69.32994,-71.31669,-73.46762,-75.04489,-76.409035,-77.27983,-77.93592,-78.5939,-78.76461,-79.08396,-78.98719,-79.074104,-79.206856,-79.38619,-79.49657,-79.589066,-79.62813,-79.729225,-79.96919,-79.995895,-79.99689,-79.99733,-79.99771,-79.998055,-79.99837,-79.99865,-79.99893,-79.99919,-79.99945,-79.99969,-79.999916,-80.0,-80.0,-80.0,-80.0,-80.0,-80.0,-80.0,-80.0,-80.0,-80.0,-80.0,-80.0,-80.0,-80.0,-80.0,-80.0
/Users/yunhwang/Desktop/Stethoscope_Project/Audio shared/Hospital sound_raw 60sec/WEBSS006_12/WEBSS-006 TP10_60sec.wav,WEBSS-006 TP10_60sec.wav,-26.995659,-35.895123,-40.78422,-45.051872,-47.948467,-50.707382,-52.268272,-53.718857,-55.586994,-57.240738,-58.861862,-58.809258,-59.49187,-61.492477,-64.23622,-66.56121,-68.58234,-70.389175,-72.54506,-74.518845,-75.97457,-77.00785,-77.57987,-77.98552,-78.39559,-78.78515,-78.90701,-79.00216,-79.09818,-79.245186,-79.33677,-79.455055,-79.526985,-79.55806,-79.70864,-79.95929,-79.99962,-80.0,-80.0,-80.0,-80.0,-80.0,-80.0,-80.0,-80.0,-80.0,-80.0,-80.0,-80.0,-80.0,-80.0,-80.0,-80.0,-80.0,-80.0,-80.0,-80.0,-80.0,-80.0,-80.0,-80.0,-80.0,-80.0,-80.0
/Users/yunhwang/Desktop/Stethoscope_Project/Audio shared/Hospital sound_raw 60sec/WEBSS006_12/WEBSS-006 TP2_60sec.wav,WEBSS-006 TP2_60sec.wav,-17.661991,-24.707098,-28.210875,-32.058235,-35.817574,-38.594036,-40.826336,-42.96291,-44.49209,-45.178185,-46.590885,-48.019352,-49.153133,-50.71846,-52.117306,-54.600147,-57.279106,-59.53906,-61.403194,-63.91122,-66.00501,-67.16516,-68.64261,-69.81864,-70.771706,-71.85743,-72.88836,-73.3723,-74.08834,-74.81873,-75.67832,-76.9947,-77.705025,-78.12605,-79.447815,-79.98174,-79.98872,-79.99134,-79.993385,-79.99517,-79.996216,-79.9971,-79.99792,-79.99869,-79.999405,-79.999855,-80.0,-80.0,-80.0,-80.0,-80.0,-80.0,-80.0,-80.0,-80.0,-80.0,-80.0,-80.0,-80.0,-80.0,-80.0,-80.0,-80.0,-80.0
/Users/yunhwang/Desktop/Stethoscope_Project/Audio shared/Hospital sound_raw 60sec/WEBSS006_12/WEBSS-006 TP4_60sec.wav,WEBSS-006 TP4_60sec.wav,-19.354342,-33.07432,-39.17236,-41.588085,-45.01749,-47.741467,-50.478653,-52.588474,-53.577976,-54.269997,-54.885105,-55.73495,-56.827633,-57.755695,-59.183372,-60.59939,-62.536846,-64.74392,-66.74095,-68.8316,-70.45756,-72.009895,-73.06646,-74.0748,-74.9027,-75.74791,-76.41848,-77.07241,-77.63088,-78.13352,-78.44516,-78.767715,-78.93055,-79.02385,-79.3704,-79.91152,-79.98165,-79.98377,-79.985435,-79.986885,-79.98817,-79.98935,-79.99045,-79.99148,-79.992455,-79.9933,-79.99396,-79.994576,-79.995186,-79.99574,-79.996284,-79.99681,-79.9973,-79.997765,-79.9982,-79.998604,-79.99898,-79.999115,-79.99924,-79.999344,-79.99944,-79.99951,-79.99957,-79.9996
/Users/yunhwang/Desktop/Stethoscope_Project/Audio shared/Hospital sound_raw 60sec/WEBSS006_12/WEBSS-006 TP9_60sec.wav,WEBSS-006 TP9_60sec.wav,-28.284836,-40.62155,-48.023235,-51.30266,-53.30414,-55.96681,-58.05658,-59.74562,-59.732655,-59.36314,-59.89858,-60.189323,-61.04824,-62.024845,-63.0805,-64.720146,-66.0493,-67.971016,-70.16966,-72.27617,-73.54984,-74.84338,-76.23398,-76.7523,-77.49226,-77.614525,-78.00448,-78.661095,-78.79527,-79.20166,-79.31955,-79.5105,-79.5013,-79.60507,-79.73972,-79.96362,-79.991684,-79.9944,-79.99618,-79.99721,-79.99787,-79.99846,-79.99901,-79.99953,-80.0,-80.0,-80.0,-80.0,-80.0,-80.0,-80.0,-80.0,-80.0,-80.0,-80.0,-80.0,-80.0,-80.0,-80.0,-80.0,-80.0,-80.0,-80.0,-80.0
/Users/yunhwang/Desktop/Stethoscope_Project/Audio shared/Hospital sound_raw 60sec/WEBSS006_12/WEBSS-006 TP3_60sec.wav,WEBSS-006 TP3_60sec.wav,-31.495941,-42.612564,-48.861298,-52.227104,-55.84214,-58.976814,-61.883766,-64.323784,-65.8446,-66.856766,-67.745544,-68.81705,-69.67265,-70.31249,-71.23619,-72.576935,-74.31655,-76.147514,-77.417564,-78.25235,-78.82945,-79.14124,-79.35929,-79.494286,-79.57231,-79.605774,-79.63781,-79.66079,-79.67763,-79.69901,-79.7174,-79.7319,-79.73314,-79.75807,-79.81755,-79.96321,-79.99971,-80.0,-80.0,-80.0,-80.0,-80.0,-80.0,-80.0,-80.0,-80.0,-80.0,-80.0,-80.0,-80.0,-80.0,-80.0,-80.0,-80.0,-80.0,-80.0,-80.0,-80.0,-80.0,-80.0,-80.0,-80.0,-80.0,-80.0
/Users/yunhwang/Desktop/Stethoscope_Project/Audio shared/Hospital sound_raw 60sec/WEBSS006_12/WEBSS-006 TP12_60sec.wav,WEBSS-006 TP12_60sec.wav,-28.691694,-35.971207,-42.698246,-45.60626,-45.936348,-46.314766,-47.582783,-49.5592,-51.71231,-53.784306,-53.60841,-53.79581,-55.651848,-58.31375,-60.49168,-62.138523,-64.89917,-66.718506,-68.59481,-71.49927,-73.00939,-73.90598,-74.58041,-74.92897,-75.457855,-76.09685,-76.65673,-76.91398,-77.10563,-77.33049,-77.68272,-77.84838,-78.05532,-78.23208,-78.787415,-79.88245,-79.99571,-79.997345,-79.99862,-79.99955,-79.999886,-80.0,-80.0,-80.0,-80.0,-80.0,-80.0,-80.0,-80.0,-80.0,-80.0,-80.0,-80.0,-80.0,-80.0,-80.0,-80.0,-80.0,-80.0,-80.0,-80.0,-80.0,-80.0,-80.0
/Users/yunhwang/Desktop/Stethoscope_Project/Audio shared/Hospital sound_raw 60sec/WEBSS006_12/WEBSS-006 TP5_60sec.wav,WEBSS-006 TP5_60sec.wav,-16.47891,-31.030502,-36.882664,-39.045532,-42.246647,-45.219177,-46.62101,-49.29922,-50.915745,-52.558563,-54.32015,-55.454357,-56.51764,-57.684704,-59.06444,-61.20303,-63.12719,-64.856995,-66.36845,-67.91553,-69.09858,-70.31675,-71.63642,-72.46959,-73.40855,-74.161705,-74.90192,-75.74193,-76.443214,-76.95605,-77.63078,-78.10774,-78.488754,-78.879425,-79.62521,-79.98461,-79.98937,-79.99184,-79.99381,-79.9954,-79.996704,-79.99734,-79.99789,-79.99839,-79.99888,-79.99934,-79.99976,-80.0,-80.0,-80.0,-80.0,-80.0,-80.0,-80.0,-80.0,-80.0,-80.0,-80.0,-80.0,-80.0,-80.0,-80.0,-80.0,-80.0
/Users/yunhwang/Desktop/Stethoscope_Project/Audio shared/Hospital sound_raw 60sec/WEBSS006_12/WEBSS-006 TP8_60sec.wav,WEBSS-006 TP8_60sec.wav,-11.528166,-24.372519,-30.061075,-35.007618,-38.790836,-41.33693,-44.11509,-46.028538,-47.287548,-48.115948,-49.26528,-50.720436,-52.05654,-53.13677,-54.334766,-55.74885,-57.185486,-58.183376,-59.01588,-61.858044,-63.5031,-64.54431,-65.588005,-66.66894,-68.08457,-69.02921,-69.900536,-70.74979,-71.76485,-72.930855,-74.05235,-75.00328,-75.76631,-76.2117,-78.773994,-79.933815,-79.98732,-79.98829,-79.98907,-79.98975,-79.990364,-79.99094,-79.99147,-79.99199,-79.99247,-79.99294,-79.99339,-79.99383,-79.994255,-79.99465,-79.99504,-79.99542,-79.99579,-79.99612,-79.99645,-79.99676,-79.99692,-79.997055,-79.99717,-79.99728,-79.99737,-79.997444,-79.9975,-79.997536
/Users/yunhwang/Desktop/Stethoscope_Project/Audio shared/Hospital sound_raw 60sec/WEBSS005_6/WEBSS-005 TP6_60sec.wav,WEBSS-005 TP6_60sec.wav,-16.135166,-21.125395,-22.840845,-22.828016,-24.38478,-29.031218,-30.566406,-32.208862,-33.696476,-36.030075,-37.788,-38.294495,-38.954117,-41.14305,-44.021908,-46.87205,-48.88677,-50.61075,-52.363373,-53.750008,-54.555977,-55.479794,-56.127502,-57.13361,-58.132645,-58.980198,-59.354595,-60.310287,-61.826443,-63.73177,-65.57106,-67.01454,-67.90574,-68.77183,-72.36392,-79.921005,-79.97178,-79.975075,-79.977646,-79.97987,-79.98185,-79.983665,-79.98535,-79.98677,-79.98777,-79.98874,-79.989655,-79.990524,-79.991356,-79.99216,-79.99291,-79.993484,-79.99385,-79.99421,-79.99455,-79.99487,-79.99516,-79.99544,-79.99569,-79.9959,-79.99609,-79.996254,-79.99637,-79.996445
/Users/yunhwang/Desktop/Stethoscope_Project/Audio shared/Hospital sound_raw 60sec/WEBSS005_6/WEBSS-005 TP1_60sec.wav,WEBSS-005 TP1_60sec.wav,-37.277752,-31.33163,-23.66559,-21.189348,-21.440226,-22.103998,-24.383728,-24.47935,-25.935902,-29.747248,-32.527885,-36.34792,-39.872936,-43.27426,-46.729828,-48.91293,-50.0812,-51.490063,-54.606815,-57.042053,-58.360233,-59.805782,-60.45936,-60.910873,-61.32502,-61.22419,-61.81133,-63.831337,-66.80648,-69.778175,-72.95648,-76.35849,-79.28758,-79.931816,-79.96786,-79.97848,-79.98116,-79.982666,-79.98316,-79.98366,-79.98414,-79.98461,-79.98508,-79.98553,-79.985954,-79.98639,-79.98681,-79.987206,-79.98761,-79.98799,-79.98836,-79.98872,-79.989075,-79.989395,-79.989716,-79.99001,-79.99029,-79.990555,-79.99079,-79.991005,-79.99119,-79.99133,-79.99145,-79.99152
/Users/yunhwang/Desktop/Stethoscope_Project/Audio shared/Hospital sound_raw 60sec/WEBSS005_6/WEBSS-005 TP4_60sec.wav,WEBSS-005 TP4_60sec.wav,-22.584396,-26.858826,-27.837687,-30.325705,-32.39949,-33.646564,-35.328884,-37.619987,-39.385555,-40.62196,-41.404114,-42.869186,-45.25913,-48.202316,-51.021862,-53.575108,-56.405254,-58.79585,-60.94677,-62.904385,-64.37597,-65.846725,-67.182144,-68.55815,-69.928085,-71.33821,-72.59447,-73.690506,-74.659515,-75.58378,-76.50971,-77.156586,-77.75405,-78.16958,-79.38999,-79.974815,-79.98274,-79.98593,-79.988434,-79.99061,-79.99194,-79.99312,-79.99422,-79.99525,-79.996216,-79.99694,-79.99721,-79.99744,-79.99764,-79.99784,-79.99803,-79.99822,-79.998405,-79.99858,-79.99874,-79.9989,-79.99904,-79.999176,-79.9993,-79.9994,-79.9995,-79.99957,-79.99963,-79.999664
/Users/yunhwang/Desktop/Stethoscope_Project/Audio shared/Hospital sound_raw 60sec/WEBSS005_6/WEBSS-005 TP2_60sec.wav,WEBSS-005 TP2_60sec.wav,-28.050737,-33.31706,-36.633278,-36.4867,-35.461346,-35.442924,-38.51387,-41.96067,-43.711456,-44.491344,-45.19258,-46.775238,-50.089348,-52.905693,-55.100407,-57.393795,-58.903133,-60.400562,-61.852192,-64.91063,-66.64407,-67.55184,-68.235466,-68.84483,-69.48678,-70.252525,-70.91366,-72.03678,-73.851364,-75.93808,-77.34312,-77.950615,-78.31939,-78.551674,-79.246765,-79.97839,-79.98347,-79.98447,-79.98525,-79.98595,-79.98657,-79.98715,-79.987686,-79.988205,-79.9887,-79.989174,-79.989624,-79.99007,-79.990486,-79.9909,-79.99129,-79.99166,-79.99202,-79.99237,-79.9927,-79.993004,-79.993286,-79.99355,-79.993805,-79.99402,-79.9942,-79.994354,-79.99447,-79.994545
/Users/yunhwang/Desktop/Stethoscope_Project/Audio shared/Hospital sound_raw 60sec/WEBSS005_6/WEBSS-005 TP5_60sec.wav,WEBSS-005 TP5_60sec.wav,-17.67608,-20.471127,-18.37147,-20.79008,-24.767303,-26.718092,-27.505615,-29.568163,-34.037025,-35.861965,-37.169052,-39.382004,-42.17175,-45.493237,-48.526886,-51.620068,-53.26549,-54.447918,-56.252216,-57.19118,-58.850986,-59.575253,-60.361,-61.323868,-62.070778,-62.457996,-62.440403,-63.10169,-64.967735,-67.41319,-69.26188,-70.500336,-71.32218,-72.12074,-75.836105,-79.965904,-79.97199,-79.97385,-79.974815,-79.97565,-79.97638,-79.97705,-79.97768,-79.978264,-79.97881,-79.97934,-79.97984,-79.980316,-79.980774,-79.98122,-79.981636,-79.98204,-79.98243,-79.98278,-79.98313,-79.98346,-79.98376,-79.98404,-79.98429,-79.984505,-79.98471,-79.98486,-79.98499,-79.98506
/Users/yunhwang/Desktop/Stethoscope_Project/Audio shared/Hospital sound_raw 60sec/WEBSS005_6/WEBSS-005 TP3_60sec.wav,WEBSS-005 TP3_60sec.wav,-14.156648,-20.562906,-24.612823,-27.13497,-28.876513,-30.62388,-31.430618,-32.471943,-34.458405,-36.804047,-38.345684,-40.149963,-42.1328,-44.607685,-46.771114,-48.737972,-49.22448,-49.852905,-51.16143,-53.46258,-55.43973,-57.27153,-58.262337,-58.65372,-58.783474,-58.88517,-58.019524,-58.579475,-60.365364,-63.44607,-66.31518,-68.08469,-69.09406,-69.56317,-73.351265,-79.924675,-79.969215,-79.97137,-79.97305,-79.97434,-79.975,-79.97562,-79.97618,-79.97672,-79.977234,-79.97773,-79.978195,-79.978645,-79.97908,-79.97949,-79.9799,-79.980286,-79.98065,-79.981,-79.98134,-79.98165,-79.98194,-79.98221,-79.98246,-79.98267,-79.982864,-79.98302,-79.98313,-79.98321
/Users/yunhwang/Desktop/Stethoscope_Project/Audio shared/Hospital sound_raw 60sec/WEBSS004_5/WEBSS-004 TP3_60sec.wav,WEBSS-004 TP3_60sec.wav,-17.097462,-22.269732,-30.704092,-38.20668,-42.323006,-44.842743,-47.95613,-50.64565,-51.86436,-51.29309,-51.77038,-53.868546,-53.369404,-53.7993,-56.26221,-56.95049,-58.719868,-62.914318,-65.780685,-65.33853,-66.058174,-68.03052,-68.89268,-69.674034,-69.23423,-70.59232,-73.21074,-75.3343,-76.56195,-77.525,-77.77155,-78.45908,-78.84672,-79.03538,-79.56923,-79.97148,-79.985855,-79.987076,-79.98788,-79.98857,-79.98919,-79.98977,-79.99032,-79.99084,-79.99134,-79.991806,-79.99226,-79.99271,-79.99312,-79.99354,-79.99392,-79.9943,-79.99467,-79.995,-79.99534,-79.99564,-79.99593,-79.9962,-79.996445,-79.99666,-79.99682,-79.99689,-79.99695,-79.99699
/Users/yunhwang/Desktop/Stethoscope_Project/Audio shared/Hospital sound_raw 60sec/WEBSS004_5/WEBSS-004 TP5_60sec.wav,WEBSS-004 TP5_60sec.wav,-17.404783,-24.067064,-33.537907,-42.407104,-44.940132,-46.74116,-49.793785,-53.074047,-55.27167,-56.051674,-56.473305,-57.66787,-59.63308,-61.80003,-63.46052,-65.12721,-66.88599,-68.709206,-69.683685,-70.86257,-71.702644,-72.520004,-73.4382,-73.963005,-74.83519,-75.35773,-75.788864,-76.31013,-76.50097,-76.54271,-77.2189,-77.574974,-77.91505,-78.22563,-79.04599,-79.948494,-79.9544,-79.95767,-79.960236,-79.962456,-79.96442,-79.965935,-79.96705,-79.9681,-79.96909,-79.97003,-79.97093,-79.9718,-79.97231,-79.97273,-79.97312,-79.97351,-79.97388,-79.97422,-79.974556,-79.97486,-79.97517,-79.97543,-79.97567,-79.9759,-79.97608,-79.97623,-79.97635,-79.97643
/Users/yunhwang/Desktop/Stethoscope_Project/Audio shared/Hospital sound_raw 60sec/WEBSS004_5/WEBSS-004 TP2_60sec.wav,WEBSS-004 TP2_60sec.wav,-17.115604,-22.867159,-31.600874,-38.56117,-42.967033,-46.193047,-48.791656,-52.05159,-54.381363,-54.236263,-54.98431,-55.79566,-56.85664,-58.6566,-60.467247,-61.704575,-63.37983,-65.74434,-67.60898,-69.094574,-70.55849,-71.335884,-71.40443,-72.16713,-73.028244,-74.35013,-75.626236,-77.19023,-77.46492,-78.42145,-78.75464,-79.00087,-79.180954,-79.3252,-79.69566,-79.94377,-79.98051,-79.98156,-79.982376,-79.98311,-79.98375,-79.984344,-79.98491,-79.985435,-79.98594,-79.98643,-79.986885,-79.98732,-79.987755,-79.988174,-79.98856,-79.988945,-79.98931,-79.989655,-79.98999,-79.9903,-79.990585,-79.99086,-79.991104,-79.99132,-79.991516,-79.99166,-79.99178,-79.99185
/Users/yunhwang/Desktop/Stethoscope_Project/Audio shared/Hospital sound_raw 60sec/WEBSS004_5/WEBSS-004 TP4_60sec.wav,WEBSS-004 TP4_60sec.wav,-29.536608,-34.511456,-41.325024,-48.037365,-52.86702,-55.628162,-58.43161,-61.544464,-63.181744,-63.896355,-64.23803,-65.464516,-66.849625,-68.21623,-70.3331,-71.24921,-73.128296,-74.68837,-75.83577,-76.67404,-77.22648,-77.58474,-77.79556,-78.01374,-78.20937,-78.39602,-78.580025,-78.748764,-78.8987,-79.02952,-79.15649,-79.29344,-79.36585,-79.41686,-79.58764,-79.88905,-80.0,-80.0,-80.0,-80.0,-80.0,-80.0,-80.0,-80.0,-80.0,-80.0,-80.0,-80.0,-80.0,-80.0,-80.0,-80.0,-80.0,-80.0,-80.0,-80.0,-80.0,-80.0,-80.0,-80.0,-80.0,-80.0,-80.0,-80.0
/Users/yunhwang/Desktop/Stethoscope_Project/Audio shared/Hospital sound_raw 60sec/WEBSS004_5/WEBSS-004 TP1_60sec.wav,WEBSS-004 TP1_60sec.wav,-28.78416,-34.648212,-43.93213,-49.26055,-50.955715,-51.715965,-51.72871,-53.168194,-55.58157,-57.369106,-58.69734,-59.845802,-60.976604,-61.907692,-63.14269,-64.640335,-66.505516,-68.756615,-70.41831,-71.82988,-72.95038,-73.590965,-74.00318,-74.339226,-74.604004,-74.98511,-75.358116,-75.61862,-75.62134,-75.66385,-75.83956,-76.20079,-76.377174,-76.607315,-77.22178,-79.52356,-79.997734,-79.99907,-79.99948,-79.99985,-80.0,-80.0,-80.0,-80.0,-80.0,-80.0,-80.0,-80.0,-80.0,-80.0,-80.0,-80.0,-80.0,-80.0,-80.0,-80.0,-80.0,-80.0,-80.0,-80.0,-80.0,-80.0,-80.0,-80.0
